comparison_subset_id,extension_target,ring,sampling_site_label,sampling_location_specific,sampling_location_general,longitude_capture,latitude_capture,status,status_bin,status_rung2_3class,status_au_non_au,sex,tag_id_adjusted,migratory_status_comment,normalised_d13c_Breast,normalised_d13c_Primary,normalised_d15n_Breast,normalised_d15n_Primary,normalised_d2h_Breast,normalised_d2h_Primary,delta_d13c_breast_minus_primary,delta_d15n_breast_minus_primary,delta_d2h_breast_minus_primary,abs_delta_d13c,abs_delta_d15n,abs_delta_d2h,source_phenotype_row_ids,source_measurement_ids_Breast,source_measurement_ids_Primary,source_measurement_ids_model_Breast,source_measurement_ids_model_Primary
au_non_au_matched_paired_complete_cnh,AU_vs_non_AU,04258275,Te Anau,"Te Anau, Southland","South Island, New Zealand",167.744617,-45.414383,AU migrant,migrant,AU migrant,AU,M,NA,"Originally banded on King Island, Tasmania in 2010 as a first year",-24.7783096085409,-22.4357835112693,10.2217622885413,8.09220874561123,-0.561124353151239,-40.7046646902343,-2.3425260972716018,2.1295535429300685,40.14354033708307,2.3425260972716018,2.1295535429300685,40.14354033708307,live_pheno_001|live_pheno_018,live_measurement_0001|live_measurement_0002|live_measurement_0317,live_measurement_0003|live_measurement_0004|live_measurement_0318,live_measurement_0001|live_measurement_0002|live_measurement_0317,live_measurement_0003|live_measurement_0004|live_measurement_0318
au_non_au_matched_paired_complete_cnh,AU_vs_non_AU,CP16140,Kaikoura,"Kaikoura, Canterbury","South Island, New Zealand",173.667221,-42.413402,NI migrant,migrant,NZ migrant,non_AU,F,NA,"Resighting at Whangaehu river mouth, North Island on May 16",-21.5316150652432,-17.7990321365754,10.2436446696457,15.3931344565886,-24.6651858347084,-9.62004772430199,-3.732582928667803,-5.149489786942899,-15.045138110406409,3.732582928667803,5.149489786942899,15.045138110406409,live_pheno_035|live_pheno_042,live_measurement_0005|live_measurement_0006|live_measurement_0319,live_measurement_0007|live_measurement_0008|live_measurement_0320,live_measurement_0005|live_measurement_0006|live_measurement_0319,live_measurement_0007|live_measurement_0008|live_measurement_0320
au_non_au_matched_paired_complete_cnh,AU_vs_non_AU,CP16409,Kaitorete,"Kaitorete Spit, Canterbury","South Island, New Zealand",172.431853,-43.845691,resident,resident,resident,non_AU,F,266440,PTT revealed that the bird remained at the tip of Kaitorete Spit the full year,-22.3942241992883,-21.9745952015128,12.7790169166933,12.944080586374,-1.51704385612866,-12.8015294537538,-0.4196289977755008,-0.1650636696807002,11.284485597625139,0.4196289977755008,0.1650636696807002,11.284485597625139,live_pheno_069|live_pheno_091,live_measurement_0009|live_measurement_0010|live_measurement_0321,live_measurement_0011|live_measurement_0012|live_measurement_0322,live_measurement_0009|live_measurement_0010|live_measurement_0321,live_measurement_0011|live_measurement_0012|live_measurement_0322
au_non_au_matched_paired_complete_cnh,AU_vs_non_AU,CP16446,Kaitorete,"Kaitorete Spit, Canterbury","South Island, New Zealand",172.397899,-43.851742,AU migrant,migrant,AU migrant,AU,M,0A96,"GPS tag and local resighting confirmed overwintering at South Arm (near Hobart), Tasmania",-15.4022577127146,-20.6758279163219,11.2253930192501,14.0444474706613,-13.4623786355737,-19.1182563273475,5.273570203607299,-2.8190544514111995,5.655877691773799,5.273570203607299,2.8190544514111995,5.655877691773799,live_pheno_002|live_pheno_019,live_measurement_0013|live_measurement_0015|live_measurement_0014|live_measurement_0018|live_measurement_0323,live_measurement_0019|live_measurement_0020|live_measurement_0324,live_measurement_0013|live_measurement_0015|live_measurement_0014|live_measurement_0018|live_measurement_0323,live_measurement_0019|live_measurement_0020|live_measurement_0324
au_non_au_matched_paired_complete_cnh,AU_vs_non_AU,CP16461,Kaikoura,"Kaikoura, Canterbury","South Island, New Zealand",173.681777,-42.390193,resident,resident,resident,non_AU,M,NA,Ailsa observation April 14,-24.2775705812574,-14.485979789623,9.53644589849984,11.6689730444186,-0.399887446027748,-14.8135063992905,-9.7915907916344,-2.1325271459187594,14.413618953262752,9.7915907916344,2.1325271459187594,14.413618953262752,live_pheno_070|live_pheno_092,live_measurement_0021|live_measurement_0022|live_measurement_0325|live_measurement_0326,live_measurement_0023|live_measurement_0024|live_measurement_0327,live_measurement_0021|live_measurement_0022|live_measurement_0325|live_measurement_0326,live_measurement_0023|live_measurement_0024|live_measurement_0327
au_non_au_matched_paired_complete_cnh,AU_vs_non_AU,CP16470,Kaikoura,"Kaikoura, Canterbury","South Island, New Zealand",173.663729,-42.413163,resident,resident,resident,non_AU,M,NA,Ailsa observation April 22,-20.1855223087705,-14.5829328684553,11.8090707413693,14.7703700885168,1.16765672660225,-17.3986273095807,-5.602589440315201,-2.9612993471475004,18.56628403618295,5.602589440315201,2.9612993471475004,18.56628403618295,live_pheno_071|live_pheno_093,live_measurement_0025|live_measurement_0027|live_measurement_0026|live_measurement_0028|live_measurement_0328,live_measurement_0029|live_measurement_0030|live_measurement_0329,live_measurement_0025|live_measurement_0027|live_measurement_0026|live_measurement_0028|live_measurement_0328,live_measurement_0029|live_measurement_0030|live_measurement_0329
au_non_au_matched_paired_complete_cnh,AU_vs_non_AU,CP16501,Motueka Spit,"Motueka Spit, Tasman Bay","South Island, New Zealand",173.031797,-41.120263,resident,resident,resident,non_AU,M,266467,PTT revealed that the bird remained at Motueka Spit the full year,-14.3823997627521,-14.7425014773667,13.3340336737951,11.7608367044499,-15.2430603892517,-11.9011912315008,0.3601017146146006,1.573196969345199,-3.3418691577508994,0.3601017146146006,1.573196969345199,3.3418691577508994,live_pheno_072|live_pheno_094,live_measurement_0031|live_measurement_0032|live_measurement_0330,live_measurement_0033|live_measurement_0034|live_measurement_0331,live_measurement_0031|live_measurement_0032|live_measurement_0330,live_measurement_0033|live_measurement_0034|live_measurement_0331
au_non_au_matched_paired_complete_cnh,AU_vs_non_AU,CP16507,Kaitorete,"Kaitorete Spit, Canterbury","South Island, New Zealand",172.601856,-43.830575,resident,resident,resident,non_AU,F,0AA1,the lightlogger on the GPS tag revealed that the bird remained at Lake Ellesmere over the winter,-23.0949341161739,-22.3483351915414,12.4186358248271,13.3089619458985,6.70008281067213,-26.4523764524518,-0.7465989246325009,-0.8903261210714,33.15245926312393,0.7465989246325009,0.8903261210714,33.15245926312393,live_pheno_073|live_pheno_095,live_measurement_0035|live_measurement_0036|live_measurement_0332,live_measurement_0037|live_measurement_0038|live_measurement_0333,live_measurement_0035|live_measurement_0036|live_measurement_0332,live_measurement_0037|live_measurement_0038|live_measurement_0333
au_non_au_matched_paired_complete_cnh,AU_vs_non_AU,CP16529,Cass River,"Cass River, Canterbury","South Island, New Zealand",170.48481,-43.880201,AU migrant,migrant,AU migrant,AU,F,NA,"Resighting at Shoalhaven Heads, New South Wales on February 27",-15.7312208958752,-23.0117911594374,14.3719613890335,7.4861809588657,-32.6667027189227,-55.5965207215819,7.2805702635622005,6.8857804301678,22.929818002659204,7.2805702635622005,6.8857804301678,22.929818002659204,live_pheno_003|live_pheno_020,live_measurement_0039|live_measurement_0040|live_measurement_0334,live_measurement_0041|live_measurement_0042|live_measurement_0335,live_measurement_0039|live_measurement_0040|live_measurement_0334,live_measurement_0041|live_measurement_0042|live_measurement_0335
au_non_au_matched_paired_complete_cnh,AU_vs_non_AU,CP16533,Tasman River,"Tasman River, Mt. Cook National Park","South Island, New Zealand",170.143316,-43.733096,AU migrant,migrant,AU migrant,AU,F,266448,"PTT revealed this bird attempting trans-Tasman migration twice (departures: March 12 and March 24), with the 2nd attempt failing",-24.042665172555,-23.7924654296182,10.4110709464009,3.44517843553491,-13.2879079780336,-20.9252310028528,-0.25019974293680036,6.96589251086599,7.637323024819201,0.25019974293680036,6.96589251086599,7.637323024819201,live_pheno_004|live_pheno_021,live_measurement_0043|live_measurement_0045|live_measurement_0044|live_measurement_0046|live_measurement_0336,live_measurement_0047|live_measurement_0048|live_measurement_0337,live_measurement_0043|live_measurement_0045|live_measurement_0044|live_measurement_0046|live_measurement_0336,live_measurement_0047|live_measurement_0048|live_measurement_0337
au_non_au_matched_paired_complete_cnh,AU_vs_non_AU,CP16534,Tasman River,"Tasman River, Mt. Cook National Park","South Island, New Zealand",170.145302,-43.731722,AU migrant,migrant,AU migrant,AU,M,266373,"PTT revealed this bird migrating to the mouth of the Snowy River, Victoria (arrival: April 3)",-10.2603025349417,-22.870401252807,10.5236576148647,3.09469860215485,7.67023696197101,-9.4040104342173,12.6100987178653,7.42895901270985,17.07424739618831,12.6100987178653,7.42895901270985,17.07424739618831,live_pheno_005|live_pheno_022,live_measurement_0049|live_measurement_0050|live_measurement_0338,live_measurement_0051|live_measurement_0052|live_measurement_0339,live_measurement_0049|live_measurement_0050|live_measurement_0338,live_measurement_0051|live_measurement_0052|live_measurement_0339
au_non_au_matched_paired_complete_cnh,AU_vs_non_AU,CP16536,Tasman River,"Tasman River, Mt. Cook National Park","South Island, New Zealand",170.144062,-43.736643,SI migrant,migrant,NZ migrant,non_AU,M,266428,"PTT revealed this bird wintering at Farewell Spit (arrival: Jan 2, departure: Sep 2)",-15.617931624941,-22.758509972868598,13.6422268824368,5.76142460136077,3.72524978572474,-26.5260048101734,7.1405783479275975,7.88080228107603,30.25125459589814,7.1405783479275975,7.88080228107603,30.25125459589814,live_pheno_049|live_pheno_059,live_measurement_0053|live_measurement_0054|live_measurement_0340,live_measurement_0055|live_measurement_0056|live_measurement_0341,live_measurement_0053|live_measurement_0054|live_measurement_0340,live_measurement_0055|live_measurement_0056|live_measurement_0341
au_non_au_matched_paired_complete_cnh,AU_vs_non_AU,CP16543,Motueka Spit,"Motueka Spit, Tasman Bay","South Island, New Zealand",173.033468,-41.123473,resident,resident,resident,non_AU,F,266466,PTT revealed that the bird remained at Motueka Spit the full year (except for a brief 2 day foray to Takaka in mid-December),-14.0446412953552,-16.2882895810577,12.7463740136981,11.6899878349192,-23.3261466074447,-14.9772993932422,2.2436482857025,1.056386178778899,-8.348847214202499,2.2436482857025,1.056386178778899,8.348847214202499,live_pheno_074|live_pheno_096,live_measurement_0057|live_measurement_0058|live_measurement_0342,live_measurement_0059|live_measurement_0061|live_measurement_0060|live_measurement_0062|live_measurement_0343,live_measurement_0057|live_measurement_0058|live_measurement_0342,live_measurement_0059|live_measurement_0061|live_measurement_0060|live_measurement_0062|live_measurement_0343
au_non_au_matched_paired_complete_cnh,AU_vs_non_AU,CP16609,Kaikoura,"Kaikoura, Canterbury","South Island, New Zealand",173.667221,-42.413402,SI migrant,migrant,NZ migrant,non_AU,F,NA,PTT during ethics trial revealed this bird moving to the Rakaia River in early March,-22.738304318616,-17.9500325020683,12.0726227186834,14.3180414146674,-5.07977238638779,-15.1206473447666,-4.788271816547699,-2.245418695984,10.040874958378808,4.788271816547699,2.245418695984,10.040874958378808,live_pheno_050|live_pheno_060,live_measurement_0063|live_measurement_0064|live_measurement_0344,live_measurement_0065|live_measurement_0066|live_measurement_0345,live_measurement_0063|live_measurement_0064|live_measurement_0344,live_measurement_0065|live_measurement_0066|live_measurement_0345
au_non_au_matched_paired_complete_cnh,AU_vs_non_AU,CP16627,Kaitorete,"Kaitorete Spit, Canterbury","South Island, New Zealand",172.684973,-43.82787,resident,resident,resident,non_AU,M,266390,PTT revealed that the bird remained near Birdlings Flat and Kaituna Lagoon the full year,-21.2924562087123,-22.8453942861546,13.9967809700958,13.7672775514046,-5.7186438009701,-28.9909425095605,1.5529380774423025,0.22950341869120017,23.2722987085904,1.5529380774423025,0.22950341869120017,23.2722987085904,live_pheno_075|live_pheno_097,live_measurement_0067|live_measurement_0069|live_measurement_0068|live_measurement_0070|live_measurement_0346,live_measurement_0071|live_measurement_0072|live_measurement_0347,live_measurement_0067|live_measurement_0069|live_measurement_0068|live_measurement_0070|live_measurement_0346,live_measurement_0071|live_measurement_0072|live_measurement_0347
au_non_au_matched_paired_complete_cnh,AU_vs_non_AU,CP16628,Kaitorete,"Kaitorete Spit, Canterbury","South Island, New Zealand",172.684973,-43.82787,resident,resident,resident,non_AU,F,266391,PTT revealed that the bird remained near Birdlings Flat and Lake Ellesmere the full year,-21.5199033671861,-21.9624071953173,14.3500364670151,12.0169773361164,5.94469526556098,-56.804534571677,0.44250382813120126,2.3330591308987003,62.74922983723798,0.44250382813120126,2.3330591308987003,62.74922983723798,live_pheno_076|live_pheno_098,live_measurement_0073|live_measurement_0074|live_measurement_0348,live_measurement_0075|live_measurement_0076|live_measurement_0349,live_measurement_0073|live_measurement_0074|live_measurement_0348,live_measurement_0075|live_measurement_0076|live_measurement_0349
au_non_au_matched_paired_complete_cnh,AU_vs_non_AU,CP16641,Porters Beach,"Porters Beach, Abel Tasman National Park","South Island, New Zealand",173.011986,-40.992659,SI migrant,migrant,NZ migrant,non_AU,M,266436,PTT revealed that the bird wintered on the mudflats near the Nelson Haven and Boulder Bank (from mid-April to mid-July),-12.6632633451957,-15.5855925266904,14.7772761729971,11.5715073412065,-9.2631726432784,-22.4537738744252,2.9223291814946997,3.2057688317906,13.190601231146799,2.9223291814946997,3.2057688317906,13.190601231146799,live_pheno_051|live_pheno_061,live_measurement_0079|live_measurement_0080|live_measurement_0350,live_measurement_0077|live_measurement_0078|live_measurement_0351,live_measurement_0079|live_measurement_0080|live_measurement_0350,live_measurement_0077|live_measurement_0078|live_measurement_0351
au_non_au_matched_paired_complete_cnh,AU_vs_non_AU,CP16642,Kaitorete,"Kaitorete Spit, Canterbury","South Island, New Zealand",172.67954,-43.826875,AU migrant,migrant,AU migrant,AU,F,266383,"PTT revealed this bird attempting trans-Tasman migration (departure: May 5), but failing",-17.8242892043911,-18.9598469733855,11.7215509413972,12.6634755081217,-14.505831756736,-48.5840547669316,1.1355577689943992,-0.9419245667244986,34.0782230101956,1.1355577689943992,0.9419245667244986,34.0782230101956,live_pheno_006|live_pheno_023,live_measurement_0081|live_measurement_0082|live_measurement_0352,live_measurement_0083|live_measurement_0084|live_measurement_0353,live_measurement_0081|live_measurement_0082|live_measurement_0352,live_measurement_0083|live_measurement_0084|live_measurement_0353
au_non_au_matched_paired_complete_cnh,AU_vs_non_AU,CP16643,Kaitorete,"Kaitorete Spit, Canterbury","South Island, New Zealand",172.67954,-43.826875,AU migrant,migrant,AU migrant,AU,M,266405,"PTT revealed this bird attempting trans-Tasman migration (departure: May 5), but failing",-24.2527181048461,-22.4837130750336,8.30492445178543,12.6978744718904,-15.8921260286888,-20.9039469363686,-1.7690050298125009,-4.392950020104969,5.011820907679802,1.7690050298125009,4.392950020104969,5.011820907679802,live_pheno_007|live_pheno_024,live_measurement_0085|live_measurement_0086|live_measurement_0354|live_measurement_0355,live_measurement_0087|live_measurement_0088|live_measurement_0356,live_measurement_0085|live_measurement_0086|live_measurement_0354|live_measurement_0355,live_measurement_0087|live_measurement_0088|live_measurement_0356
au_non_au_matched_paired_complete_cnh,AU_vs_non_AU,CP16652,Motueka Spit,"Motueka Spit, Tasman Bay","South Island, New Zealand",173.031797,-41.120263,resident,resident,resident,non_AU,F,266404,PTT revealed that the bird remained at Motueka Spit the full year,-14.09959371293,-16.4512425860024,13.3877449728695,12.6914873922758,-20.2381498006621,-19.3505563426234,2.351648873072401,0.6962575805937004,-0.887593458038701,2.351648873072401,0.6962575805937004,0.887593458038701,live_pheno_077|live_pheno_099,live_measurement_0089|live_measurement_0090|live_measurement_0357,live_measurement_0091|live_measurement_0092|live_measurement_0358,live_measurement_0089|live_measurement_0090|live_measurement_0357,live_measurement_0091|live_measurement_0092|live_measurement_0358
au_non_au_matched_paired_complete_cnh,AU_vs_non_AU,CP16655,Tasman River,"Tasman River, Mt. Cook National Park","South Island, New Zealand",170.144062,-43.736643,AU migrant,migrant,AU migrant,AU,F,266382,"PTT revealed this bird migrating to Cape Barren Island, Tasmania (arrival: March 20)",-24.7559366505141,-22.3998596098855,7.8216830215885,4.15782584920362,4.85116659614611,-21.2491403372569,-2.356077040628602,3.66385717238488,26.10030693340301,2.356077040628602,3.66385717238488,26.10030693340301,live_pheno_008|live_pheno_025,live_measurement_0093|live_measurement_0094|live_measurement_0359,live_measurement_0095|live_measurement_0096|live_measurement_0360,live_measurement_0093|live_measurement_0094|live_measurement_0359,live_measurement_0095|live_measurement_0096|live_measurement_0360
au_non_au_matched_paired_complete_cnh,AU_vs_non_AU,CP16656,Tasman River,"Tasman River, Mt. Cook National Park","South Island, New Zealand",170.146122,-43.727942,AU migrant,migrant,AU migrant,AU,M,266418,"PTT revealed this bird migrating to Lake Gellie and Lake Corongamite, inland Victoria (arrival: April 27, departure: June 22)",-21.9086897983393,-23.5834103533861,12.5950059846792,3.88752192894621,14.2174683824138,-17.702594540272,1.6747205550468003,8.70748405573299,31.9200629226858,1.6747205550468003,8.70748405573299,31.9200629226858,live_pheno_009|live_pheno_026,live_measurement_0097|live_measurement_0098|live_measurement_0361,live_measurement_0099|live_measurement_0100|live_measurement_0362,live_measurement_0097|live_measurement_0098|live_measurement_0361,live_measurement_0099|live_measurement_0100|live_measurement_0362
au_non_au_matched_paired_complete_cnh,AU_vs_non_AU,CP16667,Pisa Range,"Pisa Range, Otago","South Island, New Zealand",169.161329995841,-44.8660619650036,AU migrant,migrant,AU migrant,AU,M,266470_B,"PTT revealed this bird migrating to Corner Inlet, Victoria (arrival: May 21, departure: Sep 14)",-16.9847442701969,-22.8979289872113,9.53620500785815,6.43119266062136,-7.09243244003951,-48.4333430876636,5.913184717014403,3.1050123472367908,41.34091064762409,5.913184717014403,3.1050123472367908,41.34091064762409,live_pheno_010|live_pheno_027,live_measurement_0101|live_measurement_0102|live_measurement_0363,live_measurement_0103|live_measurement_0104|live_measurement_0364,live_measurement_0101|live_measurement_0102|live_measurement_0363,live_measurement_0103|live_measurement_0104|live_measurement_0364
au_non_au_matched_paired_complete_cnh,AU_vs_non_AU,CP16693,Kaitorete,"Kaitorete Spit, Canterbury","South Island, New Zealand",172.608074,-43.830353,SI migrant,migrant,NZ migrant,non_AU,F,266394,"PTT revealed that the bird left the breeding grounds at Birdlings Flat in late October and went to the agricultural fields near the Rakaia River where it stayed until July, when it returned to Birdling's Flat",-23.9903077104457,-23.5712912185321,10.3932300598609,9.98347458645412,-26.71935198726,-14.9088613419557,-0.4190164919135988,0.4097554734067792,-11.810490645304302,0.4190164919135988,0.4097554734067792,11.810490645304302,live_pheno_052|live_pheno_062,live_measurement_0133|live_measurement_0135|live_measurement_0134|live_measurement_0136|live_measurement_0379,live_measurement_0137|live_measurement_0138|live_measurement_0380,live_measurement_0135|live_measurement_0136|live_measurement_0379,live_measurement_0137|live_measurement_0138|live_measurement_0380
au_non_au_matched_paired_complete_cnh,AU_vs_non_AU,CP16784,Tiwai Point,"Tiwai Point, Canterbury","South Island, New Zealand",168.433454,-46.606459,resident,resident,resident,non_AU,F,266454,PTT revealed that the bird moved to Waipapa Point for two weeks (Nov 13 to Dec 1) before returning to Tiwai Point / Awarua Bay for the remainder of the year,-17.7753149745893,-20.600078291815,12.4697845155605,10.0258155122885,5.41951563916892,-14.6065660589455,2.824763317225699,2.4439690032720005,20.02608169811442,2.824763317225699,2.4439690032720005,20.02608169811442,live_pheno_078|live_pheno_100,live_measurement_0139|live_measurement_0140|live_measurement_0381,live_measurement_0141|live_measurement_0142|live_measurement_0382,live_measurement_0139|live_measurement_0140|live_measurement_0381,live_measurement_0141|live_measurement_0142|live_measurement_0382
au_non_au_matched_paired_complete_cnh,AU_vs_non_AU,CP16815,Tasman River,"Tasman River, Mt. Cook National Park","South Island, New Zealand",170.143369,-43.736814,AU migrant,migrant,AU migrant,AU,M,266412,"PTT revealed this bird migrating to the mouth of the Manning River, New South Wales (arrival: May 29) - after breeding season it staged at the Clutha River Mouth April 23 to May 20.",-11.5019399887621,-22.1190010157748,10.336486782594,3.38283743018004,1.61521541282142,-29.146229421724,10.6170610270127,6.95364935241396,30.761444834545422,10.6170610270127,6.95364935241396,30.761444834545422,live_pheno_011|live_pheno_028,live_measurement_0143|live_measurement_0144|live_measurement_0383,live_measurement_0145|live_measurement_0146|live_measurement_0384,live_measurement_0143|live_measurement_0144|live_measurement_0383,live_measurement_0145|live_measurement_0146|live_measurement_0384
au_non_au_matched_paired_complete_cnh,AU_vs_non_AU,CP16906,Kaikoura,"Kaikoura, Canterbury","South Island, New Zealand",173.681912,-42.392022,resident,resident,resident,non_AU,F,NA,Ailsa observation,-16.5028394162731,-13.6498010358103,13.1400023297407,15.259585538427901,0.256205020893907,-13.6066491723206,-2.8530383804628006,-2.1195832086872013,13.862854193214506,2.8530383804628006,2.1195832086872013,13.862854193214506,live_pheno_079|live_pheno_101,live_measurement_0147|live_measurement_0148|live_measurement_0385,live_measurement_0149|live_measurement_0150|live_measurement_0386,live_measurement_0147|live_measurement_0148|live_measurement_0385,live_measurement_0149|live_measurement_0150|live_measurement_0386
au_non_au_matched_paired_complete_cnh,AU_vs_non_AU,CP16938,Rangipo Desert,"Rangipo Desert, Tongariro National Park","South Island, New Zealand",175.727142,-39.291327,NI migrant,migrant,NZ migrant,non_AU,M,NA,"Resighting at Omaha Spit, North Island on March 15",-11.7732858837485,-24.5751595556081,13.0505573731248,4.03031000921216,5.92872165565658,-15.7371655440715,12.8018736718596,9.02024736391264,21.66588719972808,12.8018736718596,9.02024736391264,21.66588719972808,live_pheno_036|live_pheno_043,live_measurement_0151|live_measurement_0152|live_measurement_0387,live_measurement_0153|live_measurement_0154|live_measurement_0388,live_measurement_0151|live_measurement_0152|live_measurement_0387,live_measurement_0153|live_measurement_0154|live_measurement_0388
au_non_au_matched_paired_complete_cnh,AU_vs_non_AU,CP16945,Rangipo Desert,"Rangipo Desert, Tongariro National Park","South Island, New Zealand",175.702629005536,-39.379794029519,NI migrant,migrant,NZ migrant,non_AU,M,NA,"Resighting at Omaha Spit, North Island on Jan 12",-11.7238269708072,-24.6080177935943,13.2076893499419,4.96402290137249,6.53339665206986,-16.5460744738314,12.8841908227871,8.24366644856941,23.07947112590126,12.8841908227871,8.24366644856941,23.07947112590126,live_pheno_037|live_pheno_044,live_measurement_0155|live_measurement_0156|live_measurement_0389,live_measurement_0157|live_measurement_0158|live_measurement_0390,live_measurement_0155|live_measurement_0156|live_measurement_0389,live_measurement_0157|live_measurement_0158|live_measurement_0390
au_non_au_matched_paired_complete_cnh,AU_vs_non_AU,CP16953,Rangipo Desert,"Rangipo Desert, Tongariro National Park","South Island, New Zealand",175.700161037967,-39.3611319735646,NI migrant,migrant,NZ migrant,non_AU,M,NA,"Resighting at Karaka, North Island on July 20",-11.1905850372296,-24.7953238387897,18.6186586293908,6.09923939600272,3.99308970394748,-22.6027586527885,13.6047388015601,12.519419233388081,26.595848356735978,13.6047388015601,12.519419233388081,26.595848356735978,live_pheno_038|live_pheno_045,live_measurement_0159|live_measurement_0160|live_measurement_0391,live_measurement_0161|live_measurement_0162|live_measurement_0392,live_measurement_0159|live_measurement_0160|live_measurement_0391,live_measurement_0161|live_measurement_0162|live_measurement_0392
au_non_au_matched_paired_complete_cnh,AU_vs_non_AU,CP16958,Napier,"Napier, Hawkes Bay","South Island, New Zealand",176.92653497681,-39.5726949814707,NI migrant,migrant,NZ migrant,non_AU,F,NA,"Resighting at Miranda, North Island on May 17",-15.333309301501,-23.3505356424689,15.8617503104097,12.5582551483587,-19.3472246308733,-35.7726947877325,8.017226340967898,3.303495162051,16.4254701568592,8.017226340967898,3.303495162051,16.4254701568592,live_pheno_039|live_pheno_046,live_measurement_0163|live_measurement_0164|live_measurement_0393,live_measurement_0165|live_measurement_0166|live_measurement_0394,live_measurement_0163|live_measurement_0164|live_measurement_0393,live_measurement_0165|live_measurement_0166|live_measurement_0394
au_non_au_matched_paired_complete_cnh,AU_vs_non_AU,CP16990,Napier,"Napier, Hawkes Bay","South Island, New Zealand",176.930825,-39.575394,NI migrant,migrant,NZ migrant,non_AU,M,NA,"Resighting at Kaipara Harbour, North Island on Feb 24",-12.5570174920222,-21.3171321356814,13.8936712460448,11.1108014579245,-3.16996835110101,-11.1621856176019,8.7601146436592,2.7828697881202995,7.992217266500889,8.7601146436592,2.7828697881202995,7.992217266500889,live_pheno_040|live_pheno_047,live_measurement_0177|live_measurement_0178|live_measurement_0399,live_measurement_0179|live_measurement_0180|live_measurement_0400,live_measurement_0177|live_measurement_0178|live_measurement_0399,live_measurement_0179|live_measurement_0180|live_measurement_0400
au_non_au_matched_paired_complete_cnh,AU_vs_non_AU,CP17010,Tiwai Point,"Tiwai Point, Canterbury","South Island, New Zealand",168.425144,-46.604315,resident,resident,resident,non_AU,M,266397,PTT revealed that the bird remained at the Awarua Bay / Tiwai Point the full year,-20.7990391206713,-23.6830423249234,8.32593463371651,6.26209391684193,-10.8621226749196,-12.0894925276413,2.8840032042520996,2.063840716874581,1.227369852721699,2.8840032042520996,2.063840716874581,1.227369852721699,live_pheno_080|live_pheno_102,live_measurement_0181|live_measurement_0182|live_measurement_0401,live_measurement_0183|live_measurement_0185|live_measurement_0184|live_measurement_0186|live_measurement_0402,live_measurement_0181|live_measurement_0182|live_measurement_0401,live_measurement_0185|live_measurement_0186|live_measurement_0402
au_non_au_matched_paired_complete_cnh,AU_vs_non_AU,CP17011,Tiwai Point,"Tiwai Point, Canterbury","South Island, New Zealand",168.425144,-46.604315,SI migrant,migrant,NZ migrant,non_AU,F,266413,"PTT revealed that the bird left the breeding grounds at Tiwai Point in early Dec and went to Toetoe Harbour near the Mataura River Mouth where it stayed until June, when it returned to Tiwai Point / Awarua Bay",-16.8007345467439,-22.5847413462965,13.2755885769215,7.86987873353459,-13.8562071586242,-25.8318358866134,5.7840067995526,5.4057098433869095,11.975628727989202,5.7840067995526,5.4057098433869095,11.975628727989202,live_pheno_053|live_pheno_063,live_measurement_0187|live_measurement_0188|live_measurement_0403,live_measurement_0189|live_measurement_0190|live_measurement_0404,live_measurement_0187|live_measurement_0188|live_measurement_0403,live_measurement_0189|live_measurement_0190|live_measurement_0404
au_non_au_matched_paired_complete_cnh,AU_vs_non_AU,CP19311,Tasman River,"Tasman River, Mt. Cook National Park","South Island, New Zealand",170.146284,-43.725414,SI migrant,migrant,NZ migrant,non_AU,M,266375,"PTT revealed that the bird left the breeding grounds at Tasman Valley and flew to the Hunter River Mouth (Lake Hawea) in mid-Feb and wintered there until early Aug before returning to the Tasman Valley (Glentanner to stage for a couple weeks, then to breeding site)",-22.5401886120996,-23.2344802623803,8.16879707947654,5.47167080546321,-67.5925063450784,-30.7820163099934,0.6942916502807002,2.69712627401333,-36.81049003508501,0.6942916502807002,2.69712627401333,36.81049003508501,live_pheno_054|live_pheno_064,live_measurement_0199|live_measurement_0200|live_measurement_0409,live_measurement_0201|live_measurement_0203|live_measurement_0202|live_measurement_0204|live_measurement_0410,live_measurement_0199|live_measurement_0200|live_measurement_0409,live_measurement_0201|live_measurement_0203|live_measurement_0202|live_measurement_0204|live_measurement_0410
au_non_au_matched_paired_complete_cnh,AU_vs_non_AU,CP19312,Tasman River,"Tasman River, Mt. Cook National Park","South Island, New Zealand",170.145122,-43.729755,AU migrant,migrant,AU migrant,AU,F,266441,"PTT revealed this bird migrating to west of Lake Martin, inland Victoria (arrival: July 2) BUT left Tasman Valley breeding grounds in early Dec to stay at Awarua Bay until mid May when it flew to AU",-20.1365264153173,-22.7393146013286,15.7489177714583,7.50565441127808,-5.76406501795435,-6.65958180830863,2.6027881860113027,8.24326336018022,0.8955167903542804,2.6027881860113027,8.24326336018022,0.8955167903542804,live_pheno_012|live_pheno_029,live_measurement_0205|live_measurement_0206|live_measurement_0411,live_measurement_0207|live_measurement_0208|live_measurement_0412,live_measurement_0205|live_measurement_0206|live_measurement_0411,live_measurement_0207|live_measurement_0208|live_measurement_0412
au_non_au_matched_paired_complete_cnh,AU_vs_non_AU,CP19314,Tasman River,"Tasman River, Mt. Cook National Park","South Island, New Zealand",170.144119,-43.736765,AU migrant,migrant,AU migrant,AU,M,266442,"PTT revealed this bird migrating to the Great Musselroe River, Inland NE Tasmania (arrival: April 24)",-20.9353793877792,-22.7451701926486,9.11276685224496,3.88852044699003,-4.50714443967175,-21.4992239248411,1.809790804869401,5.224246405254929,16.99207948516935,1.809790804869401,5.224246405254929,16.99207948516935,live_pheno_013|live_pheno_030,live_measurement_0209|live_measurement_0210|live_measurement_0413,live_measurement_0211|live_measurement_0212|live_measurement_0414,live_measurement_0209|live_measurement_0210|live_measurement_0413,live_measurement_0211|live_measurement_0212|live_measurement_0414
au_non_au_matched_paired_complete_cnh,AU_vs_non_AU,CP19327,Porters Beach,"Porters Beach, Abel Tasman National Park","South Island, New Zealand",173.011575,-40.993306,SI migrant,migrant,NZ migrant,non_AU,M,266421,PTT revealed that the bird left the breeding grounds at Porter's Beach in late February and wintered at the Waimea Inlet until early August,-14.7462971530249,-14.4092252688807,14.2859172518353,10.132253774983,-10.4885647577129,-23.2736295650277,-0.33707188414419953,4.1536634768523,12.7850648073148,0.33707188414419953,4.1536634768523,12.7850648073148,live_pheno_055|live_pheno_065,live_measurement_0213|live_measurement_0214|live_measurement_0415,live_measurement_0215|live_measurement_0216|live_measurement_0416,live_measurement_0213|live_measurement_0214|live_measurement_0415,live_measurement_0215|live_measurement_0216|live_measurement_0416
au_non_au_matched_paired_complete_cnh,AU_vs_non_AU,CP19340,Tasman River,"Tasman River, Mt. Cook National Park","South Island, New Zealand",170.14463,-43.734073,AU migrant,migrant,AU migrant,AU,M,266393,"PTT revealed this bird migrating to coastal Victoria near Lake Wellington (arrival: late March), but PTT stopped transmitting right before arrival",-23.1370222195958,-24.1378607729583,12.2141638963432,3.1426274682581,3.25806710111963,-26.5785510156445,1.0008385533625024,9.0715364280851,29.83661811676413,1.0008385533625024,9.0715364280851,29.83661811676413,live_pheno_014|live_pheno_031,live_measurement_0217|live_measurement_0218|live_measurement_0417,live_measurement_0219|live_measurement_0220|live_measurement_0418,live_measurement_0217|live_measurement_0218|live_measurement_0417,live_measurement_0219|live_measurement_0220|live_measurement_0418
au_non_au_matched_paired_complete_cnh,AU_vs_non_AU,CP19346,Kaitorete,"Kaitorete Spit, Canterbury","South Island, New Zealand",172.431853,-43.845691,resident,resident,resident,non_AU,M,266459,PTT revealed that the bird remained at Lake Ellesmere / Kaitorete Spit the full year,-23.6106784068077,-21.4089644128114,11.4762590619618,13.9745906479413,-11.4546469831619,-10.5715366479889,-2.2017139939963,-2.4983315859795,-0.8831103351730007,2.2017139939963,2.4983315859795,0.8831103351730007,live_pheno_081|live_pheno_103,live_measurement_0221|live_measurement_0222|live_measurement_0419,live_measurement_0223|live_measurement_0224|live_measurement_0420,live_measurement_0221|live_measurement_0222|live_measurement_0419,live_measurement_0223|live_measurement_0224|live_measurement_0420
au_non_au_matched_paired_complete_cnh,AU_vs_non_AU,CP19350,Kaitorete,"Kaitorete Spit, Canterbury","South Island, New Zealand",172.591216,-43.832075,SI migrant,migrant,NZ migrant,non_AU,F,266387,"PTT revealed that the bird left the breeding grounds at Birdlings Flat in early May and went to the agricultural fields near the Rakaia River where it stayed until late July, when it returned to Birdling's Flat",-22.9932864768683,-20.4117485454833,10.2356874401532,15.2903010272083,-14.5679577035717,-4.90486384322455,-2.581537931385,-5.054613587055101,-9.66309386034715,2.581537931385,5.054613587055101,9.66309386034715,live_pheno_056|live_pheno_066,live_measurement_0225|live_measurement_0226|live_measurement_0421,live_measurement_0227|live_measurement_0229|live_measurement_0228|live_measurement_0230|live_measurement_0422,live_measurement_0225|live_measurement_0226|live_measurement_0421,live_measurement_0227|live_measurement_0229|live_measurement_0228|live_measurement_0230|live_measurement_0422
au_non_au_matched_paired_complete_cnh,AU_vs_non_AU,CP19360,Motueka Spit,"Motueka Spit, Tasman Bay","South Island, New Zealand",173.030661,-41.11765,SI migrant,migrant,NZ migrant,non_AU,F,266403,"PTT revealed that the bird left the breeding grounds at Porter's Beach shortly after deployment, when it jumped between to the Wainui Inlet and Motueka Spit and the Motueka River Mouth",-15.6494167356104,-12.5071712878275,9.64897104177514,8.99088025870186,-27.747857656815,-26.0340508030579,-3.1422454477828996,0.6580907830732787,-1.7138068537570987,3.1422454477828996,0.6580907830732787,1.7138068537570987,live_pheno_057|live_pheno_067,live_measurement_0231|live_measurement_0232|live_measurement_0423,live_measurement_0233|live_measurement_0234|live_measurement_0424,live_measurement_0231|live_measurement_0232|live_measurement_0423,live_measurement_0233|live_measurement_0234|live_measurement_0424
au_non_au_matched_paired_complete_cnh,AU_vs_non_AU,CP19361,Motueka Spit,"Motueka Spit, Tasman Bay","South Island, New Zealand",173.033468,-41.123473,resident,resident,resident,non_AU,M,266469,PTT revealed that the bird remained at Motueka Spit the full year,-13.9185362373694,-18.6217265975006,13.103579897515,12.068069487138,-21.3772879516674,-3.64141395177048,4.703190360131201,1.0355104103770003,-17.73587399989692,4.703190360131201,1.0355104103770003,17.73587399989692,live_pheno_082|live_pheno_104,live_measurement_0235|live_measurement_0236|live_measurement_0425,live_measurement_0237|live_measurement_0238|live_measurement_0426,live_measurement_0235|live_measurement_0236|live_measurement_0425,live_measurement_0237|live_measurement_0238|live_measurement_0426
au_non_au_matched_paired_complete_cnh,AU_vs_non_AU,CP19365,Tasman River,"Tasman River, Mt. Cook National Park","South Island, New Zealand",170.143352,-43.73679,AU migrant,migrant,AU migrant,AU,F,266434,PTT revealed this bird leaving Tasman Valley to stage at Loganburn Reservoir (Central Otago) from mid-Jan to mid-April before migrating to inland South Australia (near Lake Hawdon),-23.3101243339637,-22.7946566599693,11.322927655372,3.98038410702127,15.6787653351278,-26.0724867731009,-0.5154676739944009,7.34254354835073,41.7512521082287,0.5154676739944009,7.34254354835073,41.7512521082287,live_pheno_015|live_pheno_032,live_measurement_0313|live_measurement_0314|live_measurement_0427,live_measurement_0315|live_measurement_0316|live_measurement_0428,live_measurement_0313|live_measurement_0314|live_measurement_0427,live_measurement_0315|live_measurement_0316|live_measurement_0428
au_non_au_matched_paired_complete_cnh,AU_vs_non_AU,CP19366,Tasman River,"Tasman River, Mt. Cook National Park","South Island, New Zealand",170.144062,-43.736643,AU migrant,migrant,AU migrant,AU,F,266429,PTT revealed this bird leaving Tasman Valley to stage at the Waitaki River gorge (Central Otago) for several weeks in early March before migrating to the Aire River Mouth (Victoria) for a week then moving to the mud flats near Robbins Island (Tasmania) where it stayed from early April to early October,-13.6699580427845,-24.0318183429855,10.7163868306164,2.68630472223335,-3.06216382712083,-30.374107527047,10.361860300200998,8.03008210838305,27.311943699926168,10.361860300200998,8.03008210838305,27.311943699926168,live_pheno_016|live_pheno_033,live_measurement_0239|live_measurement_0240|live_measurement_0429,live_measurement_0241|live_measurement_0242|live_measurement_0430,live_measurement_0239|live_measurement_0240|live_measurement_0429,live_measurement_0241|live_measurement_0242|live_measurement_0430
au_non_au_matched_paired_complete_cnh,AU_vs_non_AU,CP19368,Tasman River,"Tasman River, Mt. Cook National Park","South Island, New Zealand",173.0307,-41.11812,AU migrant,migrant,AU migrant,AU,M,266379,"PTT revealed this bird leaving Tasman Valley in mid-March, but bailing and returning to the South Island and staging at the intersection of the Maraura and Waikaia Rivers for 2 weeks. Then it tried again to migrate but bailed and returned to the same staging spot for 2 weeks. 3rd attempt succefully landed at the beaches near Piccaninny Creek Mouth (Tasmania)",-23.9349596678529,-23.7243402461414,11.5187906958187,3.42735373623361,2.60262477330125,-19.8818909409293,-0.2106194217115025,8.091436959585089,22.48451571423055,0.2106194217115025,8.091436959585089,22.48451571423055,live_pheno_017|live_pheno_034,live_measurement_0243|live_measurement_0244|live_measurement_0431,live_measurement_0245|live_measurement_0246|live_measurement_0432,live_measurement_0243|live_measurement_0244|live_measurement_0431,live_measurement_0245|live_measurement_0246|live_measurement_0432
au_non_au_matched_paired_complete_cnh,AU_vs_non_AU,CP19371,Motueka Spit,"Motueka Spit, Tasman Bay","South Island, New Zealand",173.031797,-41.120263,resident,resident,resident,non_AU,F,266432,PTT revealed that the bird remained at Motueka Spit the full year,-12.4035084505378,-18.2752292873183,13.4932655104738,11.6060664076581,-22.0604717762451,-2.68696017250742,5.871720836780501,1.8871991028156998,-19.373511603737683,5.871720836780501,1.8871991028156998,19.373511603737683,live_pheno_083|live_pheno_105,live_measurement_0247|live_measurement_0248|live_measurement_0433,live_measurement_0249|live_measurement_0250|live_measurement_0434,live_measurement_0247|live_measurement_0248|live_measurement_0433,live_measurement_0249|live_measurement_0250|live_measurement_0434
au_non_au_matched_paired_complete_cnh,AU_vs_non_AU,CP19907,Te Anau,"Te Anau, Southland","South Island, New Zealand",167.746751,-45.414278,resident,resident,resident,non_AU,F,NA,Resighting at Upukeroa River on Feb 18 (potential resident),-22.1134454329775,-24.0742353149746,11.3039454995212,8.62449152881804,-14.3435048647567,-64.2934880222648,1.9607898819971012,2.6794539707031593,49.9499831575081,1.9607898819971012,2.6794539707031593,49.9499831575081,live_pheno_084|live_pheno_106,live_measurement_0259|live_measurement_0260|live_measurement_0439,live_measurement_0261|live_measurement_0262|live_measurement_0440,live_measurement_0259|live_measurement_0260|live_measurement_0439,live_measurement_0261|live_measurement_0262|live_measurement_0440
au_non_au_matched_paired_complete_cnh,AU_vs_non_AU,CP19908,Te Anau,"Te Anau, Southland","South Island, New Zealand",167.745905,-45.414044,resident,resident,resident,non_AU,F,NA,Resighting at Upukeroa River on Jul 25 (potential resident),-17.4723366032384,-19.9847977461447,10.1721944967357,8.08425151611874,-10.3039561166372,-10.5661802016251,2.5124611429063,2.08794298061696,0.2622240849878992,2.5124611429063,2.08794298061696,0.2622240849878992,live_pheno_085|live_pheno_107,live_measurement_0263|live_measurement_0264|live_measurement_0441,live_measurement_0265|live_measurement_0266|live_measurement_0442,live_measurement_0263|live_measurement_0264|live_measurement_0441,live_measurement_0265|live_measurement_0266|live_measurement_0442
au_non_au_matched_paired_complete_cnh,AU_vs_non_AU,CP19915,Tiwai Point,"Tiwai Point, Canterbury","South Island, New Zealand",168.430146,-46.605879,SI migrant,migrant,NZ migrant,non_AU,M,266406,PTT revealed that the bird left the breeding grounds at Tiwai Point but went to a from Ruapuke Island off shore for much of the winter,-26.9150664294187,-23.2582135681362,11.5217746568784,6.887070132575,-12.6838579153021,-12.5326332611128,-3.656852861282502,4.634704524303399,-0.15122465418930098,3.656852861282502,4.634704524303399,0.15122465418930098,live_pheno_058|live_pheno_068,live_measurement_0267|live_measurement_0268|live_measurement_0443,live_measurement_0269|live_measurement_0270|live_measurement_0444,live_measurement_0267|live_measurement_0268|live_measurement_0443,live_measurement_0269|live_measurement_0270|live_measurement_0444
au_non_au_matched_paired_complete_cnh,AU_vs_non_AU,CP19921,Tiwai Point,"Tiwai Point, Canterbury","South Island, New Zealand",168.431945,-46.606263,resident,resident,resident,non_AU,F,266449,PTT revealed that the bird remained at the Awarua Bay / Tiwai Point the full year,-23.3146109134045,-21.715084223013,8.23046560804341,7.0985497127354,-16.7283140923567,-6.94799558396168,-1.5995266903914995,1.1319158953080102,-9.780318508395021,1.5995266903914995,1.1319158953080102,9.780318508395021,live_pheno_086|live_pheno_108,live_measurement_0271|live_measurement_0272|live_measurement_0445,live_measurement_0273|live_measurement_0274|live_measurement_0446,live_measurement_0271|live_measurement_0272|live_measurement_0445,live_measurement_0273|live_measurement_0274|live_measurement_0446
au_non_au_matched_paired_complete_cnh,AU_vs_non_AU,CP19922,Tiwai Point,"Tiwai Point, Canterbury","South Island, New Zealand",168.431945,-46.606263,resident,resident,resident,non_AU,M,266453,PTT revealed that the bird remained at the Awarua Bay / Tiwai Point the full year,-24.0930877817319,-24.02618742586,5.26440831471433,5.90297598148739,-20.3315138841851,-18.5113024440661,-0.06690035587189769,-0.63856766677306,-1.8202114401189995,0.06690035587189769,0.63856766677306,1.8202114401189995,live_pheno_087|live_pheno_109,live_measurement_0275|live_measurement_0276|live_measurement_0447,live_measurement_0277|live_measurement_0278|live_measurement_0448,live_measurement_0275|live_measurement_0276|live_measurement_0447,live_measurement_0277|live_measurement_0278|live_measurement_0448
au_non_au_matched_paired_complete_cnh,AU_vs_non_AU,CP19923,Tiwai Point,"Tiwai Point, Canterbury","South Island, New Zealand",168.433515,-46.606197,resident,resident,resident,non_AU,M,266417,PTT revealed that the bird remained at the Awarua Bay / Tiwai Point the full year,-24.2471613285884,-22.9138281527006,7.4476731567188,7.99842071534426,-10.1704348073123,-6.35742016915515,-1.3333331758878018,-0.55074755862546,-3.813014638157151,1.3333331758878018,0.55074755862546,3.813014638157151,live_pheno_088|live_pheno_110,live_measurement_0279|live_measurement_0280|live_measurement_0449,live_measurement_0281|live_measurement_0282|live_measurement_0450,live_measurement_0279|live_measurement_0280|live_measurement_0449,live_measurement_0281|live_measurement_0282|live_measurement_0450
au_non_au_matched_paired_complete_cnh,AU_vs_non_AU,CP19931,Napier,"Napier, Hawkes Bay","South Island, New Zealand",176.919071981683,-39.5101300254464,NI migrant,migrant,NZ migrant,non_AU,M,NA,"Resighting at Manukapua Island, North Island on March 29",-13.1476905276339,-22.6179192766812,14.4329986737513,10.077335282573,7.46516994720916,17.5069573341059,9.4702287490473,4.3556633911783,-10.041787386896738,9.4702287490473,4.3556633911783,10.041787386896738,live_pheno_041|live_pheno_048,live_measurement_0283|live_measurement_0284|live_measurement_0451,live_measurement_0285|live_measurement_0286|live_measurement_0452,live_measurement_0283|live_measurement_0284|live_measurement_0451,live_measurement_0285|live_measurement_0286|live_measurement_0452
au_non_au_matched_paired_complete_cnh,AU_vs_non_AU,CP19983,Te Anau,"Te Anau, Southland","South Island, New Zealand",167.744617,-45.414383,resident,resident,resident,non_AU,F,NA,Resighting at Upukeroa River on Feb 26 (potential resident),-19.0124766576055,-24.6408048694008,12.5227059718829,8.73732406776946,-9.46882246704472,-31.1279954164657,5.628328211795299,3.7853819041134393,21.65917294942098,5.628328211795299,3.7853819041134393,21.65917294942098,live_pheno_089|live_pheno_111,live_measurement_0301|live_measurement_0302|live_measurement_0459,live_measurement_0303|live_measurement_0304|live_measurement_0460,live_measurement_0301|live_measurement_0302|live_measurement_0459,live_measurement_0303|live_measurement_0304|live_measurement_0460
au_non_au_matched_paired_complete_cnh,AU_vs_non_AU,CP9059,Kaikoura,"Kaikoura, Canterbury","South Island, New Zealand",173.662786,-42.413422,resident,resident,resident,non_AU,M,NA,Ailsa observation April 26,-18.0455411184568,-14.5257161476591,12.5936658463559,14.8629857208597,4.70342211998976,-26.6806306806694,-3.5198249707977,-2.2693198745037986,31.38405280065916,3.5198249707977,2.2693198745037986,31.38405280065916,live_pheno_090|live_pheno_112,live_measurement_0309|live_measurement_0310|live_measurement_0463,live_measurement_0311|live_measurement_0312|live_measurement_0464,live_measurement_0309|live_measurement_0310|live_measurement_0463,live_measurement_0311|live_measurement_0312|live_measurement_0464
