"ring","feather_type","sex","status","status_bin","status_known","sampling_location_general","sampling_location_specific","sampling_site_label","longitude_capture","latitude_capture","tag_id_adjusted","migratory_status_comment","n_assays","n_unique_samples","n_retained_assay_rows","n_model_contributing_rows","sample_ids_raw","sample_ids_base","normalised_d13c","normalised_d15n","normalised_d2h","cn_mass_ratio","amount_mg_mean","amount_mg_sd","source_measurement_ids","source_measurement_ids_model","source_phenotype_row_ids","adjudication_methods","has_pending_manual_qc","pending_manual_qc_reasons"
"04258275","Breast","M","AU migrant","migrant",TRUE,"South Island, New Zealand","Te Anau, Southland","Te Anau",167.744617,-45.414383,,"Originally banded on King Island, Tasmania in 2010 as a first year",2,2,2,2,"04258275_2024-10-14_breast|04258275_2024-10-14_breast feather","04258275_2024-10-14_breast|04258275_2024-10-14_breast feather",-24.7783096085409,10.2217622885413,-0.561124353151239,3.3335208711136,0.2115,0.0756604255869606,"live_measurement_0001|live_measurement_0002|live_measurement_0317","live_measurement_0001|live_measurement_0002|live_measurement_0317","live_pheno_001|live_pheno_018","single_raw",FALSE,
"04258275","Primary","M","AU migrant","migrant",TRUE,"South Island, New Zealand","Te Anau, Southland","Te Anau",167.744617,-45.414383,,"Originally banded on King Island, Tasmania in 2010 as a first year",2,2,2,2,"04258275_2024-10-14_primary|04258275_2024-10-14_primary feather","04258275_2024-10-14_primary|04258275_2024-10-14_primary feather",-22.4357835112693,8.09220874561123,-40.7046646902343,3.34213786994107,0.234,0.00282842712474617,"live_measurement_0003|live_measurement_0004|live_measurement_0318","live_measurement_0003|live_measurement_0004|live_measurement_0318","live_pheno_001|live_pheno_018","single_raw",FALSE,
"CP16140","Breast","F","NI migrant","migrant",TRUE,"South Island, New Zealand","Kaikoura, Canterbury","Kaikoura",173.667221,-42.413402,,"Resighting at Whangaehu river mouth, North Island on May 16",2,2,2,2,"CP16140_2024-10-08_breast|CP16140_2024-10-08_breast feather","CP16140_2024-10-08_breast|CP16140_2024-10-08_breast feather",-21.5316150652432,10.2436446696457,-24.6651858347084,3.36466177534886,0.187,0.0579827560572969,"live_measurement_0005|live_measurement_0006|live_measurement_0319","live_measurement_0005|live_measurement_0006|live_measurement_0319","live_pheno_035|live_pheno_042","single_raw",FALSE,
"CP16140","Primary","F","NI migrant","migrant",TRUE,"South Island, New Zealand","Kaikoura, Canterbury","Kaikoura",173.667221,-42.413402,,"Resighting at Whangaehu river mouth, North Island on May 16",2,2,2,2,"CP16140_2024-10-08_primary|CP16140_2024-10-08_primary feather","CP16140_2024-10-08_primary|CP16140_2024-10-08_primary feather",-17.7990321365754,15.3931344565886,-9.62004772430199,3.37238633440395,0.187,0.05939696961967,"live_measurement_0007|live_measurement_0008|live_measurement_0320","live_measurement_0007|live_measurement_0008|live_measurement_0320","live_pheno_035|live_pheno_042","single_raw",FALSE,
"CP16409","Breast","F","resident","resident",TRUE,"South Island, New Zealand","Kaitorete Spit, Canterbury","Kaitorete",172.431853,-43.845691,"266440","PTT revealed that the bird remained at the tip of Kaitorete Spit the full year",2,2,2,2,"CP16409_2024-10-02_breast|CP16409_2024-10-02_breast feather","CP16409_2024-10-02_breast|CP16409_2024-10-02_breast feather",-22.3942241992883,12.7790169166933,-1.51704385612866,3.34075915033133,0.2025,0.0459619407771256,"live_measurement_0009|live_measurement_0010|live_measurement_0321","live_measurement_0009|live_measurement_0010|live_measurement_0321","live_pheno_069|live_pheno_091","single_raw",FALSE,
"CP16409","Primary","F","resident","resident",TRUE,"South Island, New Zealand","Kaitorete Spit, Canterbury","Kaitorete",172.431853,-43.845691,"266440","PTT revealed that the bird remained at the tip of Kaitorete Spit the full year",2,2,2,2,"CP16409_2024-10-02_primary|CP16409_2024-10-02_primary feather","CP16409_2024-10-02_primary|CP16409_2024-10-02_primary feather",-21.9745952015128,12.944080586374,-12.8015294537538,3.46248814374539,0.204,0.0381837661840736,"live_measurement_0011|live_measurement_0012|live_measurement_0322","live_measurement_0011|live_measurement_0012|live_measurement_0322","live_pheno_069|live_pheno_091","single_raw",FALSE,
"CP16446","Breast","M","AU migrant","migrant",TRUE,"South Island, New Zealand","Kaitorete Spit, Canterbury","Kaitorete",172.397899,-43.851742,"0A96","GPS tag and local resighting confirmed overwintering at South Arm (near Hobart), Tasmania",3,2,5,5,"CP16446_2024-10-21_breast|CP16446_2024-10-21_breast feather|CP16446_2024-10-21_breast feather_rpt","CP16446_2024-10-21_breast|CP16446_2024-10-21_breast feather",-15.4022577127146,11.2253930192501,-13.4623786355737,3.44320045063413,0.1945,0.0671956099756524,"live_measurement_0013|live_measurement_0015|live_measurement_0014|live_measurement_0018|live_measurement_0323","live_measurement_0013|live_measurement_0015|live_measurement_0014|live_measurement_0018|live_measurement_0323","live_pheno_002|live_pheno_019","lab_green_average|single_raw",FALSE,
"CP16446","Primary","M","AU migrant","migrant",TRUE,"South Island, New Zealand","Kaitorete Spit, Canterbury","Kaitorete",172.397899,-43.851742,"0A96","GPS tag and local resighting confirmed overwintering at South Arm (near Hobart), Tasmania",2,2,2,2,"CP16446_2024-10-21_primary|CP16446_2024-10-21_primary feather","CP16446_2024-10-21_primary|CP16446_2024-10-21_primary feather",-20.6758279163219,14.0444474706613,-19.1182563273475,3.31666843417012,0.2535,0.0756604255869606,"live_measurement_0019|live_measurement_0020|live_measurement_0324","live_measurement_0019|live_measurement_0020|live_measurement_0324","live_pheno_002|live_pheno_019","single_raw",FALSE,
"CP16461","Breast","M","resident","resident",TRUE,"South Island, New Zealand","Kaikoura, Canterbury","Kaikoura",173.681777,-42.390193,,"Ailsa observation April 14",2,2,3,3,"CP16461_2024-10-07_breast feather|CP16461_2024-10-07_breast|CP16461_2024-10-07_breast_rpt","CP16461_2024-10-07_breast|CP16461_2024-10-07_breast feather",-24.2775705812574,9.53644589849984,-0.399887446027748,3.32822854215038,0.20775,0.0187383297014435,"live_measurement_0021|live_measurement_0022|live_measurement_0325|live_measurement_0326","live_measurement_0021|live_measurement_0022|live_measurement_0325|live_measurement_0326","live_pheno_070|live_pheno_092","mean_of_valid_repeats|single_raw",FALSE,
"CP16461","Primary","M","resident","resident",TRUE,"South Island, New Zealand","Kaikoura, Canterbury","Kaikoura",173.681777,-42.390193,,"Ailsa observation April 14",2,2,2,2,"CP16461_2024-10-07_primary|CP16461_2024-10-07_primary feather","CP16461_2024-10-07_primary|CP16461_2024-10-07_primary feather",-14.485979789623,11.6689730444186,-14.8135063992905,3.29660863121138,0.282,0.0933380951166243,"live_measurement_0023|live_measurement_0024|live_measurement_0327","live_measurement_0023|live_measurement_0024|live_measurement_0327","live_pheno_070|live_pheno_092","single_raw",FALSE,
"CP16470","Breast","M","resident","resident",TRUE,"South Island, New Zealand","Kaikoura, Canterbury","Kaikoura",173.663729,-42.413163,,"Ailsa observation April 22",2,2,3,3,"CP16470_2024-10-08_breast|CP16470_2024-10-08_breast feather|CP16470_2024-10-08_breast feather_rpt","CP16470_2024-10-08_breast|CP16470_2024-10-08_breast feather",-20.1855223087705,11.8090707413693,1.16765672660225,3.40050268705047,0.2065,0.0530330085889911,"live_measurement_0025|live_measurement_0027|live_measurement_0026|live_measurement_0028|live_measurement_0328","live_measurement_0025|live_measurement_0027|live_measurement_0026|live_measurement_0028|live_measurement_0328","live_pheno_071|live_pheno_093","lab_green_average|single_raw",FALSE,
"CP16470","Primary","M","resident","resident",TRUE,"South Island, New Zealand","Kaikoura, Canterbury","Kaikoura",173.663729,-42.413163,,"Ailsa observation April 22",2,2,2,2,"CP16470_2024-10-08_primary|CP16470_2024-10-08_primary feather","CP16470_2024-10-08_primary|CP16470_2024-10-08_primary feather",-14.5829328684553,14.7703700885168,-17.3986273095807,3.3511710644874,0.244,0.0848528137423857,"live_measurement_0029|live_measurement_0030|live_measurement_0329","live_measurement_0029|live_measurement_0030|live_measurement_0329","live_pheno_071|live_pheno_093","single_raw",FALSE,
"CP16501","Breast","M","resident","resident",TRUE,"South Island, New Zealand","Motueka Spit, Tasman Bay","Motueka Spit",173.031797,-41.120263,"266467","PTT revealed that the bird remained at Motueka Spit the full year",2,2,2,2,"CP16501_2024-10-05_breast|CP16501_2024-10-05_breast feather","CP16501_2024-10-05_breast|CP16501_2024-10-05_breast feather",-14.3823997627521,13.3340336737951,-15.2430603892517,3.35261396777322,0.2175,0.0247487373415291,"live_measurement_0031|live_measurement_0032|live_measurement_0330","live_measurement_0031|live_measurement_0032|live_measurement_0330","live_pheno_072|live_pheno_094","single_raw",FALSE,
"CP16501","Primary","M","resident","resident",TRUE,"South Island, New Zealand","Motueka Spit, Tasman Bay","Motueka Spit",173.031797,-41.120263,"266467","PTT revealed that the bird remained at Motueka Spit the full year",2,2,2,2,"CP16501_2024-10-05_primary|CP16501_2024-10-05_primary feather","CP16501_2024-10-05_primary|CP16501_2024-10-05_primary feather",-14.7425014773667,11.7608367044499,-11.9011912315008,3.44177313189043,0.1945,0.037476659402887,"live_measurement_0033|live_measurement_0034|live_measurement_0331","live_measurement_0033|live_measurement_0034|live_measurement_0331","live_pheno_072|live_pheno_094","single_raw",FALSE,
"CP16507","Breast","F","resident","resident",TRUE,"South Island, New Zealand","Kaitorete Spit, Canterbury","Kaitorete",172.601856,-43.830575,"0AA1","the lightlogger on the GPS tag revealed that the bird remained at Lake Ellesmere over the winter",2,2,2,2,"CP16507_2024-10-22_breast|CP16507_2024-10-22_breast feather","CP16507_2024-10-22_breast|CP16507_2024-10-22_breast feather",-23.0949341161739,12.4186358248271,6.70008281067213,3.36469086103228,0.222,0.0707106781186548,"live_measurement_0035|live_measurement_0036|live_measurement_0332","live_measurement_0035|live_measurement_0036|live_measurement_0332","live_pheno_073|live_pheno_095","single_raw",FALSE,
"CP16507","Primary","F","resident","resident",TRUE,"South Island, New Zealand","Kaitorete Spit, Canterbury","Kaitorete",172.601856,-43.830575,"0AA1","the lightlogger on the GPS tag revealed that the bird remained at Lake Ellesmere over the winter",2,2,2,2,"CP16507_2024-10-22_primary|CP16507_2024-10-22_primary feather","CP16507_2024-10-22_primary|CP16507_2024-10-22_primary feather",-22.3483351915414,13.3089619458985,-26.4523764524518,3.38600413691432,0.2985,0.0459619407771256,"live_measurement_0037|live_measurement_0038|live_measurement_0333","live_measurement_0037|live_measurement_0038|live_measurement_0333","live_pheno_073|live_pheno_095","single_raw",FALSE,
"CP16529","Breast","F","AU migrant","migrant",TRUE,"South Island, New Zealand","Cass River, Canterbury","Cass River",170.48481,-43.880201,,"Resighting at Shoalhaven Heads, New South Wales on February 27",2,2,2,2,"CP16529_2024-10-12_breast|CP16529_2024-10-12_breast feather","CP16529_2024-10-12_breast|CP16529_2024-10-12_breast feather",-15.7312208958752,14.3719613890335,-32.6667027189227,3.43426646916526,0.192,0.0254558441227157,"live_measurement_0039|live_measurement_0040|live_measurement_0334","live_measurement_0039|live_measurement_0040|live_measurement_0334","live_pheno_003|live_pheno_020","single_raw",FALSE,
"CP16529","Primary","F","AU migrant","migrant",TRUE,"South Island, New Zealand","Cass River, Canterbury","Cass River",170.48481,-43.880201,,"Resighting at Shoalhaven Heads, New South Wales on February 27",2,2,2,2,"CP16529_2024-10-12_primary|CP16529_2024-10-12_primary feather","CP16529_2024-10-12_primary|CP16529_2024-10-12_primary feather",-23.0117911594374,7.4861809588657,-55.5965207215819,3.48768447430857,0.189,0.0169705627484772,"live_measurement_0041|live_measurement_0042|live_measurement_0335","live_measurement_0041|live_measurement_0042|live_measurement_0335","live_pheno_003|live_pheno_020","single_raw",FALSE,
"CP16533","Breast","F","AU migrant","migrant",TRUE,"South Island, New Zealand","Tasman River, Mt. Cook National Park","Tasman River",170.143316,-43.733096,"266448","PTT revealed this bird attempting trans-Tasman migration twice (departures: March 12 and March 24), with the 2nd attempt failing",2,2,3,3,"CP16533_2024-10-11_breast|CP16533_2024-10-11_breast feather|CP16533_2024-10-11_breast feather_rpt","CP16533_2024-10-11_breast|CP16533_2024-10-11_breast feather",-24.042665172555,10.4110709464009,-13.2879079780336,3.34357721035238,0.19,0.0438406204335659,"live_measurement_0043|live_measurement_0045|live_measurement_0044|live_measurement_0046|live_measurement_0336","live_measurement_0043|live_measurement_0045|live_measurement_0044|live_measurement_0046|live_measurement_0336","live_pheno_004|live_pheno_021","lab_green_average|single_raw",FALSE,
"CP16533","Primary","F","AU migrant","migrant",TRUE,"South Island, New Zealand","Tasman River, Mt. Cook National Park","Tasman River",170.143316,-43.733096,"266448","PTT revealed this bird attempting trans-Tasman migration twice (departures: March 12 and March 24), with the 2nd attempt failing",2,2,2,2,"CP16533_2024-10-11_primary|CP16533_2024-10-11_primary feather","CP16533_2024-10-11_primary|CP16533_2024-10-11_primary feather",-23.7924654296182,3.44517843553491,-20.9252310028528,3.3656449754767,0.2195,0.0417193000900063,"live_measurement_0047|live_measurement_0048|live_measurement_0337","live_measurement_0047|live_measurement_0048|live_measurement_0337","live_pheno_004|live_pheno_021","single_raw",FALSE,
"CP16534","Breast","M","AU migrant","migrant",TRUE,"South Island, New Zealand","Tasman River, Mt. Cook National Park","Tasman River",170.145302,-43.731722,"266373","PTT revealed this bird migrating to the mouth of the Snowy River, Victoria (arrival: April 3)",2,2,2,2,"CP16534_2024-10-11_breast|CP16534_2024-10-11_breast feather","CP16534_2024-10-11_breast|CP16534_2024-10-11_breast feather",-10.2603025349417,10.5236576148647,7.67023696197101,3.39119566664249,0.2025,0.0346482322781408,"live_measurement_0049|live_measurement_0050|live_measurement_0338","live_measurement_0049|live_measurement_0050|live_measurement_0338","live_pheno_005|live_pheno_022","single_raw",FALSE,
"CP16534","Primary","M","AU migrant","migrant",TRUE,"South Island, New Zealand","Tasman River, Mt. Cook National Park","Tasman River",170.145302,-43.731722,"266373","PTT revealed this bird migrating to the mouth of the Snowy River, Victoria (arrival: April 3)",2,2,2,2,"CP16534_2024-10-11_primary|CP16534_2024-10-11_primary feather","CP16534_2024-10-11_primary|CP16534_2024-10-11_primary feather",-22.870401252807,3.09469860215485,-9.4040104342173,3.36211062479384,0.21,0.0424264068711929,"live_measurement_0051|live_measurement_0052|live_measurement_0339","live_measurement_0051|live_measurement_0052|live_measurement_0339","live_pheno_005|live_pheno_022","single_raw",FALSE,
"CP16536","Breast","M","SI migrant","migrant",TRUE,"South Island, New Zealand","Tasman River, Mt. Cook National Park","Tasman River",170.144062,-43.736643,"266428","PTT revealed this bird wintering at Farewell Spit (arrival: Jan 2, departure: Sep 2)",2,2,2,2,"CP16536_2024-10-10_breast|CP16536_2024-10-11_breast feather","CP16536_2024-10-10_breast|CP16536_2024-10-11_breast feather",-15.617931624941,13.6422268824368,3.72524978572474,3.41653617281785,0.2,0.0339411254969543,"live_measurement_0053|live_measurement_0054|live_measurement_0340","live_measurement_0053|live_measurement_0054|live_measurement_0340","live_pheno_049|live_pheno_059","single_raw",FALSE,
"CP16536","Primary","M","SI migrant","migrant",TRUE,"South Island, New Zealand","Tasman River, Mt. Cook National Park","Tasman River",170.144062,-43.736643,"266428","PTT revealed this bird wintering at Farewell Spit (arrival: Jan 2, departure: Sep 2)",2,2,2,2,"CP16536_2024-10-10_primary|CP16536_2024-10-10_primary feather","CP16536_2024-10-10_primary|CP16536_2024-10-10_primary feather",-22.7585099728686,5.76142460136077,-26.5260048101734,3.42793128898946,0.248,0.0424264068711929,"live_measurement_0055|live_measurement_0056|live_measurement_0341","live_measurement_0055|live_measurement_0056|live_measurement_0341","live_pheno_049|live_pheno_059","single_raw",FALSE,
"CP16543","Breast","F","resident","resident",TRUE,"South Island, New Zealand","Motueka Spit, Tasman Bay","Motueka Spit",173.033468,-41.123473,"266466","PTT revealed that the bird remained at Motueka Spit the full year (except for a brief 2 day foray to Takaka in mid-December)",2,2,2,2,"CP16543_2024-10-04_breast|CP16543_2024-10-04_breast feather","CP16543_2024-10-04_breast|CP16543_2024-10-04_breast feather",-14.0446412953552,12.7463740136981,-23.3261466074447,3.44163530874813,0.158,0.0466690475583121,"live_measurement_0057|live_measurement_0058|live_measurement_0342","live_measurement_0057|live_measurement_0058|live_measurement_0342","live_pheno_074|live_pheno_096","single_raw",FALSE,
"CP16543","Primary","F","resident","resident",TRUE,"South Island, New Zealand","Motueka Spit, Tasman Bay","Motueka Spit",173.033468,-41.123473,"266466","PTT revealed that the bird remained at Motueka Spit the full year (except for a brief 2 day foray to Takaka in mid-December)",2,2,3,3,"CP16543_2024-10-04_primary|CP16543_2024-10-04_primary feather|CP16543_2024-10-04_primary feather_rpt","CP16543_2024-10-04_primary|CP16543_2024-10-04_primary feather",-16.2882895810577,11.6899878349192,-14.9772993932422,3.38075502285142,0.206,0.0240416305603426,"live_measurement_0059|live_measurement_0061|live_measurement_0060|live_measurement_0062|live_measurement_0343","live_measurement_0059|live_measurement_0061|live_measurement_0060|live_measurement_0062|live_measurement_0343","live_pheno_074|live_pheno_096","lab_green_average|single_raw",FALSE,
"CP16609","Breast","F","SI migrant","migrant",TRUE,"South Island, New Zealand","Kaikoura, Canterbury","Kaikoura",173.667221,-42.413402,,"PTT during ethics trial revealed this bird moving to the Rakaia River in early March",2,2,2,2,"CP16609_2024-10-08_breast|CP16609_2024-10-08_breast feather","CP16609_2024-10-08_breast|CP16609_2024-10-08_breast feather",-22.738304318616,12.0726227186834,-5.07977238638779,3.42176629749809,0.226,0.00565685424949239,"live_measurement_0063|live_measurement_0064|live_measurement_0344","live_measurement_0063|live_measurement_0064|live_measurement_0344","live_pheno_050|live_pheno_060","single_raw",FALSE,
"CP16609","Primary","F","SI migrant","migrant",TRUE,"South Island, New Zealand","Kaikoura, Canterbury","Kaikoura",173.667221,-42.413402,,"PTT during ethics trial revealed this bird moving to the Rakaia River in early March",2,2,2,2,"CP16609_2024-10-08_primary|CP16609_2024-10-08_primary feather","CP16609_2024-10-08_primary|CP16609_2024-10-08_primary feather",-17.9500325020683,14.3180414146674,-15.1206473447666,3.46740055172569,0.3015,0.0332340187157677,"live_measurement_0065|live_measurement_0066|live_measurement_0345","live_measurement_0065|live_measurement_0066|live_measurement_0345","live_pheno_050|live_pheno_060","single_raw",FALSE,
"CP16627","Breast","M","resident","resident",TRUE,"South Island, New Zealand","Kaitorete Spit, Canterbury","Kaitorete",172.684973,-43.82787,"266390","PTT revealed that the bird remained near Birdlings Flat and Kaituna Lagoon the full year",2,2,3,3,"CP16627_2024-10-01_breast|CP16627_2024-10-01_breast feather|CP16627_2024-10-01_breast feather_rpt","CP16627_2024-10-01_breast|CP16627_2024-10-01_breast feather",-21.2924562087123,13.9967809700958,-5.7186438009701,3.38791051930713,0.19375,0.0859134739141655,"live_measurement_0067|live_measurement_0069|live_measurement_0068|live_measurement_0070|live_measurement_0346","live_measurement_0067|live_measurement_0069|live_measurement_0068|live_measurement_0070|live_measurement_0346","live_pheno_075|live_pheno_097","lab_green_average|single_raw",FALSE,
"CP16627","Primary","M","resident","resident",TRUE,"South Island, New Zealand","Kaitorete Spit, Canterbury","Kaitorete",172.684973,-43.82787,"266390","PTT revealed that the bird remained near Birdlings Flat and Kaituna Lagoon the full year",2,2,2,2,"CP16627_2024-10-01_primary|CP16627_2024-10-01_primary feather","CP16627_2024-10-01_primary|CP16627_2024-10-01_primary feather",-22.8453942861546,13.7672775514046,-28.9909425095605,3.35338529552216,0.3155,0.0784888527117068,"live_measurement_0071|live_measurement_0072|live_measurement_0347","live_measurement_0071|live_measurement_0072|live_measurement_0347","live_pheno_075|live_pheno_097","single_raw",FALSE,
"CP16628","Breast","F","resident","resident",TRUE,"South Island, New Zealand","Kaitorete Spit, Canterbury","Kaitorete",172.684973,-43.82787,"266391","PTT revealed that the bird remained near Birdlings Flat and Lake Ellesmere the full year",2,2,2,2,"CP16628_2024-10-01_breast|CP16628_2024-10-01_breast feather","CP16628_2024-10-01_breast|CP16628_2024-10-01_breast feather",-21.5199033671861,14.3500364670151,5.94469526556098,3.46261866461474,0.2335,0.037476659402887,"live_measurement_0073|live_measurement_0074|live_measurement_0348","live_measurement_0073|live_measurement_0074|live_measurement_0348","live_pheno_076|live_pheno_098","single_raw",FALSE,
"CP16628","Primary","F","resident","resident",TRUE,"South Island, New Zealand","Kaitorete Spit, Canterbury","Kaitorete",172.684973,-43.82787,"266391","PTT revealed that the bird remained near Birdlings Flat and Lake Ellesmere the full year",2,2,2,2,"CP16628_2024-10-01_primary|CP16628_2024-10-01_primary feather","CP16628_2024-10-01_primary|CP16628_2024-10-01_primary feather",-21.9624071953173,12.0169773361164,-56.804534571677,3.34169148563182,0.316,0.0848528137423857,"live_measurement_0075|live_measurement_0076|live_measurement_0349","live_measurement_0075|live_measurement_0076|live_measurement_0349","live_pheno_076|live_pheno_098","single_raw",FALSE,
"CP16641","Breast","M","SI migrant","migrant",TRUE,"South Island, New Zealand","Porters Beach, Abel Tasman National Park","Porters Beach",173.011986,-40.992659,"266436","PTT revealed that the bird wintered on the mudflats near the Nelson Haven and Boulder Bank (from mid-April to mid-July)",2,2,2,2,"CP16641_2024-10-05_breast|CP16641_2024-10-05_breast feather","CP16641_2024-10-05_breast|CP16641_2024-10-05_breast feather",-12.6632633451957,14.7772761729971,-9.2631726432784,3.32401432836378,0.18,0.0876812408671319,"live_measurement_0079|live_measurement_0080|live_measurement_0350","live_measurement_0079|live_measurement_0080|live_measurement_0350","live_pheno_051|live_pheno_061","single_raw",FALSE,
"CP16641","Primary","M","SI migrant","migrant",TRUE,"South Island, New Zealand","Porters Beach, Abel Tasman National Park","Porters Beach",173.011986,-40.992659,"266436","PTT revealed that the bird wintered on the mudflats near the Nelson Haven and Boulder Bank (from mid-April to mid-July)",2,2,2,2,"CP16641_2024-10-05_ primary feather|CP16641_2024-10-05_primary","CP16641_2024-10-05_ primary feather|CP16641_2024-10-05_primary",-15.5855925266904,11.5715073412065,-22.4537738744252,3.35169722859778,0.217,0.0523259018078045,"live_measurement_0077|live_measurement_0078|live_measurement_0351","live_measurement_0077|live_measurement_0078|live_measurement_0351","live_pheno_051|live_pheno_061","single_raw",FALSE,
"CP16642","Breast","F","AU migrant","migrant",TRUE,"South Island, New Zealand","Kaitorete Spit, Canterbury","Kaitorete",172.67954,-43.826875,"266383","PTT revealed this bird attempting trans-Tasman migration (departure: May 5), but failing",2,2,2,2,"CP16642_2024-10-01_breast|CP16642_2024-10-01_breast feather","CP16642_2024-10-01_breast|CP16642_2024-10-01_breast feather",-17.8242892043911,11.7215509413972,-14.505831756736,3.45514649182007,0.212,0.0014142135623731,"live_measurement_0081|live_measurement_0082|live_measurement_0352","live_measurement_0081|live_measurement_0082|live_measurement_0352","live_pheno_006|live_pheno_023","single_raw",FALSE,
"CP16642","Primary","F","AU migrant","migrant",TRUE,"South Island, New Zealand","Kaitorete Spit, Canterbury","Kaitorete",172.67954,-43.826875,"266383","PTT revealed this bird attempting trans-Tasman migration (departure: May 5), but failing",2,2,2,2,"CP16642_2024-10-01_primary|CP16642_2024-10-01_primary feather","CP16642_2024-10-01_primary|CP16642_2024-10-01_primary feather",-18.9598469733855,12.6634755081217,-48.5840547669316,3.383932400064,0.2035,0.00353553390593272,"live_measurement_0083|live_measurement_0084|live_measurement_0353","live_measurement_0083|live_measurement_0084|live_measurement_0353","live_pheno_006|live_pheno_023","single_raw",FALSE,
"CP16643","Breast","M","AU migrant","migrant",TRUE,"South Island, New Zealand","Kaitorete Spit, Canterbury","Kaitorete",172.67954,-43.826875,"266405","PTT revealed this bird attempting trans-Tasman migration (departure: May 5), but failing",2,2,3,3,"CP16643_2024-10-01_breast feather|CP16643_2024-10-01_breast|CP16643_2024-10-01_breast_rpt","CP16643_2024-10-01_breast|CP16643_2024-10-01_breast feather",-24.2527181048461,8.30492445178543,-15.8921260286888,3.27651523764306,0.184,0.0480832611206852,"live_measurement_0085|live_measurement_0086|live_measurement_0354|live_measurement_0355","live_measurement_0085|live_measurement_0086|live_measurement_0354|live_measurement_0355","live_pheno_007|live_pheno_024","mean_of_valid_repeats|single_raw",FALSE,
"CP16643","Primary","M","AU migrant","migrant",TRUE,"South Island, New Zealand","Kaitorete Spit, Canterbury","Kaitorete",172.67954,-43.826875,"266405","PTT revealed this bird attempting trans-Tasman migration (departure: May 5), but failing",2,2,2,2,"CP16643_2024-10-01_primary|CP16643_2024-10-01_primary feather","CP16643_2024-10-01_primary|CP16643_2024-10-01_primary feather",-22.4837130750336,12.6978744718904,-20.9039469363686,3.42393335210542,0.2185,0.0502045814642449,"live_measurement_0087|live_measurement_0088|live_measurement_0356","live_measurement_0087|live_measurement_0088|live_measurement_0356","live_pheno_007|live_pheno_024","single_raw",FALSE,
"CP16652","Breast","F","resident","resident",TRUE,"South Island, New Zealand","Motueka Spit, Tasman Bay","Motueka Spit",173.031797,-41.120263,"266404","PTT revealed that the bird remained at Motueka Spit the full year",2,2,2,2,"CP16652_2024-10-04_breast|CP16652_2024-10-04_breast feather","CP16652_2024-10-04_breast|CP16652_2024-10-04_breast feather",-14.09959371293,13.3877449728695,-20.2381498006621,3.37762816330112,0.1885,0.0431335136523794,"live_measurement_0089|live_measurement_0090|live_measurement_0357","live_measurement_0089|live_measurement_0090|live_measurement_0357","live_pheno_077|live_pheno_099","single_raw",FALSE,
"CP16652","Primary","F","resident","resident",TRUE,"South Island, New Zealand","Motueka Spit, Tasman Bay","Motueka Spit",173.031797,-41.120263,"266404","PTT revealed that the bird remained at Motueka Spit the full year",2,2,2,2,"CP16652_2024-10-04_primary|CP16652_2024-10-04_primary feather","CP16652_2024-10-04_primary|CP16652_2024-10-04_primary feather",-16.4512425860024,12.6914873922758,-19.3505563426234,3.33909554839029,0.233,0.0212132034355964,"live_measurement_0091|live_measurement_0092|live_measurement_0358","live_measurement_0091|live_measurement_0092|live_measurement_0358","live_pheno_077|live_pheno_099","single_raw",FALSE,
"CP16655","Breast","F","AU migrant","migrant",TRUE,"South Island, New Zealand","Tasman River, Mt. Cook National Park","Tasman River",170.144062,-43.736643,"266382","PTT revealed this bird migrating to Cape Barren Island, Tasmania (arrival: March 20)",2,2,2,2,"CP16655_2024-10-10_breast|CP16655_2024-10-10_breast feather","CP16655_2024-10-10_breast|CP16655_2024-10-10_breast feather",-24.7559366505141,7.8216830215885,4.85116659614611,3.49065133595308,0.275,0.0905096679918781,"live_measurement_0093|live_measurement_0094|live_measurement_0359","live_measurement_0093|live_measurement_0094|live_measurement_0359","live_pheno_008|live_pheno_025","single_raw",FALSE,
"CP16655","Primary","F","AU migrant","migrant",TRUE,"South Island, New Zealand","Tasman River, Mt. Cook National Park","Tasman River",170.144062,-43.736643,"266382","PTT revealed this bird migrating to Cape Barren Island, Tasmania (arrival: March 20)",2,2,2,2,"CP16655_2024-10-10_primary|CP16655_2024-10-10_primary feather","CP16655_2024-10-10_primary|CP16655_2024-10-10_primary feather",-22.3998596098855,4.15782584920362,-21.2491403372569,3.40269035384714,0.213,0.0537401153701776,"live_measurement_0095|live_measurement_0096|live_measurement_0360","live_measurement_0095|live_measurement_0096|live_measurement_0360","live_pheno_008|live_pheno_025","single_raw",FALSE,
"CP16656","Breast","M","AU migrant","migrant",TRUE,"South Island, New Zealand","Tasman River, Mt. Cook National Park","Tasman River",170.146122,-43.727942,"266418","PTT revealed this bird migrating to Lake Gellie and Lake Corongamite, inland Victoria (arrival: April 27, departure: June 22)",2,2,2,2,"CP16656_2024-10-11_breast|CP16656_2024-10-11_breast feather","CP16656_2024-10-11_breast|CP16656_2024-10-11_breast feather",-21.9086897983393,12.5950059846792,14.2174683824138,3.46010613576185,0.244,0.0141421356237309,"live_measurement_0097|live_measurement_0098|live_measurement_0361","live_measurement_0097|live_measurement_0098|live_measurement_0361","live_pheno_009|live_pheno_026","single_raw",FALSE,
"CP16656","Primary","M","AU migrant","migrant",TRUE,"South Island, New Zealand","Tasman River, Mt. Cook National Park","Tasman River",170.146122,-43.727942,"266418","PTT revealed this bird migrating to Lake Gellie and Lake Corongamite, inland Victoria (arrival: April 27, departure: June 22)",2,2,2,2,"CP16656_2024-10-11_primary|CP16656_2024-10-11_primary feather","CP16656_2024-10-11_primary|CP16656_2024-10-11_primary feather",-23.5834103533861,3.88752192894621,-17.702594540272,3.38601652186944,0.2055,0.00212132034355964,"live_measurement_0099|live_measurement_0100|live_measurement_0362","live_measurement_0099|live_measurement_0100|live_measurement_0362","live_pheno_009|live_pheno_026","single_raw",FALSE,
"CP16667","Breast","M","AU migrant","migrant",TRUE,"South Island, New Zealand","Pisa Range, Otago","Pisa Range",169.161329995841,-44.8660619650036,"266470_B","PTT revealed this bird migrating to Corner Inlet, Victoria (arrival: May 21, departure: Sep 14)",2,2,2,2,"CP16667_2024-12-09_breast|CP16667_2024-12-09_breast feather","CP16667_2024-12-09_breast|CP16667_2024-12-09_breast feather",-16.9847442701969,9.53620500785815,-7.09243244003951,3.4562707982674,0.2575,0.0544472221513641,"live_measurement_0101|live_measurement_0102|live_measurement_0363","live_measurement_0101|live_measurement_0102|live_measurement_0363","live_pheno_010|live_pheno_027","single_raw",FALSE,
"CP16667","Primary","M","AU migrant","migrant",TRUE,"South Island, New Zealand","Pisa Range, Otago","Pisa Range",169.161329995841,-44.8660619650036,"266470_B","PTT revealed this bird migrating to Corner Inlet, Victoria (arrival: May 21, departure: Sep 14)",2,2,2,2,"CP16667_2024-12-09_primary|CP16667_2024-12-09_primary feather","CP16667_2024-12-09_primary|CP16667_2024-12-09_primary feather",-22.8979289872113,6.43119266062136,-48.4333430876636,3.4301838239043,0.2165,0.0289913780286484,"live_measurement_0103|live_measurement_0104|live_measurement_0364","live_measurement_0103|live_measurement_0104|live_measurement_0364","live_pheno_010|live_pheno_027","single_raw",FALSE,
"CP16670","Breast","M","unknown","unknown",FALSE,"South Island, New Zealand","Old Man Range, Otago","Old Man Range",169.215938011184,-45.3418160229921,,,2,2,2,2,"CP16670_2024-12-11_breast|CP16670_2024-12-11_breast feather","CP16670_2024-12-11_breast|CP16670_2024-12-11_breast feather",-26.0702167048647,7.14041835479308,-30.4746156629438,3.52153047896136,0.214,0.0311126983722081,"live_measurement_0105|live_measurement_0106|live_measurement_0365","live_measurement_0105|live_measurement_0106|live_measurement_0365","live_pheno_113|live_pheno_131","single_raw",FALSE,
"CP16670","Primary","M","unknown","unknown",FALSE,"South Island, New Zealand","Old Man Range, Otago","Old Man Range",169.215938011184,-45.3418160229921,,,2,2,2,2,"CP16670_2024-12-11_primary|CP16670_2024-12-11_primary feather","CP16670_2024-12-11_primary|CP16670_2024-12-11_primary feather",-22.9845231060158,4.95893178996275,-38.867214102134,3.49154478443063,0.1995,0.00353553390593274,"live_measurement_0107|live_measurement_0108|live_measurement_0366","live_measurement_0107|live_measurement_0108|live_measurement_0366","live_pheno_113|live_pheno_131","single_raw",FALSE,
"CP16671","Breast","F","unknown","unknown",FALSE,"South Island, New Zealand","Old Man Range, Otago","Old Man Range",169.213724015281,-45.3410719614476,,,2,2,2,2,"CP16671_2024-12-11_breast|CP16671_2024-12-11_breast feather","CP16671_2024-12-11_breast|CP16671_2024-12-11_breast feather",-21.4948794468739,10.3509292265791,-8.46640863138946,3.35313657163971,0.257,0.0678822509939086,"live_measurement_0109|live_measurement_0110|live_measurement_0367","live_measurement_0109|live_measurement_0110|live_measurement_0367","live_pheno_114|live_pheno_132","single_raw",FALSE,
"CP16671","Primary","F","unknown","unknown",FALSE,"South Island, New Zealand","Old Man Range, Otago","Old Man Range",169.213724015281,-45.3410719614476,,,2,2,2,2,"CP16671_2024-12-11_primary|CP16671_2024-12-11_primary feather","CP16671_2024-12-11_primary|CP16671_2024-12-11_primary feather",-22.6088299255407,5.71680698522049,-29.1666062816762,3.49429796929782,0.186,0.0282842712474619,"live_measurement_0111|live_measurement_0112|live_measurement_0368","live_measurement_0111|live_measurement_0112|live_measurement_0368","live_pheno_114|live_pheno_132","single_raw",FALSE,
"CP16677","Breast","M","unknown","unknown",FALSE,"South Island, New Zealand","Old Man Range, Otago","Old Man Range",169.20916903764,-45.3364670276642,,,2,2,2,2,"CP16677_2024-12-13_breast|CP16677_2024-12-13_breast feather","CP16677_2024-12-13_breast|CP16677_2024-12-13_breast feather",-13.4558267549856,10.491282119553,23.6307404741301,3.38717153015162,0.2025,0.0247487373415292,"live_measurement_0113|live_measurement_0114|live_measurement_0369","live_measurement_0113|live_measurement_0114|live_measurement_0369","live_pheno_115|live_pheno_133","single_raw",FALSE,
"CP16677","Primary","M","unknown","unknown",FALSE,"South Island, New Zealand","Old Man Range, Otago","Old Man Range",169.20916903764,-45.3364670276642,,,2,2,2,2,"CP16677_2024-12-13_primary|CP16677_2024-12-13_primary feather","CP16677_2024-12-13_primary|CP16677_2024-12-13_primary feather",-23.0656359175076,4.82354697155025,-34.6004419009405,3.45358752771625,0.195,0.0169705627484771,"live_measurement_0115|live_measurement_0116|live_measurement_0370","live_measurement_0115|live_measurement_0116|live_measurement_0370","live_pheno_115|live_pheno_133","single_raw",FALSE,
"CP16678","Breast","F","unknown","unknown",FALSE,"South Island, New Zealand","Old Man Range, Otago","Old Man Range",169.20916903764,-45.3364670276642,,,2,2,2,2,"CP16678_2024-12-13_breast|CP16678_2024-12-13_breast feather","CP16678_2024-12-13_breast|CP16678_2024-12-13_breast feather",-23.2303119996661,11.122604278131,-23.9824325756073,3.30016413403725,0.21,0.073539105243401,"live_measurement_0117|live_measurement_0118|live_measurement_0371","live_measurement_0117|live_measurement_0118|live_measurement_0371","live_pheno_116|live_pheno_134","single_raw",FALSE,
"CP16678","Primary","F","unknown","unknown",FALSE,"South Island, New Zealand","Old Man Range, Otago","Old Man Range",169.20916903764,-45.3364670276642,,,2,2,2,2,"CP16678_2024-12-13_primary|CP16678_2024-12-13_primary feather","CP16678_2024-12-13_primary|CP16678_2024-12-13_primary feather",-23.3576076214573,4.31363292039113,-48.5634253268174,3.42958328490398,0.213,0.0608111831820431,"live_measurement_0119|live_measurement_0120|live_measurement_0372","live_measurement_0119|live_measurement_0120|live_measurement_0372","live_pheno_116|live_pheno_134","single_raw",FALSE,
"CP16681","Breast","M","unknown","unknown",FALSE,"South Island, New Zealand","Rangipo Desert, Tongariro National Park","Rangipo Desert",175.731553025544,-39.2938620038331,,,2,2,2,2,"CP16681_2024-12-16_breast|CP16681_2024-12-16_breast feather","CP16681_2024-12-16_breast|CP16681_2024-12-16_breast feather",-11.5864767757948,12.329991989426,13.4233469567034,3.31800617986908,0.165,0.0410121933088197,"live_measurement_0121|live_measurement_0122|live_measurement_0373","live_measurement_0121|live_measurement_0122|live_measurement_0373","live_pheno_117|live_pheno_135","single_raw",FALSE,
"CP16681","Primary","M","unknown","unknown",FALSE,"South Island, New Zealand","Rangipo Desert, Tongariro National Park","Rangipo Desert",175.731553025544,-39.2938620038331,,,2,2,2,2,"CP16681_2024-12-16_primary|CP16681_2024-12-16_primary feather","CP16681_2024-12-16_primary|CP16681_2024-12-16_primary feather",-24.8246117480203,2.12613609965154,-42.1399924936475,3.47189636684835,0.199,0.00707106781186546,"live_measurement_0123|live_measurement_0124|live_measurement_0374","live_measurement_0123|live_measurement_0124|live_measurement_0374","live_pheno_117|live_pheno_135","single_raw",FALSE,
"CP16685","Breast","F","unknown","unknown",FALSE,"South Island, New Zealand","Rangipo Desert, Tongariro National Park","Rangipo Desert",175.731553025544,-39.2938620038331,,,2,2,2,2,"CP16685_2024-12-18_breast|CP16685_2024-12-18_breast feather","CP16685_2024-12-18_breast|CP16685_2024-12-18_breast feather",-12.729150059312,15.3213517395468,-17.1470393730512,3.39791612671006,0.219,0.0551543289325507,"live_measurement_0125|live_measurement_0126|live_measurement_0375","live_measurement_0125|live_measurement_0126|live_measurement_0375","live_pheno_118|live_pheno_136","single_raw",FALSE,
"CP16685","Primary","F","unknown","unknown",FALSE,"South Island, New Zealand","Rangipo Desert, Tongariro National Park","Rangipo Desert",175.731553025544,-39.2938620038331,,,2,2,2,2,"CP16685_2024-12-18_primary|CP16685_2024-12-18_primary feather","CP16685_2024-12-18_primary|CP16685_2024-12-18_primary feather",-23.9469843990072,5.32339087595626,-13.9699559969055,3.33187844659801,0.29,0.103237590053236,"live_measurement_0127|live_measurement_0128|live_measurement_0376","live_measurement_0127|live_measurement_0128|live_measurement_0376","live_pheno_118|live_pheno_136","single_raw",FALSE,
"CP16686","Breast","F","unknown","unknown",FALSE,"South Island, New Zealand","Old Man Range, Otago","Old Man Range",169.211730966344,-45.3636030200869,,,2,2,2,2,"CP16686_2025-01-07_breast|CP16686_2025-01-07_breast feather","CP16686_2025-01-07_breast|CP16686_2025-01-07_breast feather",-22.8282194800399,11.6102601762633,6.92875757183257,3.40128142221385,0.261,0.0579827560572969,"live_measurement_0129|live_measurement_0130|live_measurement_0377","live_measurement_0129|live_measurement_0130|live_measurement_0377","live_pheno_119|live_pheno_137","single_raw",FALSE,
"CP16686","Primary","F","unknown","unknown",FALSE,"South Island, New Zealand","Old Man Range, Otago","Old Man Range",169.211730966344,-45.3636030200869,,,2,2,2,2,"CP16686_2025-01-07_primary|CP16686_2025-01-07_primary feather","CP16686_2025-01-07_primary|CP16686_2025-01-07_primary feather",-22.9320068549817,5.19957463852285,-32.138571119093,3.44574580315402,0.1665,0.0487903679018718,"live_measurement_0131|live_measurement_0132|live_measurement_0378","live_measurement_0131|live_measurement_0132|live_measurement_0378","live_pheno_119|live_pheno_137","single_raw",FALSE,
"CP16693","Breast","F","SI migrant","migrant",TRUE,"South Island, New Zealand","Kaitorete Spit, Canterbury","Kaitorete",172.608074,-43.830353,"266394","PTT revealed that the bird left the breeding grounds at Birdlings Flat in late October and went to the agricultural fields near the Rakaia River where it stayed until July, when it returned to Birdling's Flat",2,2,3,2,"CP16693_2024-09-30_breast|CP16693_2024-09-30_breast feather|CP16693_2024-09-30_breast feather_rpt","CP16693_2024-09-30_breast|CP16693_2024-09-30_breast feather",-23.9903077104457,10.3932300598609,-26.71935198726,3.36312580566798,0.16275,0.0562149891043305,"live_measurement_0133|live_measurement_0135|live_measurement_0134|live_measurement_0136|live_measurement_0379","live_measurement_0135|live_measurement_0136|live_measurement_0379","live_pheno_052|live_pheno_062","explicit_use_selected_row|single_raw",FALSE,
"CP16693","Primary","F","SI migrant","migrant",TRUE,"South Island, New Zealand","Kaitorete Spit, Canterbury","Kaitorete",172.608074,-43.830353,"266394","PTT revealed that the bird left the breeding grounds at Birdlings Flat in late October and went to the agricultural fields near the Rakaia River where it stayed until July, when it returned to Birdling's Flat",2,2,2,2,"CP16693_2024-09-30_primary|CP16693_2024-09-30_primary feather","CP16693_2024-09-30_primary|CP16693_2024-09-30_primary feather",-23.5712912185321,9.98347458645412,-14.9088613419557,3.50217645091409,0.2435,0.0233345237791561,"live_measurement_0137|live_measurement_0138|live_measurement_0380","live_measurement_0137|live_measurement_0138|live_measurement_0380","live_pheno_052|live_pheno_062","single_raw",FALSE,
"CP16784","Breast","F","resident","resident",TRUE,"South Island, New Zealand","Tiwai Point, Canterbury","Tiwai Point",168.433454,-46.606459,"266454","PTT revealed that the bird moved to Waipapa Point for two weeks (Nov 13 to Dec 1) before returning to Tiwai Point / Awarua Bay for the remainder of the year",2,2,2,2,"CP16784_2024-10-16_breast|CP16784_2024-10-16_breast feather","CP16784_2024-10-16_breast|CP16784_2024-10-16_breast feather",-17.7753149745893,12.4697845155605,5.41951563916892,3.35108450728275,0.2145,0.0586898628384835,"live_measurement_0139|live_measurement_0140|live_measurement_0381","live_measurement_0139|live_measurement_0140|live_measurement_0381","live_pheno_078|live_pheno_100","single_raw",FALSE,
"CP16784","Primary","F","resident","resident",TRUE,"South Island, New Zealand","Tiwai Point, Canterbury","Tiwai Point",168.433454,-46.606459,"266454","PTT revealed that the bird moved to Waipapa Point for two weeks (Nov 13 to Dec 1) before returning to Tiwai Point / Awarua Bay for the remainder of the year",2,2,2,2,"CP16784_2024-10-16_primary|CP16784_2024-10-16_primary feather","CP16784_2024-10-16_primary|CP16784_2024-10-16_primary feather",-20.600078291815,10.0258155122885,-14.6065660589455,3.57774690055043,0.225,0.0113137084989848,"live_measurement_0141|live_measurement_0142|live_measurement_0382","live_measurement_0141|live_measurement_0142|live_measurement_0382","live_pheno_078|live_pheno_100","single_raw",FALSE,
"CP16815","Breast","M","AU migrant","migrant",TRUE,"South Island, New Zealand","Tasman River, Mt. Cook National Park","Tasman River",170.143369,-43.736814,"266412","PTT revealed this bird migrating to the mouth of the Manning River, New South Wales (arrival: May 29) - after breeding season it staged at the Clutha River Mouth April 23 to May 20.",2,2,2,2,"CP16815_2024-10-10_breast|CP16815_2024-10-10_breast feather","CP16815_2024-10-10_breast|CP16815_2024-10-10_breast feather",-11.5019399887621,10.336486782594,1.61521541282142,3.45153596485853,0.2265,0.00494974746830584,"live_measurement_0143|live_measurement_0144|live_measurement_0383","live_measurement_0143|live_measurement_0144|live_measurement_0383","live_pheno_011|live_pheno_028","single_raw",FALSE,
"CP16815","Primary","M","AU migrant","migrant",TRUE,"South Island, New Zealand","Tasman River, Mt. Cook National Park","Tasman River",170.143369,-43.736814,"266412","PTT revealed this bird migrating to the mouth of the Manning River, New South Wales (arrival: May 29) - after breeding season it staged at the Clutha River Mouth April 23 to May 20.",2,2,2,2,"CP16815_2024-10-10_primary|CP16815_2024-10-10_primary feather","CP16815_2024-10-10_primary|CP16815_2024-10-10_primary feather",-22.1190010157748,3.38283743018004,-29.146229421724,3.49483567242185,0.2315,0.00777817459305201,"live_measurement_0145|live_measurement_0146|live_measurement_0384","live_measurement_0145|live_measurement_0146|live_measurement_0384","live_pheno_011|live_pheno_028","single_raw",FALSE,
"CP16906","Breast","F","resident","resident",TRUE,"South Island, New Zealand","Kaikoura, Canterbury","Kaikoura",173.681912,-42.392022,,"Ailsa observation",2,2,2,2,"CP16906_2024-10-08_breast|CP16906_2024-10-08_breast feather","CP16906_2024-10-08_breast|CP16906_2024-10-08_breast feather",-16.5028394162731,13.1400023297407,0.256205020893907,3.32597487741899,0.217,0.0820243866176395,"live_measurement_0147|live_measurement_0148|live_measurement_0385","live_measurement_0147|live_measurement_0148|live_measurement_0385","live_pheno_079|live_pheno_101","single_raw",FALSE,
"CP16906","Primary","F","resident","resident",TRUE,"South Island, New Zealand","Kaikoura, Canterbury","Kaikoura",173.681912,-42.392022,,"Ailsa observation",2,2,2,2,"CP16906_2024-10-08_primary|CP16906_2024-10-08_primary feather","CP16906_2024-10-08_primary|CP16906_2024-10-08_primary feather",-13.6498010358103,15.2595855384279,-13.6066491723206,3.46009977035282,0.21,0.00707106781186548,"live_measurement_0149|live_measurement_0150|live_measurement_0386","live_measurement_0149|live_measurement_0150|live_measurement_0386","live_pheno_079|live_pheno_101","single_raw",FALSE,
"CP16938","Breast","M","NI migrant","migrant",TRUE,"South Island, New Zealand","Rangipo Desert, Tongariro National Park","Rangipo Desert",175.727142,-39.291327,,"Resighting at Omaha Spit, North Island on March 15",2,2,2,2,"CP16938_2024-11-04_breast|CP16938_2024-11-04_breast feather","CP16938_2024-11-04_breast|CP16938_2024-11-04_breast feather",-11.7732858837485,13.0505573731248,5.92872165565658,3.47017582461009,0.215,0.0395979797464467,"live_measurement_0151|live_measurement_0152|live_measurement_0387","live_measurement_0151|live_measurement_0152|live_measurement_0387","live_pheno_036|live_pheno_043","single_raw",FALSE,
"CP16938","Primary","M","NI migrant","migrant",TRUE,"South Island, New Zealand","Rangipo Desert, Tongariro National Park","Rangipo Desert",175.727142,-39.291327,,"Resighting at Omaha Spit, North Island on March 15",2,2,2,2,"CP16938_2024-11-04_primary|CP16938_2024-11-04_primary feather","CP16938_2024-11-04_primary|CP16938_2024-11-04_primary feather",-24.5751595556081,4.03031000921216,-15.7371655440715,3.37871813694405,0.217,0.0494974746830583,"live_measurement_0153|live_measurement_0154|live_measurement_0388","live_measurement_0153|live_measurement_0154|live_measurement_0388","live_pheno_036|live_pheno_043","single_raw",FALSE,
"CP16945","Breast","M","NI migrant","migrant",TRUE,"South Island, New Zealand","Rangipo Desert, Tongariro National Park","Rangipo Desert",175.702629005536,-39.379794029519,,"Resighting at Omaha Spit, North Island on Jan 12",2,2,2,2,"CP16945_2024-11-13_breast|CP16945_2024-11-13_breast feather","CP16945_2024-11-13_breast|CP16945_2024-11-13_breast feather",-11.7238269708072,13.2076893499419,6.53339665206986,3.49665768443661,0.2245,0.0530330085889911,"live_measurement_0155|live_measurement_0156|live_measurement_0389","live_measurement_0155|live_measurement_0156|live_measurement_0389","live_pheno_037|live_pheno_044","single_raw",FALSE,
"CP16945","Primary","M","NI migrant","migrant",TRUE,"South Island, New Zealand","Rangipo Desert, Tongariro National Park","Rangipo Desert",175.702629005536,-39.379794029519,,"Resighting at Omaha Spit, North Island on Jan 12",2,2,2,2,"CP16945_2024-11-13_primary|CP16945_2024-11-13_primary feather","CP16945_2024-11-13_primary|CP16945_2024-11-13_primary feather",-24.6080177935943,4.96402290137249,-16.5460744738314,3.45453233485409,0.2125,0.00353553390593274,"live_measurement_0157|live_measurement_0158|live_measurement_0390","live_measurement_0157|live_measurement_0158|live_measurement_0390","live_pheno_037|live_pheno_044","single_raw",FALSE,
"CP16953","Breast","M","NI migrant","migrant",TRUE,"South Island, New Zealand","Rangipo Desert, Tongariro National Park","Rangipo Desert",175.700161037967,-39.3611319735646,,"Resighting at Karaka, North Island on July 20",2,2,2,2,"CP16953_2024-11-14_breast|CP16953_2024-11-14_breast feather","CP16953_2024-11-14_breast|CP16953_2024-11-14_breast feather",-11.1905850372296,18.6186586293908,3.99308970394748,3.33228931606423,0.264,0.0721248916810279,"live_measurement_0159|live_measurement_0160|live_measurement_0391","live_measurement_0159|live_measurement_0160|live_measurement_0391","live_pheno_038|live_pheno_045","single_raw",FALSE,
"CP16953","Primary","M","NI migrant","migrant",TRUE,"South Island, New Zealand","Rangipo Desert, Tongariro National Park","Rangipo Desert",175.700161037967,-39.3611319735646,,"Resighting at Karaka, North Island on July 20",2,2,2,2,"CP16953_2024-11-14_primary|CP16953_2024-11-14_primary feather","CP16953_2024-11-14_primary|CP16953_2024-11-14_primary feather",-24.7953238387897,6.09923939600272,-22.6027586527885,3.33030835414537,0.199,0.0311126983722081,"live_measurement_0161|live_measurement_0162|live_measurement_0392","live_measurement_0161|live_measurement_0162|live_measurement_0392","live_pheno_038|live_pheno_045","single_raw",FALSE,
"CP16958","Breast","F","NI migrant","migrant",TRUE,"South Island, New Zealand","Napier, Hawkes Bay","Napier",176.92653497681,-39.5726949814707,,"Resighting at Miranda, North Island on May 17",2,2,2,2,"CP16958_2024-12-03_breast|CP16958_2024-12-03_breast feather","CP16958_2024-12-03_breast|CP16958_2024-12-03_breast feather",-15.333309301501,15.8617503104097,-19.3472246308733,3.40582247818053,0.1805,0.0685893577750951,"live_measurement_0163|live_measurement_0164|live_measurement_0393","live_measurement_0163|live_measurement_0164|live_measurement_0393","live_pheno_039|live_pheno_046","single_raw",FALSE,
"CP16958","Primary","F","NI migrant","migrant",TRUE,"South Island, New Zealand","Napier, Hawkes Bay","Napier",176.92653497681,-39.5726949814707,,"Resighting at Miranda, North Island on May 17",2,2,2,2,"CP16958_2024-12-03_primary|CP16958_2024-12-03_primary feather","CP16958_2024-12-03_primary|CP16958_2024-12-03_primary feather",-23.3505356424689,12.5582551483587,-35.7726947877325,3.35388413130818,0.2225,0.0162634559672906,"live_measurement_0165|live_measurement_0166|live_measurement_0394","live_measurement_0165|live_measurement_0166|live_measurement_0394","live_pheno_039|live_pheno_046","single_raw",FALSE,
"CP16961","Breast","M","unknown","unknown",FALSE,"South Island, New Zealand","Napier, Hawkes Bay","Napier",176.893405001611,-39.485479015857,,,2,2,2,2,"CP16961_2024-12-04_breast|CP16961_2024-12-04_breast feather","CP16961_2024-12-04_breast|CP16961_2024-12-04_breast feather",-14.5960619312138,13.4583173789402,-8.34791957347197,3.5456990854605,0.1865,0.0318198051533946,"live_measurement_0167|live_measurement_0168|live_measurement_0395","live_measurement_0167|live_measurement_0168|live_measurement_0395","live_pheno_120|live_pheno_138","single_raw",FALSE,
"CP16961","Primary","M","unknown","unknown",FALSE,"South Island, New Zealand","Napier, Hawkes Bay","Napier",176.893405001611,-39.485479015857,,,2,2,2,2,"CP16961_2024-12-04_primary|CP16961_2024-12-04_primary feather","CP16961_2024-12-04_primary|CP16961_2024-12-04_primary feather",-19.2336335885078,8.96356343453263,-8.28306453294192,3.50286945887626,0.224,0.00424264068711929,"live_measurement_0169|live_measurement_0170|live_measurement_0396","live_measurement_0169|live_measurement_0170|live_measurement_0396","live_pheno_120|live_pheno_138","single_raw",FALSE,
"CP16962","Breast","F","unknown","unknown",FALSE,"South Island, New Zealand","Napier, Hawkes Bay","Napier",176.893405001611,-39.485479015857,,,2,2,3,2,"CP16962_2024-12-04_breast|CP16962_2024-12-04_breast feather|CP16962_2024-12-04_breast feather_rpt","CP16962_2024-12-04_breast|CP16962_2024-12-04_breast feather",-16.5685893657156,11.1111624332632,-8.81429440605852,3.39138143089539,0.24775,0.011667261889578,"live_measurement_0171|live_measurement_0173|live_measurement_0172|live_measurement_0174|live_measurement_0397","live_measurement_0173|live_measurement_0174|live_measurement_0397","live_pheno_121|live_pheno_139","explicit_use_selected_row|single_raw",FALSE,
"CP16962","Primary","F","unknown","unknown",FALSE,"South Island, New Zealand","Napier, Hawkes Bay","Napier",176.893405001611,-39.485479015857,,,2,2,2,2,"CP16962_2024-12-04_primary|CP16962_2024-12-04_primary feather","CP16962_2024-12-04_primary|CP16962_2024-12-04_primary feather",-23.072707896496,12.8030948316534,-11.9012511952649,3.41978730739081,0.219,0.0438406204335659,"live_measurement_0175|live_measurement_0176|live_measurement_0398","live_measurement_0175|live_measurement_0176|live_measurement_0398","live_pheno_121|live_pheno_139","single_raw",FALSE,
"CP16990","Breast","M","NI migrant","migrant",TRUE,"South Island, New Zealand","Napier, Hawkes Bay","Napier",176.930825,-39.575394,,"Resighting at Kaipara Harbour, North Island on Feb 24",2,2,2,2,"CP16990_2024-10-31_breast|CP16990_2024-10-31_breast feather","CP16990_2024-10-31_breast|CP16990_2024-10-31_breast feather",-12.5570174920222,13.8936712460448,-3.16996835110101,3.47063194603221,0.198,0.0537401153701776,"live_measurement_0177|live_measurement_0178|live_measurement_0399","live_measurement_0177|live_measurement_0178|live_measurement_0399","live_pheno_040|live_pheno_047","single_raw",FALSE,
"CP16990","Primary","M","NI migrant","migrant",TRUE,"South Island, New Zealand","Napier, Hawkes Bay","Napier",176.930825,-39.575394,,"Resighting at Kaipara Harbour, North Island on Feb 24",2,2,2,2,"CP16990_2024-10-31_primary|CP16990_2024-10-31_primary feather","CP16990_2024-10-31_primary|CP16990_2024-10-31_primary feather",-21.3171321356814,11.1108014579245,-11.1621856176019,3.33290016986395,0.202,0.0692964645562817,"live_measurement_0179|live_measurement_0180|live_measurement_0400","live_measurement_0179|live_measurement_0180|live_measurement_0400","live_pheno_040|live_pheno_047","single_raw",FALSE,
"CP17010","Breast","M","resident","resident",TRUE,"South Island, New Zealand","Tiwai Point, Canterbury","Tiwai Point",168.425144,-46.604315,"266397","PTT revealed that the bird remained at the Awarua Bay / Tiwai Point the full year",2,2,2,2,"CP17010_2024-10-16_breast|CP17010_2024-10-16_breast feather","CP17010_2024-10-16_breast|CP17010_2024-10-16_breast feather",-20.7990391206713,8.32593463371651,-10.8621226749196,3.41907042465633,0.2775,0.11667261889578,"live_measurement_0181|live_measurement_0182|live_measurement_0401","live_measurement_0181|live_measurement_0182|live_measurement_0401","live_pheno_080|live_pheno_102","single_raw",FALSE,
"CP17010","Primary","M","resident","resident",TRUE,"South Island, New Zealand","Tiwai Point, Canterbury","Tiwai Point",168.425144,-46.604315,"266397","PTT revealed that the bird remained at the Awarua Bay / Tiwai Point the full year",2,2,3,2,"CP17010_2024-10-16_primary|CP17010_2024-10-16_primary feather|CP17010_2024-10-16_primary feather_rpt","CP17010_2024-10-16_primary|CP17010_2024-10-16_primary feather",-23.6830423249234,6.26209391684193,-12.0894925276413,3.3266523913021,0.2605,0.0275771644662754,"live_measurement_0183|live_measurement_0185|live_measurement_0184|live_measurement_0186|live_measurement_0402","live_measurement_0185|live_measurement_0186|live_measurement_0402","live_pheno_080|live_pheno_102","explicit_use_selected_row|single_raw",FALSE,
"CP17011","Breast","F","SI migrant","migrant",TRUE,"South Island, New Zealand","Tiwai Point, Canterbury","Tiwai Point",168.425144,-46.604315,"266413","PTT revealed that the bird left the breeding grounds at Tiwai Point in early Dec and went to Toetoe Harbour near the Mataura River Mouth where it stayed until June, when it returned to Tiwai Point / Awarua Bay",2,2,2,2,"CP17011_2024-10-16_breast|CP17011_2024-10-16_breast feather","CP17011_2024-10-16_breast|CP17011_2024-10-16_breast feather",-16.8007345467439,13.2755885769215,-13.8562071586242,3.30938878617553,0.2395,0.0784888527117068,"live_measurement_0187|live_measurement_0188|live_measurement_0403","live_measurement_0187|live_measurement_0188|live_measurement_0403","live_pheno_053|live_pheno_063","single_raw",FALSE,
"CP17011","Primary","F","SI migrant","migrant",TRUE,"South Island, New Zealand","Tiwai Point, Canterbury","Tiwai Point",168.425144,-46.604315,"266413","PTT revealed that the bird left the breeding grounds at Tiwai Point in early Dec and went to Toetoe Harbour near the Mataura River Mouth where it stayed until June, when it returned to Tiwai Point / Awarua Bay",2,2,2,2,"CP17011_2024-10-16_primary|CP17011_2024-10-16_primary feather","CP17011_2024-10-16_primary|CP17011_2024-10-16_primary feather",-22.5847413462965,7.86987873353459,-25.8318358866134,3.37099817139148,0.2055,0.051618795026618,"live_measurement_0189|live_measurement_0190|live_measurement_0404","live_measurement_0189|live_measurement_0190|live_measurement_0404","live_pheno_053|live_pheno_063","single_raw",FALSE,
"CP19307","Breast","M","unknown","unknown",FALSE,"South Island, New Zealand","Cass River, Canterbury","Cass River",170.477445,-43.873901,,,2,2,2,2,"CP19307_2024-10-12_breast|CP19307_2024-10-12_breast feather","CP19307_2024-10-12_breast|CP19307_2024-10-12_breast feather",-22.2159881561871,11.2409771828643,-1.28331082248131,3.35267417337102,0.2195,0.0176776695296637,"live_measurement_0191|live_measurement_0192|live_measurement_0405","live_measurement_0191|live_measurement_0192|live_measurement_0405","live_pheno_122|live_pheno_140","single_raw",FALSE,
"CP19307","Primary","M","unknown","unknown",FALSE,"South Island, New Zealand","Cass River, Canterbury","Cass River",170.477445,-43.873901,,,2,2,2,2,"CP19307_2024-10-12_primary|CP19307_2024-10-12_primary feather","CP19307_2024-10-12_primary|CP19307_2024-10-12_primary feather",-23.1747464504715,8.00646285438079,-21.2580920061684,3.43264830159768,0.223,0.0395979797464467,"live_measurement_0193|live_measurement_0194|live_measurement_0406","live_measurement_0193|live_measurement_0194|live_measurement_0406","live_pheno_122|live_pheno_140","single_raw",FALSE,
"CP19308","Breast","M","unknown","unknown",FALSE,"South Island, New Zealand","Cass River, Canterbury","Cass River",170.477445,-43.873901,,,2,2,2,2,"CP19308_2024-10-12_breast|CP19308_2024-10-12_breast feather","CP19308_2024-10-12_breast|CP19308_2024-10-12_breast feather",-12.0586057634204,12.8830218357041,-15.8191556576536,3.27779555686636,0.2355,0.051618795026618,"live_measurement_0195|live_measurement_0196|live_measurement_0407","live_measurement_0195|live_measurement_0196|live_measurement_0407","live_pheno_123|live_pheno_141","single_raw",FALSE,
"CP19308","Primary","M","unknown","unknown",FALSE,"South Island, New Zealand","Cass River, Canterbury","Cass River",170.477445,-43.873901,,,2,2,2,2,"CP19308_2024-10-12_primary|CP19308_2024-10-12_primary feather","CP19308_2024-10-12_primary|CP19308_2024-10-12_primary feather",-23.8789135011736,9.19525057285691,-55.1984919659272,3.38907864441033,0.237,0.0127279220613578,"live_measurement_0197|live_measurement_0198|live_measurement_0408","live_measurement_0197|live_measurement_0198|live_measurement_0408","live_pheno_123|live_pheno_141","single_raw",FALSE,
"CP19311","Breast","M","SI migrant","migrant",TRUE,"South Island, New Zealand","Tasman River, Mt. Cook National Park","Tasman River",170.146284,-43.725414,"266375","PTT revealed that the bird left the breeding grounds at Tasman Valley and flew to the Hunter River Mouth (Lake Hawea) in mid-Feb and wintered there until early Aug before returning to the Tasman Valley (Glentanner to stage for a couple weeks, then to breeding site)",2,2,2,2,"CP19311_2024-10-11_breast|CP19311_2024-10-11_breast feather","CP19311_2024-10-11_breast|CP19311_2024-10-11_breast feather",-22.5401886120996,8.16879707947654,-67.5925063450784,3.30554836394745,0.243,0,"live_measurement_0199|live_measurement_0200|live_measurement_0409","live_measurement_0199|live_measurement_0200|live_measurement_0409","live_pheno_054|live_pheno_064","single_raw",FALSE,
"CP19311","Primary","M","SI migrant","migrant",TRUE,"South Island, New Zealand","Tasman River, Mt. Cook National Park","Tasman River",170.146284,-43.725414,"266375","PTT revealed that the bird left the breeding grounds at Tasman Valley and flew to the Hunter River Mouth (Lake Hawea) in mid-Feb and wintered there until early Aug before returning to the Tasman Valley (Glentanner to stage for a couple weeks, then to breeding site)",2,2,3,3,"CP19311_2024-10-11_primary|CP19311_2024-10-11_primary feather|CP19311_2024-10-11_primary feather_rpt","CP19311_2024-10-11_primary|CP19311_2024-10-11_primary feather",-23.2344802623803,5.47167080546321,-30.7820163099934,3.41718181661793,0.22,0.0565685424949238,"live_measurement_0201|live_measurement_0203|live_measurement_0202|live_measurement_0204|live_measurement_0410","live_measurement_0201|live_measurement_0203|live_measurement_0202|live_measurement_0204|live_measurement_0410","live_pheno_054|live_pheno_064","mean_of_valid_repeats|single_raw",FALSE,
"CP19312","Breast","F","AU migrant","migrant",TRUE,"South Island, New Zealand","Tasman River, Mt. Cook National Park","Tasman River",170.145122,-43.729755,"266441","PTT revealed this bird migrating to west of Lake Martin, inland Victoria (arrival: July 2) BUT left Tasman Valley breeding grounds in early Dec to stay at Awarua Bay until mid May when it flew to AU",2,2,2,2,"CP19312_2024-10-11_breast|CP19312_2024-10-11_breast feather","CP19312_2024-10-11_breast|CP19312_2024-10-11_breast feather",-20.1365264153173,15.7489177714583,-5.76406501795435,3.33430696906379,0.2055,0.0728319984622144,"live_measurement_0205|live_measurement_0206|live_measurement_0411","live_measurement_0205|live_measurement_0206|live_measurement_0411","live_pheno_012|live_pheno_029","single_raw",FALSE,
"CP19312","Primary","F","AU migrant","migrant",TRUE,"South Island, New Zealand","Tasman River, Mt. Cook National Park","Tasman River",170.145122,-43.729755,"266441","PTT revealed this bird migrating to west of Lake Martin, inland Victoria (arrival: July 2) BUT left Tasman Valley breeding grounds in early Dec to stay at Awarua Bay until mid May when it flew to AU",2,2,2,2,"CP19312_2024-10-11_primary|CP19312_2024-10-11_primary feather","CP19312_2024-10-11_primary|CP19312_2024-10-11_primary feather",-22.7393146013286,7.50565441127808,-6.65958180830863,3.36410491481139,0.213,0.0636396103067893,"live_measurement_0207|live_measurement_0208|live_measurement_0412","live_measurement_0207|live_measurement_0208|live_measurement_0412","live_pheno_012|live_pheno_029","single_raw",FALSE,
"CP19314","Breast","M","AU migrant","migrant",TRUE,"South Island, New Zealand","Tasman River, Mt. Cook National Park","Tasman River",170.144119,-43.736765,"266442","PTT revealed this bird migrating to the Great Musselroe River, Inland NE Tasmania (arrival: April 24)",2,2,2,2,"CP19314_2024-10-10_breast|CP19314_2024-10-10_breast feather","CP19314_2024-10-10_breast|CP19314_2024-10-10_breast feather",-20.9353793877792,9.11276685224496,-4.50714443967175,3.48108523354187,0.182,0.014142135623731,"live_measurement_0209|live_measurement_0210|live_measurement_0413","live_measurement_0209|live_measurement_0210|live_measurement_0413","live_pheno_013|live_pheno_030","single_raw",FALSE,
"CP19314","Primary","M","AU migrant","migrant",TRUE,"South Island, New Zealand","Tasman River, Mt. Cook National Park","Tasman River",170.144119,-43.736765,"266442","PTT revealed this bird migrating to the Great Musselroe River, Inland NE Tasmania (arrival: April 24)",2,2,2,2,"CP19314_2024-10-10_primary|CP19314_2024-10-10_primary feather","CP19314_2024-10-10_primary|CP19314_2024-10-10_primary feather",-22.7451701926486,3.88852044699003,-21.4992239248411,3.48440487722421,0.201,0.0014142135623731,"live_measurement_0211|live_measurement_0212|live_measurement_0414","live_measurement_0211|live_measurement_0212|live_measurement_0414","live_pheno_013|live_pheno_030","single_raw",FALSE,
"CP19327","Breast","M","SI migrant","migrant",TRUE,"South Island, New Zealand","Porters Beach, Abel Tasman National Park","Porters Beach",173.011575,-40.993306,"266421","PTT revealed that the bird left the breeding grounds at Porter's Beach in late February and wintered at the Waimea Inlet until early August",2,2,2,2,"CP19327_2024-10-04_breast|CP19327_2024-10-04_breast feather","CP19327_2024-10-04_breast|CP19327_2024-10-04_breast feather",-14.7462971530249,14.2859172518353,-10.4885647577129,3.38331996529757,0.2485,0.00919238815542513,"live_measurement_0213|live_measurement_0214|live_measurement_0415","live_measurement_0213|live_measurement_0214|live_measurement_0415","live_pheno_055|live_pheno_065","single_raw",FALSE,
"CP19327","Primary","M","SI migrant","migrant",TRUE,"South Island, New Zealand","Porters Beach, Abel Tasman National Park","Porters Beach",173.011575,-40.993306,"266421","PTT revealed that the bird left the breeding grounds at Porter's Beach in late February and wintered at the Waimea Inlet until early August",2,2,2,2,"CP19327_2024-10-04_primary|CP19327_2024-10-04_primary feather","CP19327_2024-10-04_primary|CP19327_2024-10-04_primary feather",-14.4092252688807,10.132253774983,-23.2736295650277,3.31591810647378,0.288,0.0791959594928933,"live_measurement_0215|live_measurement_0216|live_measurement_0416","live_measurement_0215|live_measurement_0216|live_measurement_0416","live_pheno_055|live_pheno_065","single_raw",FALSE,
"CP19340","Breast","M","AU migrant","migrant",TRUE,"South Island, New Zealand","Tasman River, Mt. Cook National Park","Tasman River",170.14463,-43.734073,"266393","PTT revealed this bird migrating to coastal Victoria near Lake Wellington (arrival: late March), but PTT stopped transmitting right before arrival",2,2,2,2,"CP19340_2024-10-10_breast|CP19340_2024-10-10_breast feather","CP19340_2024-10-10_breast|CP19340_2024-10-10_breast feather",-23.1370222195958,12.2141638963432,3.25806710111963,3.39590848907457,0.1725,0.0784888527117068,"live_measurement_0217|live_measurement_0218|live_measurement_0417","live_measurement_0217|live_measurement_0218|live_measurement_0417","live_pheno_014|live_pheno_031","single_raw",FALSE,
"CP19340","Primary","M","AU migrant","migrant",TRUE,"South Island, New Zealand","Tasman River, Mt. Cook National Park","Tasman River",170.14463,-43.734073,"266393","PTT revealed this bird migrating to coastal Victoria near Lake Wellington (arrival: late March), but PTT stopped transmitting right before arrival",2,2,2,2,"CP19340_2024-10-10_primary|CP19340_2024-10-10_primary feather","CP19340_2024-10-10_primary|CP19340_2024-10-10_primary feather",-24.1378607729583,3.1426274682581,-26.5785510156445,3.5218612875793,0.24,0.00989949493661165,"live_measurement_0219|live_measurement_0220|live_measurement_0418","live_measurement_0219|live_measurement_0220|live_measurement_0418","live_pheno_014|live_pheno_031","single_raw",FALSE,
"CP19346","Breast","M","resident","resident",TRUE,"South Island, New Zealand","Kaitorete Spit, Canterbury","Kaitorete",172.431853,-43.845691,"266459","PTT revealed that the bird remained at Lake Ellesmere / Kaitorete Spit the full year",2,2,2,2,"CP19346_2024-10-02_breast|CP19346_2024-10-02_breast feather","CP19346_2024-10-02_breast|CP19346_2024-10-02_breast feather",-23.6106784068077,11.4762590619618,-11.4546469831619,3.50032160664922,0.191,0.0212132034355964,"live_measurement_0221|live_measurement_0222|live_measurement_0419","live_measurement_0221|live_measurement_0222|live_measurement_0419","live_pheno_081|live_pheno_103","single_raw",FALSE,
"CP19346","Primary","M","resident","resident",TRUE,"South Island, New Zealand","Kaitorete Spit, Canterbury","Kaitorete",172.431853,-43.845691,"266459","PTT revealed that the bird remained at Lake Ellesmere / Kaitorete Spit the full year",2,2,2,2,"CP19346_2024-10-02_primary|CP19346_2024-10-02_primary feather","CP19346_2024-10-02_primary|CP19346_2024-10-02_primary feather",-21.4089644128114,13.9745906479413,-10.5715366479889,3.43371488382347,0.183,0.0410121933088197,"live_measurement_0223|live_measurement_0224|live_measurement_0420","live_measurement_0223|live_measurement_0224|live_measurement_0420","live_pheno_081|live_pheno_103","single_raw",FALSE,
"CP19350","Breast","F","SI migrant","migrant",TRUE,"South Island, New Zealand","Kaitorete Spit, Canterbury","Kaitorete",172.591216,-43.832075,"266387","PTT revealed that the bird left the breeding grounds at Birdlings Flat in early May and went to the agricultural fields near the Rakaia River where it stayed until late July, when it returned to Birdling's Flat",2,2,2,2,"CP19350_2024-09-30_breast|CP19350_2024-09-30_breast feather","CP19350_2024-09-30_breast|CP19350_2024-09-30_breast feather",-22.9932864768683,10.2356874401532,-14.5679577035717,3.36637403590901,0.2255,0.0247487373415292,"live_measurement_0225|live_measurement_0226|live_measurement_0421","live_measurement_0225|live_measurement_0226|live_measurement_0421","live_pheno_056|live_pheno_066","single_raw",FALSE,
"CP19350","Primary","F","SI migrant","migrant",TRUE,"South Island, New Zealand","Kaitorete Spit, Canterbury","Kaitorete",172.591216,-43.832075,"266387","PTT revealed that the bird left the breeding grounds at Birdlings Flat in early May and went to the agricultural fields near the Rakaia River where it stayed until late July, when it returned to Birdling's Flat",2,2,3,3,"CP19350_2024-09-30_primary|CP19350_2024-09-30_primary feather|CP19350_2024-09-30_primary feather_rpt","CP19350_2024-09-30_primary|CP19350_2024-09-30_primary feather",-20.4117485454833,15.2903010272083,-4.90486384322455,3.36542626136903,0.2135,0.0134350288425444,"live_measurement_0227|live_measurement_0229|live_measurement_0228|live_measurement_0230|live_measurement_0422","live_measurement_0227|live_measurement_0229|live_measurement_0228|live_measurement_0230|live_measurement_0422","live_pheno_056|live_pheno_066","lab_green_average|single_raw",FALSE,
"CP19360","Breast","F","SI migrant","migrant",TRUE,"South Island, New Zealand","Motueka Spit, Tasman Bay","Motueka Spit",173.030661,-41.11765,"266403","PTT revealed that the bird left the breeding grounds at Porter's Beach shortly after deployment, when it jumped between to the Wainui Inlet and Motueka Spit and the Motueka River Mouth",2,2,2,2,"CP19360_2024-10-04_breast|CP19360_2024-10-04_breast feather","CP19360_2024-10-04_breast|CP19360_2024-10-04_breast feather",-15.6494167356104,9.64897104177514,-27.747857656815,3.4836008419276,0.202,0.045254833995939,"live_measurement_0231|live_measurement_0232|live_measurement_0423","live_measurement_0231|live_measurement_0232|live_measurement_0423","live_pheno_057|live_pheno_067","single_raw",FALSE,
"CP19360","Primary","F","SI migrant","migrant",TRUE,"South Island, New Zealand","Motueka Spit, Tasman Bay","Motueka Spit",173.030661,-41.11765,"266403","PTT revealed that the bird left the breeding grounds at Porter's Beach shortly after deployment, when it jumped between to the Wainui Inlet and Motueka Spit and the Motueka River Mouth",2,2,2,2,"CP19360_2024-10-04_primary|CP19360_2024-10-04_primary feather","CP19360_2024-10-04_primary|CP19360_2024-10-04_primary feather",-12.5071712878275,8.99088025870186,-26.0340508030579,3.39460799643214,0.2545,0.021920310216783,"live_measurement_0233|live_measurement_0234|live_measurement_0424","live_measurement_0233|live_measurement_0234|live_measurement_0424","live_pheno_057|live_pheno_067","single_raw",FALSE,
"CP19361","Breast","M","resident","resident",TRUE,"South Island, New Zealand","Motueka Spit, Tasman Bay","Motueka Spit",173.033468,-41.123473,"266469","PTT revealed that the bird remained at Motueka Spit the full year",2,2,2,2,"CP19361_2024-10-04_breast|CP19361_2024-10-04_breast feather","CP19361_2024-10-04_breast|CP19361_2024-10-04_breast feather",-13.9185362373694,13.103579897515,-21.3772879516674,3.54154995621103,0.1985,0.0473761543394987,"live_measurement_0235|live_measurement_0236|live_measurement_0425","live_measurement_0235|live_measurement_0236|live_measurement_0425","live_pheno_082|live_pheno_104","single_raw",FALSE,
"CP19361","Primary","M","resident","resident",TRUE,"South Island, New Zealand","Motueka Spit, Tasman Bay","Motueka Spit",173.033468,-41.123473,"266469","PTT revealed that the bird remained at Motueka Spit the full year",2,2,2,2,"CP19361_2024-10-04_primary|CP19361_2024-10-04_primary feather","CP19361_2024-10-04_primary|CP19361_2024-10-04_primary feather",-18.6217265975006,12.068069487138,-3.64141395177048,4.692646616758,0.2415,0.051618795026618,"live_measurement_0237|live_measurement_0238|live_measurement_0426","live_measurement_0237|live_measurement_0238|live_measurement_0426","live_pheno_082|live_pheno_104","single_raw",FALSE,
"CP19365","Breast","F","AU migrant","migrant",TRUE,"South Island, New Zealand","Tasman River, Mt. Cook National Park","Tasman River",170.143352,-43.73679,"266434","PTT revealed this bird leaving Tasman Valley to stage at Loganburn Reservoir (Central Otago) from mid-Jan to mid-April before migrating to inland South Australia (near Lake Hawdon)",2,2,2,2,"CP19365_2024-10-10_breast feather|CP19365_breast","CP19365_2024-10-10_breast feather|CP19365_breast",-23.3101243339637,11.322927655372,15.6787653351278,3.35339637335356,0.1835,0.0784888527117068,"live_measurement_0313|live_measurement_0314|live_measurement_0427","live_measurement_0313|live_measurement_0314|live_measurement_0427","live_pheno_015|live_pheno_032","single_raw",FALSE,
"CP19365","Primary","F","AU migrant","migrant",TRUE,"South Island, New Zealand","Tasman River, Mt. Cook National Park","Tasman River",170.143352,-43.73679,"266434","PTT revealed this bird leaving Tasman Valley to stage at Loganburn Reservoir (Central Otago) from mid-Jan to mid-April before migrating to inland South Australia (near Lake Hawdon)",2,2,2,2,"CP19365_2024-10-10_primary feather|CP19365_primary","CP19365_2024-10-10_primary feather|CP19365_primary",-22.7946566599693,3.98038410702127,-26.0724867731009,3.5212597998533,0.176,0.0212132034355964,"live_measurement_0315|live_measurement_0316|live_measurement_0428","live_measurement_0315|live_measurement_0316|live_measurement_0428","live_pheno_015|live_pheno_032","single_raw",FALSE,
"CP19366","Breast","F","AU migrant","migrant",TRUE,"South Island, New Zealand","Tasman River, Mt. Cook National Park","Tasman River",170.144062,-43.736643,"266429","PTT revealed this bird leaving Tasman Valley to stage at the Waitaki River gorge (Central Otago) for several weeks in early March before migrating to the Aire River Mouth (Victoria) for a week then moving to the mud flats near Robbins Island (Tasmania) where it stayed from early April to early October",2,2,2,2,"CP19366_2024-10-10_breast|CP19366_2024-10-10_breast feather","CP19366_2024-10-10_breast|CP19366_2024-10-10_breast feather",-13.6699580427845,10.7163868306164,-3.06216382712083,3.46833144840813,0.203,0.110308657865101,"live_measurement_0239|live_measurement_0240|live_measurement_0429","live_measurement_0239|live_measurement_0240|live_measurement_0429","live_pheno_016|live_pheno_033","single_raw",FALSE,
"CP19366","Primary","F","AU migrant","migrant",TRUE,"South Island, New Zealand","Tasman River, Mt. Cook National Park","Tasman River",170.144062,-43.736643,"266429","PTT revealed this bird leaving Tasman Valley to stage at the Waitaki River gorge (Central Otago) for several weeks in early March before migrating to the Aire River Mouth (Victoria) for a week then moving to the mud flats near Robbins Island (Tasmania) where it stayed from early April to early October",2,2,2,2,"CP19366_2024-10-10_primary|CP19366_2024-10-10_primary feather","CP19366_2024-10-10_primary|CP19366_2024-10-10_primary feather",-24.0318183429855,2.68630472223335,-30.374107527047,3.52449688381776,0.196,0.0339411254969543,"live_measurement_0241|live_measurement_0242|live_measurement_0430","live_measurement_0241|live_measurement_0242|live_measurement_0430","live_pheno_016|live_pheno_033","single_raw",FALSE,
"CP19368","Breast","M","AU migrant","migrant",TRUE,"South Island, New Zealand","Tasman River, Mt. Cook National Park","Tasman River",173.0307,-41.11812,"266379","PTT revealed this bird leaving Tasman Valley in mid-March, but bailing and returning to the South Island and staging at the intersection of the Maraura and Waikaia Rivers for 2 weeks. Then it tried again to migrate but bailed and returned to the same staging spot for 2 weeks. 3rd attempt succefully landed at the beaches near Piccaninny Creek Mouth (Tasmania)",2,2,2,2,"CP19368_2024-10-11_breast|CP19368_2024-10-11_breast feather","CP19368_2024-10-11_breast|CP19368_2024-10-11_breast feather",-23.9349596678529,11.5187906958187,2.60262477330125,3.40778470950065,0.222,0.0311126983722081,"live_measurement_0243|live_measurement_0244|live_measurement_0431","live_measurement_0243|live_measurement_0244|live_measurement_0431","live_pheno_017|live_pheno_034","single_raw",FALSE,
"CP19368","Primary","M","AU migrant","migrant",TRUE,"South Island, New Zealand","Tasman River, Mt. Cook National Park","Tasman River",173.0307,-41.11812,"266379","PTT revealed this bird leaving Tasman Valley in mid-March, but bailing and returning to the South Island and staging at the intersection of the Maraura and Waikaia Rivers for 2 weeks. Then it tried again to migrate but bailed and returned to the same staging spot for 2 weeks. 3rd attempt succefully landed at the beaches near Piccaninny Creek Mouth (Tasmania)",2,2,2,2,"CP19368_2024-10-11_primary|CP19368_2024-10-11_primary feather","CP19368_2024-10-11_primary|CP19368_2024-10-11_primary feather",-23.7243402461414,3.42735373623361,-19.8818909409293,3.42519858227264,0.261,0.0707106781186548,"live_measurement_0245|live_measurement_0246|live_measurement_0432","live_measurement_0245|live_measurement_0246|live_measurement_0432","live_pheno_017|live_pheno_034","single_raw",FALSE,
"CP19371","Breast","F","resident","resident",TRUE,"South Island, New Zealand","Motueka Spit, Tasman Bay","Motueka Spit",173.031797,-41.120263,"266432","PTT revealed that the bird remained at Motueka Spit the full year",2,2,2,2,"CP19371_2024-10-05_breast|CP19371_2024-10-05_breast feather","CP19371_2024-10-05_breast|CP19371_2024-10-05_breast feather",-12.4035084505378,13.4932655104738,-22.0604717762451,3.45467873997142,0.207,0.0353553390593274,"live_measurement_0247|live_measurement_0248|live_measurement_0433","live_measurement_0247|live_measurement_0248|live_measurement_0433","live_pheno_083|live_pheno_105","single_raw",FALSE,
"CP19371","Primary","F","resident","resident",TRUE,"South Island, New Zealand","Motueka Spit, Tasman Bay","Motueka Spit",173.031797,-41.120263,"266432","PTT revealed that the bird remained at Motueka Spit the full year",2,2,2,2,"CP19371_2024-10-05_primary|CP19371_2024-10-05_primary feather","CP19371_2024-10-05_primary|CP19371_2024-10-05_primary feather",-18.2752292873183,11.6060664076581,-2.68696017250742,3.63917272270048,0.1755,0.0304055915910216,"live_measurement_0249|live_measurement_0250|live_measurement_0434","live_measurement_0249|live_measurement_0250|live_measurement_0434","live_pheno_083|live_pheno_105","single_raw",FALSE,
"CP19902","Breast","F","unknown","unknown",FALSE,"South Island, New Zealand","Cass River, Canterbury","Cass River",170.478219,-43.873307,,,2,2,2,2,"CP19902_2024-10-12_breast|CP19902_2024-10-12_breast feather","CP19902_2024-10-12_breast|CP19902_2024-10-12_breast feather",-23.4242862804907,11.0973109224187,-12.1212765401099,3.36875584279596,0.1795,0.0586898628384834,"live_measurement_0251|live_measurement_0252|live_measurement_0435","live_measurement_0251|live_measurement_0252|live_measurement_0435","live_pheno_124|live_pheno_142","single_raw",FALSE,
"CP19902","Primary","F","unknown","unknown",FALSE,"South Island, New Zealand","Cass River, Canterbury","Cass River",170.478219,-43.873307,,,2,2,2,2,"CP19902_2024-10-12_primary|CP19902_2024-10-12_primary feather","CP19902_2024-10-12_primary|CP19902_2024-10-12_primary feather",-23.4450502304692,8.5605863740137,-68.9890831838074,3.44686976394718,0.203,0.0325269119345812,"live_measurement_0253|live_measurement_0254|live_measurement_0436","live_measurement_0253|live_measurement_0254|live_measurement_0436","live_pheno_124|live_pheno_142","single_raw",FALSE,
"CP19903","Breast","M","unknown","unknown",FALSE,"South Island, New Zealand","Cass River, Canterbury","Cass River",170.478219,-43.873307,,,2,2,2,2,"CP19903_2024-10-12_breast|CP19903_2024-10-12_breast feather","CP19903_2024-10-12_breast|CP19903_2024-10-12_breast feather",-23.8984685646501,12.1603423236515,-24.0447211648515,3.40523538885374,0.1635,0.0558614357137373,"live_measurement_0255|live_measurement_0256|live_measurement_0437","live_measurement_0255|live_measurement_0256|live_measurement_0437","live_pheno_125|live_pheno_143","single_raw",FALSE,
"CP19903","Primary","M","unknown","unknown",FALSE,"South Island, New Zealand","Cass River, Canterbury","Cass River",170.478219,-43.873307,,,2,2,2,2,"CP19903_2024-10-12_primary|CP19903_2024-10-12_primary feather","CP19903_2024-10-12_primary|CP19903_2024-10-12_primary feather",-23.7576795756581,8.92107059693603,-33.5746285832227,3.44769030846225,0.1815,0.037476659402887,"live_measurement_0257|live_measurement_0258|live_measurement_0438","live_measurement_0257|live_measurement_0258|live_measurement_0438","live_pheno_125|live_pheno_143","single_raw",FALSE,
"CP19907","Breast","F","resident","resident",TRUE,"South Island, New Zealand","Te Anau, Southland","Te Anau",167.746751,-45.414278,,"Resighting at Upukeroa River on Feb 18 (potential resident)",2,2,2,2,"CP19907_2024-10-14_breast|CP19907_2024-10-14_breast feather","CP19907_2024-10-14_breast|CP19907_2024-10-14_breast feather",-22.1134454329775,11.3039454995212,-14.3435048647567,3.41590074228331,0.193,0.0395979797464467,"live_measurement_0259|live_measurement_0260|live_measurement_0439","live_measurement_0259|live_measurement_0260|live_measurement_0439","live_pheno_084|live_pheno_106","single_raw",FALSE,
"CP19907","Primary","F","resident","resident",TRUE,"South Island, New Zealand","Te Anau, Southland","Te Anau",167.746751,-45.414278,,"Resighting at Upukeroa River on Feb 18 (potential resident)",2,2,2,2,"CP19907_2024-10-14_primary|CP19907_2024-10-14_primary feather","CP19907_2024-10-14_primary|CP19907_2024-10-14_primary feather",-24.0742353149746,8.62449152881804,-64.2934880222648,3.48893067345576,0.198,0.00424264068711929,"live_measurement_0261|live_measurement_0262|live_measurement_0440","live_measurement_0261|live_measurement_0262|live_measurement_0440","live_pheno_084|live_pheno_106","single_raw",FALSE,
"CP19908","Breast","F","resident","resident",TRUE,"South Island, New Zealand","Te Anau, Southland","Te Anau",167.745905,-45.414044,,"Resighting at Upukeroa River on Jul 25 (potential resident)",2,2,2,2,"CP19908_2024-10-14_breast|CP19908_2024-10-14_breast feather","CP19908_2024-10-14_breast|CP19908_2024-10-14_breast feather",-17.4723366032384,10.1721944967357,-10.3039561166372,3.39529674753353,0.1905,0.0459619407771256,"live_measurement_0263|live_measurement_0264|live_measurement_0441","live_measurement_0263|live_measurement_0264|live_measurement_0441","live_pheno_085|live_pheno_107","single_raw",FALSE,
"CP19908","Primary","F","resident","resident",TRUE,"South Island, New Zealand","Te Anau, Southland","Te Anau",167.745905,-45.414044,,"Resighting at Upukeroa River on Jul 25 (potential resident)",2,2,2,2,"CP19908_2024-10-14_primary|CP19908_2024-10-14_primary feather","CP19908_2024-10-14_primary|CP19908_2024-10-14_primary feather",-19.9847977461447,8.08425151611874,-10.5661802016251,3.35289229341751,0.231,0.0664680374315355,"live_measurement_0265|live_measurement_0266|live_measurement_0442","live_measurement_0265|live_measurement_0266|live_measurement_0442","live_pheno_085|live_pheno_107","single_raw",FALSE,
"CP19915","Breast","M","SI migrant","migrant",TRUE,"South Island, New Zealand","Tiwai Point, Canterbury","Tiwai Point",168.430146,-46.605879,"266406","PTT revealed that the bird left the breeding grounds at Tiwai Point but went to a from Ruapuke Island off shore for much of the winter",2,2,2,2,"CP19915_2024-10-16_breast|CP19915_2024-10-16_breast feather","CP19915_2024-10-16_breast|CP19915_2024-10-16_breast feather",-26.9150664294187,11.5217746568784,-12.6838579153021,4.44121896231716,0.214,0.00989949493661167,"live_measurement_0267|live_measurement_0268|live_measurement_0443","live_measurement_0267|live_measurement_0268|live_measurement_0443","live_pheno_058|live_pheno_068","single_raw",FALSE,
"CP19915","Primary","M","SI migrant","migrant",TRUE,"South Island, New Zealand","Tiwai Point, Canterbury","Tiwai Point",168.430146,-46.605879,"266406","PTT revealed that the bird left the breeding grounds at Tiwai Point but went to a from Ruapuke Island off shore for much of the winter",2,2,2,2,"CP19915_2024-10-16_primary|CP19915_2024-10-16_primary feather","CP19915_2024-10-16_primary|CP19915_2024-10-16_primary feather",-23.2582135681362,6.887070132575,-12.5326332611128,3.44447314343589,0.201,0.0183847763108502,"live_measurement_0269|live_measurement_0270|live_measurement_0444","live_measurement_0269|live_measurement_0270|live_measurement_0444","live_pheno_058|live_pheno_068","single_raw",FALSE,
"CP19921","Breast","F","resident","resident",TRUE,"South Island, New Zealand","Tiwai Point, Canterbury","Tiwai Point",168.431945,-46.606263,"266449","PTT revealed that the bird remained at the Awarua Bay / Tiwai Point the full year",2,2,2,2,"CP19921_2024-10-16_breast|CP19921_2024-10-16_breast feather","CP19921_2024-10-16_breast|CP19921_2024-10-16_breast feather",-23.3146109134045,8.23046560804341,-16.7283140923567,3.45776477141372,0.2145,0.00919238815542513,"live_measurement_0271|live_measurement_0272|live_measurement_0445","live_measurement_0271|live_measurement_0272|live_measurement_0445","live_pheno_086|live_pheno_108","single_raw",FALSE,
"CP19921","Primary","F","resident","resident",TRUE,"South Island, New Zealand","Tiwai Point, Canterbury","Tiwai Point",168.431945,-46.606263,"266449","PTT revealed that the bird remained at the Awarua Bay / Tiwai Point the full year",2,2,2,2,"CP19921_2024-10-16_primary|CP19921_2024-10-16_primary feather","CP19921_2024-10-16_primary|CP19921_2024-10-16_primary feather",-21.715084223013,7.0985497127354,-6.94799558396168,3.33094505048333,0.208,0.0325269119345812,"live_measurement_0273|live_measurement_0274|live_measurement_0446","live_measurement_0273|live_measurement_0274|live_measurement_0446","live_pheno_086|live_pheno_108","single_raw",FALSE,
"CP19922","Breast","M","resident","resident",TRUE,"South Island, New Zealand","Tiwai Point, Canterbury","Tiwai Point",168.431945,-46.606263,"266453","PTT revealed that the bird remained at the Awarua Bay / Tiwai Point the full year",2,2,2,2,"CP19922_2024-10-17_breast|CP19922_2024-10-17_breast feather","CP19922_2024-10-17_breast|CP19922_2024-10-17_breast feather",-24.0930877817319,5.26440831471433,-20.3315138841851,3.46676692818647,0.2065,0.00636396103067891,"live_measurement_0275|live_measurement_0276|live_measurement_0447","live_measurement_0275|live_measurement_0276|live_measurement_0447","live_pheno_087|live_pheno_109","single_raw",FALSE,
"CP19922","Primary","M","resident","resident",TRUE,"South Island, New Zealand","Tiwai Point, Canterbury","Tiwai Point",168.431945,-46.606263,"266453","PTT revealed that the bird remained at the Awarua Bay / Tiwai Point the full year",2,2,2,2,"CP19922_2024-10-17_primary|CP19922_2024-10-17_primary feather","CP19922_2024-10-17_primary|CP19922_2024-10-17_primary feather",-24.02618742586,5.90297598148739,-18.5113024440661,3.33853743377839,0.2045,0.0332340187157677,"live_measurement_0277|live_measurement_0278|live_measurement_0448","live_measurement_0277|live_measurement_0278|live_measurement_0448","live_pheno_087|live_pheno_109","single_raw",FALSE,
"CP19923","Breast","M","resident","resident",TRUE,"South Island, New Zealand","Tiwai Point, Canterbury","Tiwai Point",168.433515,-46.606197,"266417","PTT revealed that the bird remained at the Awarua Bay / Tiwai Point the full year",2,2,2,2,"CP19923_2024-10-17_breast|CP19923_2024-10-17_breast feather","CP19923_2024-10-17_breast|CP19923_2024-10-17_breast feather",-24.2471613285884,7.4476731567188,-10.1704348073123,3.48445336755024,0.1865,0.0289913780286484,"live_measurement_0279|live_measurement_0280|live_measurement_0449","live_measurement_0279|live_measurement_0280|live_measurement_0449","live_pheno_088|live_pheno_110","single_raw",FALSE,
"CP19923","Primary","M","resident","resident",TRUE,"South Island, New Zealand","Tiwai Point, Canterbury","Tiwai Point",168.433515,-46.606197,"266417","PTT revealed that the bird remained at the Awarua Bay / Tiwai Point the full year",2,2,2,2,"CP19923_2024-10-17_primary|CP19923_2024-10-17_primary feather","CP19923_2024-10-17_primary|CP19923_2024-10-17_primary feather",-22.9138281527006,7.99842071534426,-6.35742016915515,3.45122191232433,0.2385,0.0657609306503489,"live_measurement_0281|live_measurement_0282|live_measurement_0450","live_measurement_0281|live_measurement_0282|live_measurement_0450","live_pheno_088|live_pheno_110","single_raw",FALSE,
"CP19931","Breast","M","NI migrant","migrant",TRUE,"South Island, New Zealand","Napier, Hawkes Bay","Napier",176.919071981683,-39.5101300254464,,"Resighting at Manukapua Island, North Island on March 29",2,2,2,2,"CP19931_2024-12-05_breast|CP19931_2024-12-05_breast feather","CP19931_2024-12-05_breast|CP19931_2024-12-05_breast feather",-13.1476905276339,14.4329986737513,7.46516994720916,3.43788412551935,0.2,0.00707106781186546,"live_measurement_0283|live_measurement_0284|live_measurement_0451","live_measurement_0283|live_measurement_0284|live_measurement_0451","live_pheno_041|live_pheno_048","single_raw",FALSE,
"CP19931","Primary","M","NI migrant","migrant",TRUE,"South Island, New Zealand","Napier, Hawkes Bay","Napier",176.919071981683,-39.5101300254464,,"Resighting at Manukapua Island, North Island on March 29",2,2,2,2,"CP19931_2024-12-05_primary|CP19931_2024-12-05_primary feather","CP19931_2024-12-05_primary|CP19931_2024-12-05_primary feather",-22.6179192766812,10.077335282573,17.5069573341059,3.47401006292833,0.218,0.0197989898732233,"live_measurement_0285|live_measurement_0286|live_measurement_0452","live_measurement_0285|live_measurement_0286|live_measurement_0452","live_pheno_041|live_pheno_048","single_raw",FALSE,
"CP19938","Breast","M","unknown","unknown",FALSE,"South Island, New Zealand","Pisa Range, Otago","Pisa Range",169.187014997005,-44.8751709982753,,,1,1,1,1,"CP19938_2025-01-09_breast feather","CP19938_2025-01-09_breast feather",-16.0873451957295,10.0387460102139,,3.35057107766402,0.271,,"live_measurement_0287|live_measurement_0288","live_measurement_0287|live_measurement_0288","live_pheno_126|live_pheno_144","single_raw",FALSE,
"CP19939","Breast","F","unknown","unknown",FALSE,"South Island, New Zealand","Pisa Range, Otago","Pisa Range",169.187014997005,-44.8751709982753,,,2,2,2,2,"CP19939_2025-01-09_breast|CP19939_2025-01-09_breast feather","CP19939_2025-01-09_breast|CP19939_2025-01-09_breast feather",-13.6410050695591,8.85149045461899,-27.9638507922551,3.387116196135,0.2225,0.0714177848998413,"live_measurement_0289|live_measurement_0290|live_measurement_0453","live_measurement_0289|live_measurement_0290|live_measurement_0453","live_pheno_127|live_pheno_145","single_raw",FALSE,
"CP19939","Primary","F","unknown","unknown",FALSE,"South Island, New Zealand","Pisa Range, Otago","Pisa Range",169.187014997005,-44.8751709982753,,,2,2,2,2,"CP19939_2025-01-09_primary|CP19939_2025-01-09_primary feather","CP19939_2025-01-09_primary|CP19939_2025-01-09_primary feather",-22.6679074733096,6.38140440472391,-45.5717433959236,3.40762020154043,0.2285,0.0304055915910216,"live_measurement_0291|live_measurement_0292|live_measurement_0454","live_measurement_0291|live_measurement_0292|live_measurement_0454","live_pheno_127|live_pheno_145","single_raw",FALSE,
"CP19940","Breast","F","unknown","unknown",FALSE,"South Island, New Zealand","Pisa Range, Otago","Pisa Range",169.180542994291,-44.8818409815431,,,2,2,2,2,"CP19940_2025-01-09_breast|CP19940_2025-01-09_breast feather","CP19940_2025-01-09_breast|CP19940_2025-01-09_breast feather",-23.8758826530357,11.0042313733976,-3.40019559554703,3.31966718299926,0.214,0.0692964645562817,"live_measurement_0293|live_measurement_0294|live_measurement_0455","live_measurement_0293|live_measurement_0294|live_measurement_0455","live_pheno_128|live_pheno_146","single_raw",FALSE,
"CP19940","Primary","F","unknown","unknown",FALSE,"South Island, New Zealand","Pisa Range, Otago","Pisa Range",169.180542994291,-44.8818409815431,,,2,2,2,2,"CP19940_2025-01-09_primary|CP19940_2025-01-09_primary feather","CP19940_2025-01-09_primary|CP19940_2025-01-09_primary feather",-22.561504843906,6.74584200568185,-47.2775483443837,3.2854948848685,0.2245,0.0954594154601839,"live_measurement_0295|live_measurement_0296|live_measurement_0456","live_measurement_0295|live_measurement_0296|live_measurement_0456","live_pheno_128|live_pheno_146","single_raw",FALSE,
"CP19941","Breast","M","unknown","unknown",FALSE,"South Island, New Zealand","Pisa Range, Otago","Pisa Range",169.180542994291,-44.8818409815431,,,2,2,2,2,"CP19941_2025-01-09_breast|CP19941_2025-01-09_breast feather","CP19941_2025-01-09_breast|CP19941_2025-01-09_breast feather",-22.2553551589647,11.5910886370008,7.36923888109848,3.38425053020226,0.2655,0.0134350288425444,"live_measurement_0297|live_measurement_0298|live_measurement_0457","live_measurement_0297|live_measurement_0298|live_measurement_0457","live_pheno_129|live_pheno_147","single_raw",FALSE,
"CP19941","Primary","M","unknown","unknown",FALSE,"South Island, New Zealand","Pisa Range, Otago","Pisa Range",169.180542994291,-44.8818409815431,,,2,2,2,2,"CP19941_2025-01-09_primary|CP19941_2025-01-09_primary feather","CP19941_2025-01-09_primary|CP19941_2025-01-09_primary feather",-22.8625690922693,7.21022801655891,-35.0600283381296,3.46568767631065,0.207,0.0113137084989847,"live_measurement_0299|live_measurement_0300|live_measurement_0458","live_measurement_0299|live_measurement_0300|live_measurement_0458","live_pheno_129|live_pheno_147","single_raw",FALSE,
"CP19983","Breast","F","resident","resident",TRUE,"South Island, New Zealand","Te Anau, Southland","Te Anau",167.744617,-45.414383,,"Resighting at Upukeroa River on Feb 26 (potential resident)",2,2,2,2,"CP19983_2024-10-14_breast|CP19983_2024-10-14_breast feather","CP19983_2024-10-14_breast|CP19983_2024-10-14_breast feather",-19.0124766576055,12.5227059718829,-9.46882246704472,3.40002722133965,0.293,0.0876812408671319,"live_measurement_0301|live_measurement_0302|live_measurement_0459","live_measurement_0301|live_measurement_0302|live_measurement_0459","live_pheno_089|live_pheno_111","single_raw",FALSE,
"CP19983","Primary","F","resident","resident",TRUE,"South Island, New Zealand","Te Anau, Southland","Te Anau",167.744617,-45.414383,,"Resighting at Upukeroa River on Feb 26 (potential resident)",2,2,2,2,"CP19983_2024-10-14_pimary feather|CP19983_2024-10-14_primary","CP19983_2024-10-14_pimary feather|CP19983_2024-10-14_primary",-24.6408048694008,8.73732406776946,-31.1279954164657,3.46013659586787,0.199,0.0141421356237309,"live_measurement_0303|live_measurement_0304|live_measurement_0460","live_measurement_0303|live_measurement_0304|live_measurement_0460","live_pheno_089|live_pheno_111","single_raw",FALSE,
"CP19984","Breast","M","unknown","unknown",FALSE,"South Island, New Zealand","Te Anau, Southland","Te Anau",167.745905,-45.414044,,,2,2,2,2,"CP19984_2024-10-14_breast|CP19984_2024-10-14_breast feather","CP19984_2024-10-14_breast|CP19984_2024-10-14_breast feather",-24.660872320748,7.64021506366729,-39.7817734145241,3.4439054307907,0.1915,0.0304055915910215,"live_measurement_0305|live_measurement_0306|live_measurement_0461","live_measurement_0305|live_measurement_0306|live_measurement_0461","live_pheno_130|live_pheno_148","single_raw",FALSE,
"CP19984","Primary","M","unknown","unknown",FALSE,"South Island, New Zealand","Te Anau, Southland","Te Anau",167.745905,-45.414044,,,2,2,2,2,"CP19984_2024-10-14_primary|CP19984_2024-10-14_primary feather","CP19984_2024-10-14_primary|CP19984_2024-10-14_primary feather",-23.70763148564,8.11924139864621,-67.96798134299,3.54321626881052,0.1905,0.0275771644662753,"live_measurement_0307|live_measurement_0308|live_measurement_0462","live_measurement_0307|live_measurement_0308|live_measurement_0462","live_pheno_130|live_pheno_148","single_raw",FALSE,
"CP9059","Breast","M","resident","resident",TRUE,"South Island, New Zealand","Kaikoura, Canterbury","Kaikoura",173.662786,-42.413422,,"Ailsa observation April 26",2,2,2,2,"CP9059_2024-10-08_breast|CP9059_2024-10-08_breast feather","CP9059_2024-10-08_breast|CP9059_2024-10-08_breast feather",-18.0455411184568,12.5936658463559,4.70342211998976,3.43989854944903,0.195,0.0579827560572969,"live_measurement_0309|live_measurement_0310|live_measurement_0463","live_measurement_0309|live_measurement_0310|live_measurement_0463","live_pheno_090|live_pheno_112","single_raw",FALSE,
"CP9059","Primary","M","resident","resident",TRUE,"South Island, New Zealand","Kaikoura, Canterbury","Kaikoura",173.662786,-42.413422,,"Ailsa observation April 26",2,2,2,2,"CP9059_2024-10-08_primary|CP9059_2024-10-08_primary feather","CP9059_2024-10-08_primary|CP9059_2024-10-08_primary feather",-14.5257161476591,14.8629857208597,-26.6806306806694,3.46208283526748,0.314,0.0636396103067893,"live_measurement_0311|live_measurement_0312|live_measurement_0464","live_measurement_0311|live_measurement_0312|live_measurement_0464","live_pheno_090|live_pheno_112","single_raw",FALSE,
