"ring","sex","status","status_bin","status_known","sampling_location_general","sampling_location_specific","sampling_site_label","longitude_capture","latitude_capture","tag_id_adjusted","migratory_status_comment","source_phenotype_row_ids","n_tissues_present","tissues_present","has_any_pending_manual_qc","pending_manual_qc_reasons_any","normalised_d13c_Breast","normalised_d13c_Primary","normalised_d15n_Breast","normalised_d15n_Primary","normalised_d2h_Breast","normalised_d2h_Primary","cn_mass_ratio_Breast","cn_mass_ratio_Primary","amount_mg_mean_Breast","amount_mg_mean_Primary","n_assays_Breast","n_assays_Primary","n_unique_samples_Breast","n_unique_samples_Primary","source_measurement_ids_Breast","source_measurement_ids_Primary","source_measurement_ids_model_Breast","source_measurement_ids_model_Primary","has_pending_manual_qc_Breast","has_pending_manual_qc_Primary","pending_manual_qc_reasons_Breast","pending_manual_qc_reasons_Primary","has_breast","has_primary","has_breast_d2h","has_primary_d2h","has_paired_h","has_complete_cn_pair","has_complete_cnh_pair","has_pending_manual_qc","pending_manual_qc_reasons","delta_d13c_breast_minus_primary","delta_d15n_breast_minus_primary"
"04258275","M","AU migrant","migrant",TRUE,"South Island, New Zealand","Te Anau, Southland","Te Anau",167.744617,-45.414383,,"Originally banded on King Island, Tasmania in 2010 as a first year","live_pheno_001|live_pheno_018",2,"Breast|Primary",FALSE,,-24.7783096085409,-22.4357835112693,10.2217622885413,8.09220874561123,-0.561124353151239,-40.7046646902343,3.3335208711136,3.34213786994107,0.2115,0.234,2,2,2,2,"live_measurement_0001|live_measurement_0002|live_measurement_0317","live_measurement_0003|live_measurement_0004|live_measurement_0318","live_measurement_0001|live_measurement_0002|live_measurement_0317","live_measurement_0003|live_measurement_0004|live_measurement_0318",FALSE,FALSE,,,TRUE,TRUE,TRUE,TRUE,TRUE,TRUE,TRUE,FALSE,,-2.34252609727165,2.1295535429301
"CP16140","F","NI migrant","migrant",TRUE,"South Island, New Zealand","Kaikoura, Canterbury","Kaikoura",173.667221,-42.413402,,"Resighting at Whangaehu river mouth, North Island on May 16","live_pheno_035|live_pheno_042",2,"Breast|Primary",FALSE,,-21.5316150652432,-17.7990321365754,10.2436446696457,15.3931344565886,-24.6651858347084,-9.62004772430199,3.36466177534886,3.37238633440395,0.187,0.187,2,2,2,2,"live_measurement_0005|live_measurement_0006|live_measurement_0319","live_measurement_0007|live_measurement_0008|live_measurement_0320","live_measurement_0005|live_measurement_0006|live_measurement_0319","live_measurement_0007|live_measurement_0008|live_measurement_0320",FALSE,FALSE,,,TRUE,TRUE,TRUE,TRUE,TRUE,TRUE,TRUE,FALSE,,-3.73258292866777,-5.14948978694289
"CP16409","F","resident","resident",TRUE,"South Island, New Zealand","Kaitorete Spit, Canterbury","Kaitorete",172.431853,-43.845691,"266440","PTT revealed that the bird remained at the tip of Kaitorete Spit the full year","live_pheno_069|live_pheno_091",2,"Breast|Primary",FALSE,,-22.3942241992883,-21.9745952015128,12.7790169166933,12.944080586374,-1.51704385612866,-12.8015294537538,3.34075915033133,3.46248814374539,0.2025,0.204,2,2,2,2,"live_measurement_0009|live_measurement_0010|live_measurement_0321","live_measurement_0011|live_measurement_0012|live_measurement_0322","live_measurement_0009|live_measurement_0010|live_measurement_0321","live_measurement_0011|live_measurement_0012|live_measurement_0322",FALSE,FALSE,,,TRUE,TRUE,TRUE,TRUE,TRUE,TRUE,TRUE,FALSE,,-0.419628997775433,-0.165063669680752
"CP16446","M","AU migrant","migrant",TRUE,"South Island, New Zealand","Kaitorete Spit, Canterbury","Kaitorete",172.397899,-43.851742,"0A96","GPS tag and local resighting confirmed overwintering at South Arm (near Hobart), Tasmania","live_pheno_002|live_pheno_019",2,"Breast|Primary",FALSE,,-15.4022577127146,-20.6758279163219,11.2253930192501,14.0444474706613,-13.4623786355737,-19.1182563273475,3.44320045063413,3.31666843417012,0.1945,0.2535,3,2,2,2,"live_measurement_0013|live_measurement_0015|live_measurement_0014|live_measurement_0018|live_measurement_0323","live_measurement_0019|live_measurement_0020|live_measurement_0324","live_measurement_0013|live_measurement_0015|live_measurement_0014|live_measurement_0018|live_measurement_0323","live_measurement_0019|live_measurement_0020|live_measurement_0324",FALSE,FALSE,,,TRUE,TRUE,TRUE,TRUE,TRUE,TRUE,TRUE,FALSE,,5.27357020360734,-2.81905445141117
"CP16461","M","resident","resident",TRUE,"South Island, New Zealand","Kaikoura, Canterbury","Kaikoura",173.681777,-42.390193,,"Ailsa observation April 14","live_pheno_070|live_pheno_092",2,"Breast|Primary",FALSE,,-24.2775705812574,-14.485979789623,9.53644589849984,11.6689730444186,-0.399887446027748,-14.8135063992905,3.32822854215038,3.29660863121138,0.20775,0.282,2,2,2,2,"live_measurement_0021|live_measurement_0022|live_measurement_0325|live_measurement_0326","live_measurement_0023|live_measurement_0024|live_measurement_0327","live_measurement_0021|live_measurement_0022|live_measurement_0325|live_measurement_0326","live_measurement_0023|live_measurement_0024|live_measurement_0327",FALSE,FALSE,,,TRUE,TRUE,TRUE,TRUE,TRUE,TRUE,TRUE,FALSE,,-9.79159079163444,-2.13252714591879
"CP16470","M","resident","resident",TRUE,"South Island, New Zealand","Kaikoura, Canterbury","Kaikoura",173.663729,-42.413163,,"Ailsa observation April 22","live_pheno_071|live_pheno_093",2,"Breast|Primary",FALSE,,-20.1855223087705,-14.5829328684553,11.8090707413693,14.7703700885168,1.16765672660225,-17.3986273095807,3.40050268705047,3.3511710644874,0.2065,0.244,2,2,2,2,"live_measurement_0025|live_measurement_0027|live_measurement_0026|live_measurement_0028|live_measurement_0328","live_measurement_0029|live_measurement_0030|live_measurement_0329","live_measurement_0025|live_measurement_0027|live_measurement_0026|live_measurement_0028|live_measurement_0328","live_measurement_0029|live_measurement_0030|live_measurement_0329",FALSE,FALSE,,,TRUE,TRUE,TRUE,TRUE,TRUE,TRUE,TRUE,FALSE,,-5.60258944031524,-2.96129934714754
"CP16501","M","resident","resident",TRUE,"South Island, New Zealand","Motueka Spit, Tasman Bay","Motueka Spit",173.031797,-41.120263,"266467","PTT revealed that the bird remained at Motueka Spit the full year","live_pheno_072|live_pheno_094",2,"Breast|Primary",FALSE,,-14.3823997627521,-14.7425014773667,13.3340336737951,11.7608367044499,-15.2430603892517,-11.9011912315008,3.35261396777322,3.44177313189043,0.2175,0.1945,2,2,2,2,"live_measurement_0031|live_measurement_0032|live_measurement_0330","live_measurement_0033|live_measurement_0034|live_measurement_0331","live_measurement_0031|live_measurement_0032|live_measurement_0330","live_measurement_0033|live_measurement_0034|live_measurement_0331",FALSE,FALSE,,,TRUE,TRUE,TRUE,TRUE,TRUE,TRUE,TRUE,FALSE,,0.360101714614668,1.57319696934521
"CP16507","F","resident","resident",TRUE,"South Island, New Zealand","Kaitorete Spit, Canterbury","Kaitorete",172.601856,-43.830575,"0AA1","the lightlogger on the GPS tag revealed that the bird remained at Lake Ellesmere over the winter","live_pheno_073|live_pheno_095",2,"Breast|Primary",FALSE,,-23.0949341161739,-22.3483351915414,12.4186358248271,13.3089619458985,6.70008281067213,-26.4523764524518,3.36469086103228,3.38600413691432,0.222,0.2985,2,2,2,2,"live_measurement_0035|live_measurement_0036|live_measurement_0332","live_measurement_0037|live_measurement_0038|live_measurement_0333","live_measurement_0035|live_measurement_0036|live_measurement_0332","live_measurement_0037|live_measurement_0038|live_measurement_0333",FALSE,FALSE,,,TRUE,TRUE,TRUE,TRUE,TRUE,TRUE,TRUE,FALSE,,-0.746598924632444,-0.890326121071482
"CP16529","F","AU migrant","migrant",TRUE,"South Island, New Zealand","Cass River, Canterbury","Cass River",170.48481,-43.880201,,"Resighting at Shoalhaven Heads, New South Wales on February 27","live_pheno_003|live_pheno_020",2,"Breast|Primary",FALSE,,-15.7312208958752,-23.0117911594374,14.3719613890335,7.4861809588657,-32.6667027189227,-55.5965207215819,3.43426646916526,3.48768447430857,0.192,0.189,2,2,2,2,"live_measurement_0039|live_measurement_0040|live_measurement_0334","live_measurement_0041|live_measurement_0042|live_measurement_0335","live_measurement_0039|live_measurement_0040|live_measurement_0334","live_measurement_0041|live_measurement_0042|live_measurement_0335",FALSE,FALSE,,,TRUE,TRUE,TRUE,TRUE,TRUE,TRUE,TRUE,FALSE,,7.28057026356222,6.88578043016782
"CP16533","F","AU migrant","migrant",TRUE,"South Island, New Zealand","Tasman River, Mt. Cook National Park","Tasman River",170.143316,-43.733096,"266448","PTT revealed this bird attempting trans-Tasman migration twice (departures: March 12 and March 24), with the 2nd attempt failing","live_pheno_004|live_pheno_021",2,"Breast|Primary",FALSE,,-24.042665172555,-23.7924654296182,10.4110709464009,3.44517843553491,-13.2879079780336,-20.9252310028528,3.34357721035238,3.3656449754767,0.19,0.2195,2,2,2,2,"live_measurement_0043|live_measurement_0045|live_measurement_0044|live_measurement_0046|live_measurement_0336","live_measurement_0047|live_measurement_0048|live_measurement_0337","live_measurement_0043|live_measurement_0045|live_measurement_0044|live_measurement_0046|live_measurement_0336","live_measurement_0047|live_measurement_0048|live_measurement_0337",FALSE,FALSE,,,TRUE,TRUE,TRUE,TRUE,TRUE,TRUE,TRUE,FALSE,,-0.250199742936754,6.96589251086599
"CP16534","M","AU migrant","migrant",TRUE,"South Island, New Zealand","Tasman River, Mt. Cook National Park","Tasman River",170.145302,-43.731722,"266373","PTT revealed this bird migrating to the mouth of the Snowy River, Victoria (arrival: April 3)","live_pheno_005|live_pheno_022",2,"Breast|Primary",FALSE,,-10.2603025349417,-22.870401252807,10.5236576148647,3.09469860215485,7.67023696197101,-9.4040104342173,3.39119566664249,3.36211062479384,0.2025,0.21,2,2,2,2,"live_measurement_0049|live_measurement_0050|live_measurement_0338","live_measurement_0051|live_measurement_0052|live_measurement_0339","live_measurement_0049|live_measurement_0050|live_measurement_0338","live_measurement_0051|live_measurement_0052|live_measurement_0339",FALSE,FALSE,,,TRUE,TRUE,TRUE,TRUE,TRUE,TRUE,TRUE,FALSE,,12.6100987178653,7.42895901270985
"CP16536","M","SI migrant","migrant",TRUE,"South Island, New Zealand","Tasman River, Mt. Cook National Park","Tasman River",170.144062,-43.736643,"266428","PTT revealed this bird wintering at Farewell Spit (arrival: Jan 2, departure: Sep 2)","live_pheno_049|live_pheno_059",2,"Breast|Primary",FALSE,,-15.617931624941,-22.7585099728686,13.6422268824368,5.76142460136077,3.72524978572474,-26.5260048101734,3.41653617281785,3.42793128898946,0.2,0.248,2,2,2,2,"live_measurement_0053|live_measurement_0054|live_measurement_0340","live_measurement_0055|live_measurement_0056|live_measurement_0341","live_measurement_0053|live_measurement_0054|live_measurement_0340","live_measurement_0055|live_measurement_0056|live_measurement_0341",FALSE,FALSE,,,TRUE,TRUE,TRUE,TRUE,TRUE,TRUE,TRUE,FALSE,,7.14057834792763,7.88080228107603
"CP16543","F","resident","resident",TRUE,"South Island, New Zealand","Motueka Spit, Tasman Bay","Motueka Spit",173.033468,-41.123473,"266466","PTT revealed that the bird remained at Motueka Spit the full year (except for a brief 2 day foray to Takaka in mid-December)","live_pheno_074|live_pheno_096",2,"Breast|Primary",FALSE,,-14.0446412953552,-16.2882895810577,12.7463740136981,11.6899878349192,-23.3261466074447,-14.9772993932422,3.44163530874813,3.38075502285142,0.158,0.206,2,2,2,2,"live_measurement_0057|live_measurement_0058|live_measurement_0342","live_measurement_0059|live_measurement_0061|live_measurement_0060|live_measurement_0062|live_measurement_0343","live_measurement_0057|live_measurement_0058|live_measurement_0342","live_measurement_0059|live_measurement_0061|live_measurement_0060|live_measurement_0062|live_measurement_0343",FALSE,FALSE,,,TRUE,TRUE,TRUE,TRUE,TRUE,TRUE,TRUE,FALSE,,2.24364828570254,1.05638617877888
"CP16609","F","SI migrant","migrant",TRUE,"South Island, New Zealand","Kaikoura, Canterbury","Kaikoura",173.667221,-42.413402,,"PTT during ethics trial revealed this bird moving to the Rakaia River in early March","live_pheno_050|live_pheno_060",2,"Breast|Primary",FALSE,,-22.738304318616,-17.9500325020683,12.0726227186834,14.3180414146674,-5.07977238638779,-15.1206473447666,3.42176629749809,3.46740055172569,0.226,0.3015,2,2,2,2,"live_measurement_0063|live_measurement_0064|live_measurement_0344","live_measurement_0065|live_measurement_0066|live_measurement_0345","live_measurement_0063|live_measurement_0064|live_measurement_0344","live_measurement_0065|live_measurement_0066|live_measurement_0345",FALSE,FALSE,,,TRUE,TRUE,TRUE,TRUE,TRUE,TRUE,TRUE,FALSE,,-4.7882718165477,-2.24541869598399
"CP16627","M","resident","resident",TRUE,"South Island, New Zealand","Kaitorete Spit, Canterbury","Kaitorete",172.684973,-43.82787,"266390","PTT revealed that the bird remained near Birdlings Flat and Kaituna Lagoon the full year","live_pheno_075|live_pheno_097",2,"Breast|Primary",FALSE,,-21.2924562087123,-22.8453942861546,13.9967809700958,13.7672775514046,-5.7186438009701,-28.9909425095605,3.38791051930713,3.35338529552216,0.19375,0.3155,2,2,2,2,"live_measurement_0067|live_measurement_0069|live_measurement_0068|live_measurement_0070|live_measurement_0346","live_measurement_0071|live_measurement_0072|live_measurement_0347","live_measurement_0067|live_measurement_0069|live_measurement_0068|live_measurement_0070|live_measurement_0346","live_measurement_0071|live_measurement_0072|live_measurement_0347",FALSE,FALSE,,,TRUE,TRUE,TRUE,TRUE,TRUE,TRUE,TRUE,FALSE,,1.55293807744233,0.22950341869115
"CP16628","F","resident","resident",TRUE,"South Island, New Zealand","Kaitorete Spit, Canterbury","Kaitorete",172.684973,-43.82787,"266391","PTT revealed that the bird remained near Birdlings Flat and Lake Ellesmere the full year","live_pheno_076|live_pheno_098",2,"Breast|Primary",FALSE,,-21.5199033671861,-21.9624071953173,14.3500364670151,12.0169773361164,5.94469526556098,-56.804534571677,3.46261866461474,3.34169148563182,0.2335,0.316,2,2,2,2,"live_measurement_0073|live_measurement_0074|live_measurement_0348","live_measurement_0075|live_measurement_0076|live_measurement_0349","live_measurement_0073|live_measurement_0074|live_measurement_0348","live_measurement_0075|live_measurement_0076|live_measurement_0349",FALSE,FALSE,,,TRUE,TRUE,TRUE,TRUE,TRUE,TRUE,TRUE,FALSE,,0.442503828131272,2.33305913089867
"CP16641","M","SI migrant","migrant",TRUE,"South Island, New Zealand","Porters Beach, Abel Tasman National Park","Porters Beach",173.011986,-40.992659,"266436","PTT revealed that the bird wintered on the mudflats near the Nelson Haven and Boulder Bank (from mid-April to mid-July)","live_pheno_051|live_pheno_061",2,"Breast|Primary",FALSE,,-12.6632633451957,-15.5855925266904,14.7772761729971,11.5715073412065,-9.2631726432784,-22.4537738744252,3.32401432836378,3.35169722859778,0.18,0.217,2,2,2,2,"live_measurement_0079|live_measurement_0080|live_measurement_0350","live_measurement_0077|live_measurement_0078|live_measurement_0351","live_measurement_0079|live_measurement_0080|live_measurement_0350","live_measurement_0077|live_measurement_0078|live_measurement_0351",FALSE,FALSE,,,TRUE,TRUE,TRUE,TRUE,TRUE,TRUE,TRUE,FALSE,,2.92232918149466,3.20576883179061
"CP16642","F","AU migrant","migrant",TRUE,"South Island, New Zealand","Kaitorete Spit, Canterbury","Kaitorete",172.67954,-43.826875,"266383","PTT revealed this bird attempting trans-Tasman migration (departure: May 5), but failing","live_pheno_006|live_pheno_023",2,"Breast|Primary",FALSE,,-17.8242892043911,-18.9598469733855,11.7215509413972,12.6634755081217,-14.505831756736,-48.5840547669316,3.45514649182007,3.383932400064,0.212,0.2035,2,2,2,2,"live_measurement_0081|live_measurement_0082|live_measurement_0352","live_measurement_0083|live_measurement_0084|live_measurement_0353","live_measurement_0081|live_measurement_0082|live_measurement_0352","live_measurement_0083|live_measurement_0084|live_measurement_0353",FALSE,FALSE,,,TRUE,TRUE,TRUE,TRUE,TRUE,TRUE,TRUE,FALSE,,1.1355577689944,-0.941924566724488
"CP16643","M","AU migrant","migrant",TRUE,"South Island, New Zealand","Kaitorete Spit, Canterbury","Kaitorete",172.67954,-43.826875,"266405","PTT revealed this bird attempting trans-Tasman migration (departure: May 5), but failing","live_pheno_007|live_pheno_024",2,"Breast|Primary",FALSE,,-24.2527181048461,-22.4837130750336,8.30492445178543,12.6978744718904,-15.8921260286888,-20.9039469363686,3.27651523764306,3.42393335210542,0.184,0.2185,2,2,2,2,"live_measurement_0085|live_measurement_0086|live_measurement_0354|live_measurement_0355","live_measurement_0087|live_measurement_0088|live_measurement_0356","live_measurement_0085|live_measurement_0086|live_measurement_0354|live_measurement_0355","live_measurement_0087|live_measurement_0088|live_measurement_0356",FALSE,FALSE,,,TRUE,TRUE,TRUE,TRUE,TRUE,TRUE,TRUE,FALSE,,-1.76900502981245,-4.39295002010496
"CP16652","F","resident","resident",TRUE,"South Island, New Zealand","Motueka Spit, Tasman Bay","Motueka Spit",173.031797,-41.120263,"266404","PTT revealed that the bird remained at Motueka Spit the full year","live_pheno_077|live_pheno_099",2,"Breast|Primary",FALSE,,-14.09959371293,-16.4512425860024,13.3877449728695,12.6914873922758,-20.2381498006621,-19.3505563426234,3.37762816330112,3.33909554839029,0.1885,0.233,2,2,2,2,"live_measurement_0089|live_measurement_0090|live_measurement_0357","live_measurement_0091|live_measurement_0092|live_measurement_0358","live_measurement_0089|live_measurement_0090|live_measurement_0357","live_measurement_0091|live_measurement_0092|live_measurement_0358",FALSE,FALSE,,,TRUE,TRUE,TRUE,TRUE,TRUE,TRUE,TRUE,FALSE,,2.35164887307236,0.696257580593681
"CP16655","F","AU migrant","migrant",TRUE,"South Island, New Zealand","Tasman River, Mt. Cook National Park","Tasman River",170.144062,-43.736643,"266382","PTT revealed this bird migrating to Cape Barren Island, Tasmania (arrival: March 20)","live_pheno_008|live_pheno_025",2,"Breast|Primary",FALSE,,-24.7559366505141,-22.3998596098855,7.8216830215885,4.15782584920362,4.85116659614611,-21.2491403372569,3.49065133595308,3.40269035384714,0.275,0.213,2,2,2,2,"live_measurement_0093|live_measurement_0094|live_measurement_0359","live_measurement_0095|live_measurement_0096|live_measurement_0360","live_measurement_0093|live_measurement_0094|live_measurement_0359","live_measurement_0095|live_measurement_0096|live_measurement_0360",FALSE,FALSE,,,TRUE,TRUE,TRUE,TRUE,TRUE,TRUE,TRUE,FALSE,,-2.35607704062864,3.66385717238488
"CP16656","M","AU migrant","migrant",TRUE,"South Island, New Zealand","Tasman River, Mt. Cook National Park","Tasman River",170.146122,-43.727942,"266418","PTT revealed this bird migrating to Lake Gellie and Lake Corongamite, inland Victoria (arrival: April 27, departure: June 22)","live_pheno_009|live_pheno_026",2,"Breast|Primary",FALSE,,-21.9086897983393,-23.5834103533861,12.5950059846792,3.88752192894621,14.2174683824138,-17.702594540272,3.46010613576185,3.38601652186944,0.244,0.2055,2,2,2,2,"live_measurement_0097|live_measurement_0098|live_measurement_0361","live_measurement_0099|live_measurement_0100|live_measurement_0362","live_measurement_0097|live_measurement_0098|live_measurement_0361","live_measurement_0099|live_measurement_0100|live_measurement_0362",FALSE,FALSE,,,TRUE,TRUE,TRUE,TRUE,TRUE,TRUE,TRUE,FALSE,,1.67472055504686,8.70748405573301
"CP16667","M","AU migrant","migrant",TRUE,"South Island, New Zealand","Pisa Range, Otago","Pisa Range",169.161329995841,-44.8660619650036,"266470_B","PTT revealed this bird migrating to Corner Inlet, Victoria (arrival: May 21, departure: Sep 14)","live_pheno_010|live_pheno_027",2,"Breast|Primary",FALSE,,-16.9847442701969,-22.8979289872113,9.53620500785815,6.43119266062136,-7.09243244003951,-48.4333430876636,3.4562707982674,3.4301838239043,0.2575,0.2165,2,2,2,2,"live_measurement_0101|live_measurement_0102|live_measurement_0363","live_measurement_0103|live_measurement_0104|live_measurement_0364","live_measurement_0101|live_measurement_0102|live_measurement_0363","live_measurement_0103|live_measurement_0104|live_measurement_0364",FALSE,FALSE,,,TRUE,TRUE,TRUE,TRUE,TRUE,TRUE,TRUE,FALSE,,5.91318471701446,3.10501234723678
"CP16693","F","SI migrant","migrant",TRUE,"South Island, New Zealand","Kaitorete Spit, Canterbury","Kaitorete",172.608074,-43.830353,"266394","PTT revealed that the bird left the breeding grounds at Birdlings Flat in late October and went to the agricultural fields near the Rakaia River where it stayed until July, when it returned to Birdling's Flat","live_pheno_052|live_pheno_062",2,"Breast|Primary",FALSE,,-23.9903077104457,-23.5712912185321,10.3932300598609,9.98347458645412,-26.71935198726,-14.9088613419557,3.36312580566798,3.50217645091409,0.16275,0.2435,2,2,2,2,"live_measurement_0133|live_measurement_0135|live_measurement_0134|live_measurement_0136|live_measurement_0379","live_measurement_0137|live_measurement_0138|live_measurement_0380","live_measurement_0135|live_measurement_0136|live_measurement_0379","live_measurement_0137|live_measurement_0138|live_measurement_0380",FALSE,FALSE,,,TRUE,TRUE,TRUE,TRUE,TRUE,TRUE,TRUE,FALSE,,-0.419016491913609,0.409755473406777
"CP16784","F","resident","resident",TRUE,"South Island, New Zealand","Tiwai Point, Canterbury","Tiwai Point",168.433454,-46.606459,"266454","PTT revealed that the bird moved to Waipapa Point for two weeks (Nov 13 to Dec 1) before returning to Tiwai Point / Awarua Bay for the remainder of the year","live_pheno_078|live_pheno_100",2,"Breast|Primary",FALSE,,-17.7753149745893,-20.600078291815,12.4697845155605,10.0258155122885,5.41951563916892,-14.6065660589455,3.35108450728275,3.57774690055043,0.2145,0.225,2,2,2,2,"live_measurement_0139|live_measurement_0140|live_measurement_0381","live_measurement_0141|live_measurement_0142|live_measurement_0382","live_measurement_0139|live_measurement_0140|live_measurement_0381","live_measurement_0141|live_measurement_0142|live_measurement_0382",FALSE,FALSE,,,TRUE,TRUE,TRUE,TRUE,TRUE,TRUE,TRUE,FALSE,,2.82476331722566,2.443969003272
"CP16815","M","AU migrant","migrant",TRUE,"South Island, New Zealand","Tasman River, Mt. Cook National Park","Tasman River",170.143369,-43.736814,"266412","PTT revealed this bird migrating to the mouth of the Manning River, New South Wales (arrival: May 29) - after breeding season it staged at the Clutha River Mouth April 23 to May 20.","live_pheno_011|live_pheno_028",2,"Breast|Primary",FALSE,,-11.5019399887621,-22.1190010157748,10.336486782594,3.38283743018004,1.61521541282142,-29.146229421724,3.45153596485853,3.49483567242185,0.2265,0.2315,2,2,2,2,"live_measurement_0143|live_measurement_0144|live_measurement_0383","live_measurement_0145|live_measurement_0146|live_measurement_0384","live_measurement_0143|live_measurement_0144|live_measurement_0383","live_measurement_0145|live_measurement_0146|live_measurement_0384",FALSE,FALSE,,,TRUE,TRUE,TRUE,TRUE,TRUE,TRUE,TRUE,FALSE,,10.6170610270126,6.95364935241395
"CP16906","F","resident","resident",TRUE,"South Island, New Zealand","Kaikoura, Canterbury","Kaikoura",173.681912,-42.392022,,"Ailsa observation","live_pheno_079|live_pheno_101",2,"Breast|Primary",FALSE,,-16.5028394162731,-13.6498010358103,13.1400023297407,15.2595855384279,0.256205020893907,-13.6066491723206,3.32597487741899,3.46009977035282,0.217,0.21,2,2,2,2,"live_measurement_0147|live_measurement_0148|live_measurement_0385","live_measurement_0149|live_measurement_0150|live_measurement_0386","live_measurement_0147|live_measurement_0148|live_measurement_0385","live_measurement_0149|live_measurement_0150|live_measurement_0386",FALSE,FALSE,,,TRUE,TRUE,TRUE,TRUE,TRUE,TRUE,TRUE,FALSE,,-2.85303838046281,-2.11958320868722
"CP16938","M","NI migrant","migrant",TRUE,"South Island, New Zealand","Rangipo Desert, Tongariro National Park","Rangipo Desert",175.727142,-39.291327,,"Resighting at Omaha Spit, North Island on March 15","live_pheno_036|live_pheno_043",2,"Breast|Primary",FALSE,,-11.7732858837485,-24.5751595556081,13.0505573731248,4.03031000921216,5.92872165565658,-15.7371655440715,3.47017582461009,3.37871813694405,0.215,0.217,2,2,2,2,"live_measurement_0151|live_measurement_0152|live_measurement_0387","live_measurement_0153|live_measurement_0154|live_measurement_0388","live_measurement_0151|live_measurement_0152|live_measurement_0387","live_measurement_0153|live_measurement_0154|live_measurement_0388",FALSE,FALSE,,,TRUE,TRUE,TRUE,TRUE,TRUE,TRUE,TRUE,FALSE,,12.8018736718596,9.02024736391264
"CP16945","M","NI migrant","migrant",TRUE,"South Island, New Zealand","Rangipo Desert, Tongariro National Park","Rangipo Desert",175.702629005536,-39.379794029519,,"Resighting at Omaha Spit, North Island on Jan 12","live_pheno_037|live_pheno_044",2,"Breast|Primary",FALSE,,-11.7238269708072,-24.6080177935943,13.2076893499419,4.96402290137249,6.53339665206986,-16.5460744738314,3.49665768443661,3.45453233485409,0.2245,0.2125,2,2,2,2,"live_measurement_0155|live_measurement_0156|live_measurement_0389","live_measurement_0157|live_measurement_0158|live_measurement_0390","live_measurement_0155|live_measurement_0156|live_measurement_0389","live_measurement_0157|live_measurement_0158|live_measurement_0390",FALSE,FALSE,,,TRUE,TRUE,TRUE,TRUE,TRUE,TRUE,TRUE,FALSE,,12.8841908227871,8.24366644856944
"CP16953","M","NI migrant","migrant",TRUE,"South Island, New Zealand","Rangipo Desert, Tongariro National Park","Rangipo Desert",175.700161037967,-39.3611319735646,,"Resighting at Karaka, North Island on July 20","live_pheno_038|live_pheno_045",2,"Breast|Primary",FALSE,,-11.1905850372296,-24.7953238387897,18.6186586293908,6.09923939600272,3.99308970394748,-22.6027586527885,3.33228931606423,3.33030835414537,0.264,0.199,2,2,2,2,"live_measurement_0159|live_measurement_0160|live_measurement_0391","live_measurement_0161|live_measurement_0162|live_measurement_0392","live_measurement_0159|live_measurement_0160|live_measurement_0391","live_measurement_0161|live_measurement_0162|live_measurement_0392",FALSE,FALSE,,,TRUE,TRUE,TRUE,TRUE,TRUE,TRUE,TRUE,FALSE,,13.6047388015601,12.5194192333881
"CP16958","F","NI migrant","migrant",TRUE,"South Island, New Zealand","Napier, Hawkes Bay","Napier",176.92653497681,-39.5726949814707,,"Resighting at Miranda, North Island on May 17","live_pheno_039|live_pheno_046",2,"Breast|Primary",FALSE,,-15.333309301501,-23.3505356424689,15.8617503104097,12.5582551483587,-19.3472246308733,-35.7726947877325,3.40582247818053,3.35388413130818,0.1805,0.2225,2,2,2,2,"live_measurement_0163|live_measurement_0164|live_measurement_0393","live_measurement_0165|live_measurement_0166|live_measurement_0394","live_measurement_0163|live_measurement_0164|live_measurement_0393","live_measurement_0165|live_measurement_0166|live_measurement_0394",FALSE,FALSE,,,TRUE,TRUE,TRUE,TRUE,TRUE,TRUE,TRUE,FALSE,,8.01722634096787,3.30349516205102
"CP16990","M","NI migrant","migrant",TRUE,"South Island, New Zealand","Napier, Hawkes Bay","Napier",176.930825,-39.575394,,"Resighting at Kaipara Harbour, North Island on Feb 24","live_pheno_040|live_pheno_047",2,"Breast|Primary",FALSE,,-12.5570174920222,-21.3171321356814,13.8936712460448,11.1108014579245,-3.16996835110101,-11.1621856176019,3.47063194603221,3.33290016986395,0.198,0.202,2,2,2,2,"live_measurement_0177|live_measurement_0178|live_measurement_0399","live_measurement_0179|live_measurement_0180|live_measurement_0400","live_measurement_0177|live_measurement_0178|live_measurement_0399","live_measurement_0179|live_measurement_0180|live_measurement_0400",FALSE,FALSE,,,TRUE,TRUE,TRUE,TRUE,TRUE,TRUE,TRUE,FALSE,,8.76011464365914,2.78286978812032
"CP17010","M","resident","resident",TRUE,"South Island, New Zealand","Tiwai Point, Canterbury","Tiwai Point",168.425144,-46.604315,"266397","PTT revealed that the bird remained at the Awarua Bay / Tiwai Point the full year","live_pheno_080|live_pheno_102",2,"Breast|Primary",FALSE,,-20.7990391206713,-23.6830423249234,8.32593463371651,6.26209391684193,-10.8621226749196,-12.0894925276413,3.41907042465633,3.3266523913021,0.2775,0.2605,2,2,2,2,"live_measurement_0181|live_measurement_0182|live_measurement_0401","live_measurement_0183|live_measurement_0185|live_measurement_0184|live_measurement_0186|live_measurement_0402","live_measurement_0181|live_measurement_0182|live_measurement_0401","live_measurement_0185|live_measurement_0186|live_measurement_0402",FALSE,FALSE,,,TRUE,TRUE,TRUE,TRUE,TRUE,TRUE,TRUE,FALSE,,2.88400320425209,2.06384071687458
"CP17011","F","SI migrant","migrant",TRUE,"South Island, New Zealand","Tiwai Point, Canterbury","Tiwai Point",168.425144,-46.604315,"266413","PTT revealed that the bird left the breeding grounds at Tiwai Point in early Dec and went to Toetoe Harbour near the Mataura River Mouth where it stayed until June, when it returned to Tiwai Point / Awarua Bay","live_pheno_053|live_pheno_063",2,"Breast|Primary",FALSE,,-16.8007345467439,-22.5847413462965,13.2755885769215,7.86987873353459,-13.8562071586242,-25.8318358866134,3.30938878617553,3.37099817139148,0.2395,0.2055,2,2,2,2,"live_measurement_0187|live_measurement_0188|live_measurement_0403","live_measurement_0189|live_measurement_0190|live_measurement_0404","live_measurement_0187|live_measurement_0188|live_measurement_0403","live_measurement_0189|live_measurement_0190|live_measurement_0404",FALSE,FALSE,,,TRUE,TRUE,TRUE,TRUE,TRUE,TRUE,TRUE,FALSE,,5.78400679955261,5.40570984338694
"CP19311","M","SI migrant","migrant",TRUE,"South Island, New Zealand","Tasman River, Mt. Cook National Park","Tasman River",170.146284,-43.725414,"266375","PTT revealed that the bird left the breeding grounds at Tasman Valley and flew to the Hunter River Mouth (Lake Hawea) in mid-Feb and wintered there until early Aug before returning to the Tasman Valley (Glentanner to stage for a couple weeks, then to breeding site)","live_pheno_054|live_pheno_064",2,"Breast|Primary",FALSE,,-22.5401886120996,-23.2344802623803,8.16879707947654,5.47167080546321,-67.5925063450784,-30.7820163099934,3.30554836394745,3.41718181661793,0.243,0.22,2,2,2,2,"live_measurement_0199|live_measurement_0200|live_measurement_0409","live_measurement_0201|live_measurement_0203|live_measurement_0202|live_measurement_0204|live_measurement_0410","live_measurement_0199|live_measurement_0200|live_measurement_0409","live_measurement_0201|live_measurement_0203|live_measurement_0202|live_measurement_0204|live_measurement_0410",FALSE,FALSE,,,TRUE,TRUE,TRUE,TRUE,TRUE,TRUE,TRUE,FALSE,,0.69429165028065,2.69712627401333
"CP19312","F","AU migrant","migrant",TRUE,"South Island, New Zealand","Tasman River, Mt. Cook National Park","Tasman River",170.145122,-43.729755,"266441","PTT revealed this bird migrating to west of Lake Martin, inland Victoria (arrival: July 2) BUT left Tasman Valley breeding grounds in early Dec to stay at Awarua Bay until mid May when it flew to AU","live_pheno_012|live_pheno_029",2,"Breast|Primary",FALSE,,-20.1365264153173,-22.7393146013286,15.7489177714583,7.50565441127808,-5.76406501795435,-6.65958180830863,3.33430696906379,3.36410491481139,0.2055,0.213,2,2,2,2,"live_measurement_0205|live_measurement_0206|live_measurement_0411","live_measurement_0207|live_measurement_0208|live_measurement_0412","live_measurement_0205|live_measurement_0206|live_measurement_0411","live_measurement_0207|live_measurement_0208|live_measurement_0412",FALSE,FALSE,,,TRUE,TRUE,TRUE,TRUE,TRUE,TRUE,TRUE,FALSE,,2.60278818601131,8.24326336018024
"CP19314","M","AU migrant","migrant",TRUE,"South Island, New Zealand","Tasman River, Mt. Cook National Park","Tasman River",170.144119,-43.736765,"266442","PTT revealed this bird migrating to the Great Musselroe River, Inland NE Tasmania (arrival: April 24)","live_pheno_013|live_pheno_030",2,"Breast|Primary",FALSE,,-20.9353793877792,-22.7451701926486,9.11276685224496,3.88852044699003,-4.50714443967175,-21.4992239248411,3.48108523354187,3.48440487722421,0.182,0.201,2,2,2,2,"live_measurement_0209|live_measurement_0210|live_measurement_0413","live_measurement_0211|live_measurement_0212|live_measurement_0414","live_measurement_0209|live_measurement_0210|live_measurement_0413","live_measurement_0211|live_measurement_0212|live_measurement_0414",FALSE,FALSE,,,TRUE,TRUE,TRUE,TRUE,TRUE,TRUE,TRUE,FALSE,,1.8097908048694,5.22424640525494
"CP19327","M","SI migrant","migrant",TRUE,"South Island, New Zealand","Porters Beach, Abel Tasman National Park","Porters Beach",173.011575,-40.993306,"266421","PTT revealed that the bird left the breeding grounds at Porter's Beach in late February and wintered at the Waimea Inlet until early August","live_pheno_055|live_pheno_065",2,"Breast|Primary",FALSE,,-14.7462971530249,-14.4092252688807,14.2859172518353,10.132253774983,-10.4885647577129,-23.2736295650277,3.38331996529757,3.31591810647378,0.2485,0.288,2,2,2,2,"live_measurement_0213|live_measurement_0214|live_measurement_0415","live_measurement_0215|live_measurement_0216|live_measurement_0416","live_measurement_0213|live_measurement_0214|live_measurement_0415","live_measurement_0215|live_measurement_0216|live_measurement_0416",FALSE,FALSE,,,TRUE,TRUE,TRUE,TRUE,TRUE,TRUE,TRUE,FALSE,,-0.337071884144162,4.15366347685232
"CP19340","M","AU migrant","migrant",TRUE,"South Island, New Zealand","Tasman River, Mt. Cook National Park","Tasman River",170.14463,-43.734073,"266393","PTT revealed this bird migrating to coastal Victoria near Lake Wellington (arrival: late March), but PTT stopped transmitting right before arrival","live_pheno_014|live_pheno_031",2,"Breast|Primary",FALSE,,-23.1370222195958,-24.1378607729583,12.2141638963432,3.1426274682581,3.25806710111963,-26.5785510156445,3.39590848907457,3.5218612875793,0.1725,0.24,2,2,2,2,"live_measurement_0217|live_measurement_0218|live_measurement_0417","live_measurement_0219|live_measurement_0220|live_measurement_0418","live_measurement_0217|live_measurement_0218|live_measurement_0417","live_measurement_0219|live_measurement_0220|live_measurement_0418",FALSE,FALSE,,,TRUE,TRUE,TRUE,TRUE,TRUE,TRUE,TRUE,FALSE,,1.00083855336249,9.07153642808507
"CP19346","M","resident","resident",TRUE,"South Island, New Zealand","Kaitorete Spit, Canterbury","Kaitorete",172.431853,-43.845691,"266459","PTT revealed that the bird remained at Lake Ellesmere / Kaitorete Spit the full year","live_pheno_081|live_pheno_103",2,"Breast|Primary",FALSE,,-23.6106784068077,-21.4089644128114,11.4762590619618,13.9745906479413,-11.4546469831619,-10.5715366479889,3.50032160664922,3.43371488382347,0.191,0.183,2,2,2,2,"live_measurement_0221|live_measurement_0222|live_measurement_0419","live_measurement_0223|live_measurement_0224|live_measurement_0420","live_measurement_0221|live_measurement_0222|live_measurement_0419","live_measurement_0223|live_measurement_0224|live_measurement_0420",FALSE,FALSE,,,TRUE,TRUE,TRUE,TRUE,TRUE,TRUE,TRUE,FALSE,,-2.20171399399631,-2.49833158597948
"CP19350","F","SI migrant","migrant",TRUE,"South Island, New Zealand","Kaitorete Spit, Canterbury","Kaitorete",172.591216,-43.832075,"266387","PTT revealed that the bird left the breeding grounds at Birdlings Flat in early May and went to the agricultural fields near the Rakaia River where it stayed until late July, when it returned to Birdling's Flat","live_pheno_056|live_pheno_066",2,"Breast|Primary",FALSE,,-22.9932864768683,-20.4117485454833,10.2356874401532,15.2903010272083,-14.5679577035717,-4.90486384322455,3.36637403590901,3.36542626136903,0.2255,0.2135,2,2,2,2,"live_measurement_0225|live_measurement_0226|live_measurement_0421","live_measurement_0227|live_measurement_0229|live_measurement_0228|live_measurement_0230|live_measurement_0422","live_measurement_0225|live_measurement_0226|live_measurement_0421","live_measurement_0227|live_measurement_0229|live_measurement_0228|live_measurement_0230|live_measurement_0422",FALSE,FALSE,,,TRUE,TRUE,TRUE,TRUE,TRUE,TRUE,TRUE,FALSE,,-2.58153793138503,-5.05461358705509
"CP19360","F","SI migrant","migrant",TRUE,"South Island, New Zealand","Motueka Spit, Tasman Bay","Motueka Spit",173.030661,-41.11765,"266403","PTT revealed that the bird left the breeding grounds at Porter's Beach shortly after deployment, when it jumped between to the Wainui Inlet and Motueka Spit and the Motueka River Mouth","live_pheno_057|live_pheno_067",2,"Breast|Primary",FALSE,,-15.6494167356104,-12.5071712878275,9.64897104177514,8.99088025870186,-27.747857656815,-26.0340508030579,3.4836008419276,3.39460799643214,0.202,0.2545,2,2,2,2,"live_measurement_0231|live_measurement_0232|live_measurement_0423","live_measurement_0233|live_measurement_0234|live_measurement_0424","live_measurement_0231|live_measurement_0232|live_measurement_0423","live_measurement_0233|live_measurement_0234|live_measurement_0424",FALSE,FALSE,,,TRUE,TRUE,TRUE,TRUE,TRUE,TRUE,TRUE,FALSE,,-3.14224544778299,0.65809078307328
"CP19361","M","resident","resident",TRUE,"South Island, New Zealand","Motueka Spit, Tasman Bay","Motueka Spit",173.033468,-41.123473,"266469","PTT revealed that the bird remained at Motueka Spit the full year","live_pheno_082|live_pheno_104",2,"Breast|Primary",FALSE,,-13.9185362373694,-18.6217265975006,13.103579897515,12.068069487138,-21.3772879516674,-3.64141395177048,3.54154995621103,4.692646616758,0.1985,0.2415,2,2,2,2,"live_measurement_0235|live_measurement_0236|live_measurement_0425","live_measurement_0237|live_measurement_0238|live_measurement_0426","live_measurement_0235|live_measurement_0236|live_measurement_0425","live_measurement_0237|live_measurement_0238|live_measurement_0426",FALSE,FALSE,,,TRUE,TRUE,TRUE,TRUE,TRUE,TRUE,TRUE,FALSE,,4.70319036013115,1.035510410377
"CP19365","F","AU migrant","migrant",TRUE,"South Island, New Zealand","Tasman River, Mt. Cook National Park","Tasman River",170.143352,-43.73679,"266434","PTT revealed this bird leaving Tasman Valley to stage at Loganburn Reservoir (Central Otago) from mid-Jan to mid-April before migrating to inland South Australia (near Lake Hawdon)","live_pheno_015|live_pheno_032",2,"Breast|Primary",FALSE,,-23.3101243339637,-22.7946566599693,11.322927655372,3.98038410702127,15.6787653351278,-26.0724867731009,3.35339637335356,3.5212597998533,0.1835,0.176,2,2,2,2,"live_measurement_0313|live_measurement_0314|live_measurement_0427","live_measurement_0315|live_measurement_0316|live_measurement_0428","live_measurement_0313|live_measurement_0314|live_measurement_0427","live_measurement_0315|live_measurement_0316|live_measurement_0428",FALSE,FALSE,,,TRUE,TRUE,TRUE,TRUE,TRUE,TRUE,TRUE,FALSE,,-0.515467673994461,7.34254354835078
"CP19366","F","AU migrant","migrant",TRUE,"South Island, New Zealand","Tasman River, Mt. Cook National Park","Tasman River",170.144062,-43.736643,"266429","PTT revealed this bird leaving Tasman Valley to stage at the Waitaki River gorge (Central Otago) for several weeks in early March before migrating to the Aire River Mouth (Victoria) for a week then moving to the mud flats near Robbins Island (Tasmania) where it stayed from early April to early October","live_pheno_016|live_pheno_033",2,"Breast|Primary",FALSE,,-13.6699580427845,-24.0318183429855,10.7163868306164,2.68630472223335,-3.06216382712083,-30.374107527047,3.46833144840813,3.52449688381776,0.203,0.196,2,2,2,2,"live_measurement_0239|live_measurement_0240|live_measurement_0429","live_measurement_0241|live_measurement_0242|live_measurement_0430","live_measurement_0239|live_measurement_0240|live_measurement_0429","live_measurement_0241|live_measurement_0242|live_measurement_0430",FALSE,FALSE,,,TRUE,TRUE,TRUE,TRUE,TRUE,TRUE,TRUE,FALSE,,10.3618603002009,8.03008210838307
"CP19368","M","AU migrant","migrant",TRUE,"South Island, New Zealand","Tasman River, Mt. Cook National Park","Tasman River",173.0307,-41.11812,"266379","PTT revealed this bird leaving Tasman Valley in mid-March, but bailing and returning to the South Island and staging at the intersection of the Maraura and Waikaia Rivers for 2 weeks. Then it tried again to migrate but bailed and returned to the same staging spot for 2 weeks. 3rd attempt succefully landed at the beaches near Piccaninny Creek Mouth (Tasmania)","live_pheno_017|live_pheno_034",2,"Breast|Primary",FALSE,,-23.9349596678529,-23.7243402461414,11.5187906958187,3.42735373623361,2.60262477330125,-19.8818909409293,3.40778470950065,3.42519858227264,0.222,0.261,2,2,2,2,"live_measurement_0243|live_measurement_0244|live_measurement_0431","live_measurement_0245|live_measurement_0246|live_measurement_0432","live_measurement_0243|live_measurement_0244|live_measurement_0431","live_measurement_0245|live_measurement_0246|live_measurement_0432",FALSE,FALSE,,,TRUE,TRUE,TRUE,TRUE,TRUE,TRUE,TRUE,FALSE,,-0.210619421711499,8.09143695958509
"CP19371","F","resident","resident",TRUE,"South Island, New Zealand","Motueka Spit, Tasman Bay","Motueka Spit",173.031797,-41.120263,"266432","PTT revealed that the bird remained at Motueka Spit the full year","live_pheno_083|live_pheno_105",2,"Breast|Primary",FALSE,,-12.4035084505378,-18.2752292873183,13.4932655104738,11.6060664076581,-22.0604717762451,-2.68696017250742,3.45467873997142,3.63917272270048,0.207,0.1755,2,2,2,2,"live_measurement_0247|live_measurement_0248|live_measurement_0433","live_measurement_0249|live_measurement_0250|live_measurement_0434","live_measurement_0247|live_measurement_0248|live_measurement_0433","live_measurement_0249|live_measurement_0250|live_measurement_0434",FALSE,FALSE,,,TRUE,TRUE,TRUE,TRUE,TRUE,TRUE,TRUE,FALSE,,5.87172083678052,1.88719910281572
"CP19907","F","resident","resident",TRUE,"South Island, New Zealand","Te Anau, Southland","Te Anau",167.746751,-45.414278,,"Resighting at Upukeroa River on Feb 18 (potential resident)","live_pheno_084|live_pheno_106",2,"Breast|Primary",FALSE,,-22.1134454329775,-24.0742353149746,11.3039454995212,8.62449152881804,-14.3435048647567,-64.2934880222648,3.41590074228331,3.48893067345576,0.193,0.198,2,2,2,2,"live_measurement_0259|live_measurement_0260|live_measurement_0439","live_measurement_0261|live_measurement_0262|live_measurement_0440","live_measurement_0259|live_measurement_0260|live_measurement_0439","live_measurement_0261|live_measurement_0262|live_measurement_0440",FALSE,FALSE,,,TRUE,TRUE,TRUE,TRUE,TRUE,TRUE,TRUE,FALSE,,1.96078988199713,2.67945397070318
"CP19908","F","resident","resident",TRUE,"South Island, New Zealand","Te Anau, Southland","Te Anau",167.745905,-45.414044,,"Resighting at Upukeroa River on Jul 25 (potential resident)","live_pheno_085|live_pheno_107",2,"Breast|Primary",FALSE,,-17.4723366032384,-19.9847977461447,10.1721944967357,8.08425151611874,-10.3039561166372,-10.5661802016251,3.39529674753353,3.35289229341751,0.1905,0.231,2,2,2,2,"live_measurement_0263|live_measurement_0264|live_measurement_0441","live_measurement_0265|live_measurement_0266|live_measurement_0442","live_measurement_0263|live_measurement_0264|live_measurement_0441","live_measurement_0265|live_measurement_0266|live_measurement_0442",FALSE,FALSE,,,TRUE,TRUE,TRUE,TRUE,TRUE,TRUE,TRUE,FALSE,,2.51246114290634,2.08794298061695
"CP19915","M","SI migrant","migrant",TRUE,"South Island, New Zealand","Tiwai Point, Canterbury","Tiwai Point",168.430146,-46.605879,"266406","PTT revealed that the bird left the breeding grounds at Tiwai Point but went to a from Ruapuke Island off shore for much of the winter","live_pheno_058|live_pheno_068",2,"Breast|Primary",FALSE,,-26.9150664294187,-23.2582135681362,11.5217746568784,6.887070132575,-12.6838579153021,-12.5326332611128,4.44121896231716,3.44447314343589,0.214,0.201,2,2,2,2,"live_measurement_0267|live_measurement_0268|live_measurement_0443","live_measurement_0269|live_measurement_0270|live_measurement_0444","live_measurement_0267|live_measurement_0268|live_measurement_0443","live_measurement_0269|live_measurement_0270|live_measurement_0444",FALSE,FALSE,,,TRUE,TRUE,TRUE,TRUE,TRUE,TRUE,TRUE,FALSE,,-3.65685286128259,4.63470452430339
"CP19921","F","resident","resident",TRUE,"South Island, New Zealand","Tiwai Point, Canterbury","Tiwai Point",168.431945,-46.606263,"266449","PTT revealed that the bird remained at the Awarua Bay / Tiwai Point the full year","live_pheno_086|live_pheno_108",2,"Breast|Primary",FALSE,,-23.3146109134045,-21.715084223013,8.23046560804341,7.0985497127354,-16.7283140923567,-6.94799558396168,3.45776477141372,3.33094505048333,0.2145,0.208,2,2,2,2,"live_measurement_0271|live_measurement_0272|live_measurement_0445","live_measurement_0273|live_measurement_0274|live_measurement_0446","live_measurement_0271|live_measurement_0272|live_measurement_0445","live_measurement_0273|live_measurement_0274|live_measurement_0446",FALSE,FALSE,,,TRUE,TRUE,TRUE,TRUE,TRUE,TRUE,TRUE,FALSE,,-1.59952669039146,1.13191589530801
"CP19922","M","resident","resident",TRUE,"South Island, New Zealand","Tiwai Point, Canterbury","Tiwai Point",168.431945,-46.606263,"266453","PTT revealed that the bird remained at the Awarua Bay / Tiwai Point the full year","live_pheno_087|live_pheno_109",2,"Breast|Primary",FALSE,,-24.0930877817319,-24.02618742586,5.26440831471433,5.90297598148739,-20.3315138841851,-18.5113024440661,3.46676692818647,3.33853743377839,0.2065,0.2045,2,2,2,2,"live_measurement_0275|live_measurement_0276|live_measurement_0447","live_measurement_0277|live_measurement_0278|live_measurement_0448","live_measurement_0275|live_measurement_0276|live_measurement_0447","live_measurement_0277|live_measurement_0278|live_measurement_0448",FALSE,FALSE,,,TRUE,TRUE,TRUE,TRUE,TRUE,TRUE,TRUE,FALSE,,-0.066900355871887,-0.638567666773061
"CP19923","M","resident","resident",TRUE,"South Island, New Zealand","Tiwai Point, Canterbury","Tiwai Point",168.433515,-46.606197,"266417","PTT revealed that the bird remained at the Awarua Bay / Tiwai Point the full year","live_pheno_088|live_pheno_110",2,"Breast|Primary",FALSE,,-24.2471613285884,-22.9138281527006,7.4476731567188,7.99842071534426,-10.1704348073123,-6.35742016915515,3.48445336755024,3.45122191232433,0.1865,0.2385,2,2,2,2,"live_measurement_0279|live_measurement_0280|live_measurement_0449","live_measurement_0281|live_measurement_0282|live_measurement_0450","live_measurement_0279|live_measurement_0280|live_measurement_0449","live_measurement_0281|live_measurement_0282|live_measurement_0450",FALSE,FALSE,,,TRUE,TRUE,TRUE,TRUE,TRUE,TRUE,TRUE,FALSE,,-1.33333317588775,-0.550747558625456
"CP19931","M","NI migrant","migrant",TRUE,"South Island, New Zealand","Napier, Hawkes Bay","Napier",176.919071981683,-39.5101300254464,,"Resighting at Manukapua Island, North Island on March 29","live_pheno_041|live_pheno_048",2,"Breast|Primary",FALSE,,-13.1476905276339,-22.6179192766812,14.4329986737513,10.077335282573,7.46516994720916,17.5069573341059,3.43788412551935,3.47401006292833,0.2,0.218,2,2,2,2,"live_measurement_0283|live_measurement_0284|live_measurement_0451","live_measurement_0285|live_measurement_0286|live_measurement_0452","live_measurement_0283|live_measurement_0284|live_measurement_0451","live_measurement_0285|live_measurement_0286|live_measurement_0452",FALSE,FALSE,,,TRUE,TRUE,TRUE,TRUE,TRUE,TRUE,TRUE,FALSE,,9.47022874904734,4.35566339117828
"CP19983","F","resident","resident",TRUE,"South Island, New Zealand","Te Anau, Southland","Te Anau",167.744617,-45.414383,,"Resighting at Upukeroa River on Feb 26 (potential resident)","live_pheno_089|live_pheno_111",2,"Breast|Primary",FALSE,,-19.0124766576055,-24.6408048694008,12.5227059718829,8.73732406776946,-9.46882246704472,-31.1279954164657,3.40002722133965,3.46013659586787,0.293,0.199,2,2,2,2,"live_measurement_0301|live_measurement_0302|live_measurement_0459","live_measurement_0303|live_measurement_0304|live_measurement_0460","live_measurement_0301|live_measurement_0302|live_measurement_0459","live_measurement_0303|live_measurement_0304|live_measurement_0460",FALSE,FALSE,,,TRUE,TRUE,TRUE,TRUE,TRUE,TRUE,TRUE,FALSE,,5.62832821179529,3.78538190411343
"CP9059","M","resident","resident",TRUE,"South Island, New Zealand","Kaikoura, Canterbury","Kaikoura",173.662786,-42.413422,,"Ailsa observation April 26","live_pheno_090|live_pheno_112",2,"Breast|Primary",FALSE,,-18.0455411184568,-14.5257161476591,12.5936658463559,14.8629857208597,4.70342211998976,-26.6806306806694,3.43989854944903,3.46208283526748,0.195,0.314,2,2,2,2,"live_measurement_0309|live_measurement_0310|live_measurement_0463","live_measurement_0311|live_measurement_0312|live_measurement_0464","live_measurement_0309|live_measurement_0310|live_measurement_0463","live_measurement_0311|live_measurement_0312|live_measurement_0464",FALSE,FALSE,,,TRUE,TRUE,TRUE,TRUE,TRUE,TRUE,TRUE,FALSE,,-3.5198249707976,-2.26931987450378
