rung,candidate_id,candidate_label,model_type,candidate_group,caution_level,uses_primary_site_reference,uses_winter_reference,uses_r1_upstream,uses_breast_h,uses_primary_h,fit_status,validation_layer,split_id,n_assessment,n_sites_assessment,assessment_sites,fold_design_note,rung1_all_classes_present,rung2_all_classes_present,n_analysis,primary_reference_rows,primary_reference_sites,museum_reference_rows_core3,log_loss,balanced_accuracy,accuracy,brier,selected_lambda,ece,calibration_intercept,calibration_slope,mean_top_prob,weak_support_rate,predictors_used
Rung 1,r1_c_paired_contrast_cn,Rung 1 C: Paired-contrast C/N,ridge_binomial,accepted_baseline,paired_cn_benchmark,FALSE,FALSE,FALSE,FALSE,FALSE,ok,blocked_site_cv,Fold1,19,2,Motueka Spit|Tasman River,Recommended grouped site-block design. Every assessment fold retains all three Rung 2 classes.,TRUE,TRUE,37,54,10,12,0.4480975146107049,0.8285714285714285,0.8421052631578947,0.13740842818073082,0.26625602845247187,0.17620222129569277,0.5998034354489983,5.273559185121782,0.665903041862202,0,abs_delta_d13c|abs_delta_d15n|paired_distance_cn
Rung 1,r1_c_paired_contrast_cn,Rung 1 C: Paired-contrast C/N,ridge_binomial,accepted_baseline,paired_cn_benchmark,FALSE,FALSE,FALSE,FALSE,FALSE,ok,blocked_site_cv,Fold2,13,2,Kaitorete|Rangipo Desert,Recommended grouped site-block design. Every assessment fold retains all three Rung 2 classes.,TRUE,TRUE,43,58,10,12,0.46927234256308953,0.875,0.8461538461538461,0.15867310020266862,0.08930968092971221,0.21445584281846897,0.4128866827639393,1.5751253291771237,0.738872471581254,0,abs_delta_d13c|abs_delta_d15n|paired_distance_cn
Rung 1,r1_c_paired_contrast_cn,Rung 1 C: Paired-contrast C/N,ridge_binomial,accepted_baseline,paired_cn_benchmark,FALSE,FALSE,FALSE,FALSE,FALSE,ok,blocked_site_cv,Fold3,12,4,Cass River|Pisa Range|Tiwai Point|Napier,Recommended grouped site-block design. Every assessment fold retains all three Rung 2 classes.,TRUE,TRUE,44,52,8,12,0.5038365223799763,1,1,0.15958654647861292,0.0973905764148404,0.3902322207191913,0.13153900106298275,268.92415338282404,0.6097677792808087,0,abs_delta_d13c|abs_delta_d15n|paired_distance_cn
Rung 1,r1_c_paired_contrast_cn,Rung 1 C: Paired-contrast C/N,ridge_binomial,accepted_baseline,paired_cn_benchmark,FALSE,FALSE,FALSE,FALSE,FALSE,ok,blocked_site_cv,Fold4,12,3,Te Anau|Kaikoura|Porters Beach,Recommended grouped site-block design. Every assessment fold retains all three Rung 2 classes.,TRUE,TRUE,44,60,9,12,0.7639967847816915,0.5,0.4166666666666667,0.28319513198410784,0.10349571736640982,0.2827535378848465,-0.859379356171134,0.6138283142341276,0.6216321651898433,0,abs_delta_d13c|abs_delta_d15n|paired_distance_cn
Rung 1,r1_d_structured_paired_cn,Rung 1 D: Structured paired C/N,ridge_binomial,accepted_comparator,paired_cn_benchmark,FALSE,FALSE,FALSE,FALSE,FALSE,ok,blocked_site_cv,Fold1,19,2,Motueka Spit|Tasman River,Recommended grouped site-block design. Every assessment fold retains all three Rung 2 classes.,TRUE,TRUE,37,54,10,12,0.6235954938812479,0.42857142857142855,0.631578947368421,0.2161509952430873,1.5594671015792159,0.17225245838910322,0.7783958970408186,2.4639864640705293,0.5686964232963565,0,normalised_d13c_Breast|normalised_d15n_Breast|abs_delta_d13c|abs_delta_d15n
Rung 1,r1_d_structured_paired_cn,Rung 1 D: Structured paired C/N,ridge_binomial,accepted_comparator,paired_cn_benchmark,FALSE,FALSE,FALSE,FALSE,FALSE,ok,blocked_site_cv,Fold2,13,2,Kaitorete|Rangipo Desert,Recommended grouped site-block design. Every assessment fold retains all three Rung 2 classes.,TRUE,TRUE,43,58,10,12,0.4838406094834578,0.875,0.8461538461538461,0.16437910598416425,0.09801726456693789,0.2113573968226558,0.3715772317865904,1.3972045190173648,0.7293834733944586,0,normalised_d13c_Breast|normalised_d15n_Breast|abs_delta_d13c|abs_delta_d15n
Rung 1,r1_d_structured_paired_cn,Rung 1 D: Structured paired C/N,ridge_binomial,accepted_comparator,paired_cn_benchmark,FALSE,FALSE,FALSE,FALSE,FALSE,ok,blocked_site_cv,Fold3,12,4,Cass River|Pisa Range|Tiwai Point|Napier,Recommended grouped site-block design. Every assessment fold retains all three Rung 2 classes.,TRUE,TRUE,44,52,8,12,0.7386470002750882,0.4571428571428572,0.5,0.2720529418459103,0.0973905764148404,0.1353867011156133,-0.048271259796200394,-0.5036229899166935,0.6353867011156134,0,normalised_d13c_Breast|normalised_d15n_Breast|abs_delta_d13c|abs_delta_d15n
Rung 1,r1_d_structured_paired_cn,Rung 1 D: Structured paired C/N,ridge_binomial,accepted_comparator,paired_cn_benchmark,FALSE,FALSE,FALSE,FALSE,FALSE,ok,blocked_site_cv,Fold4,12,3,Te Anau|Kaikoura|Porters Beach,Recommended grouped site-block design. Every assessment fold retains all three Rung 2 classes.,TRUE,TRUE,44,60,9,12,0.7951109205500809,0.5714285714285714,0.5,0.29497497139937806,0.059224054593879416,0.25557466159014636,-0.8329592049243704,-0.008404961236202423,0.6149368553847293,0,normalised_d13c_Breast|normalised_d15n_Breast|abs_delta_d13c|abs_delta_d15n
Rung 1,r1_x_paired_contrast_cn_plus_primary_site_reference,Rung 1 X: Paired-contrast C/N + primary-site reference distance,ridge_binomial,exploratory_extension,training_fold_primary_site_reference_exploratory,TRUE,FALSE,FALSE,FALSE,FALSE,ok,blocked_site_cv,Fold1,19,2,Motueka Spit|Tasman River,Recommended grouped site-block design. Every assessment fold retains all three Rung 2 classes.,TRUE,TRUE,37,54,10,12,0.5071241420898209,0.8285714285714285,0.8421052631578947,0.1614619223074395,0.5604434177909186,0.22494462031335954,0.6668590426079666,8.406202372344305,0.6171606428445352,0,abs_delta_d13c|abs_delta_d15n|paired_distance_cn|primary_ref_min_site_dist_cn
Rung 1,r1_x_paired_contrast_cn_plus_primary_site_reference,Rung 1 X: Paired-contrast C/N + primary-site reference distance,ridge_binomial,exploratory_extension,training_fold_primary_site_reference_exploratory,TRUE,FALSE,FALSE,FALSE,FALSE,ok,blocked_site_cv,Fold2,13,2,Kaitorete|Rangipo Desert,Recommended grouped site-block design. Every assessment fold retains all three Rung 2 classes.,TRUE,TRUE,43,58,10,12,0.5602991925646204,0.5,0.6153846153846154,0.19051419510504655,0.9141122898746427,0.1364035905446041,0.044270736713390366,8.618325883904165,0.6054809265473525,0,abs_delta_d13c|abs_delta_d15n|paired_distance_cn|primary_ref_min_site_dist_cn
Rung 1,r1_x_paired_contrast_cn_plus_primary_site_reference,Rung 1 X: Paired-contrast C/N + primary-site reference distance,ridge_binomial,exploratory_extension,training_fold_primary_site_reference_exploratory,TRUE,FALSE,FALSE,FALSE,FALSE,ok,blocked_site_cv,Fold3,12,4,Cass River|Pisa Range|Tiwai Point|Napier,Recommended grouped site-block design. Every assessment fold retains all three Rung 2 classes.,TRUE,TRUE,44,52,8,12,0.5992804526679028,0.6,0.6666666666666666,0.20755858170013322,0.2709950640894856,0.1919957712543705,-0.3457092450249504,3.537037407440097,0.6669580052718902,0,abs_delta_d13c|abs_delta_d15n|paired_distance_cn|primary_ref_min_site_dist_cn
Rung 1,r1_x_paired_contrast_cn_plus_primary_site_reference,Rung 1 X: Paired-contrast C/N + primary-site reference distance,ridge_binomial,exploratory_extension,training_fold_primary_site_reference_exploratory,TRUE,FALSE,FALSE,FALSE,FALSE,ok,blocked_site_cv,Fold4,12,3,Te Anau|Kaikoura|Porters Beach,Recommended grouped site-block design. Every assessment fold retains all three Rung 2 classes.,TRUE,TRUE,44,60,9,12,1.0788712916329852,0.4,0.3333333333333333,0.4077917894516513,0.10349571736640982,0.49759519322554946,-1.5326884130728582,-0.5286768475512991,0.7418297539196005,0,abs_delta_d13c|abs_delta_d15n|paired_distance_cn|primary_ref_min_site_dist_cn
Rung 1,r1_c_paired_contrast_cn,Rung 1 C: Paired-contrast C/N,ridge_binomial,accepted_baseline,paired_cn_benchmark,FALSE,FALSE,FALSE,FALSE,FALSE,ok,leave_one_site_out_cv,Site__Cass.River,1,1,Cass River,LOSO split is very small and should be treated as a stress test rather than a stable performance estimate.,FALSE,FALSE,55,68,11,12,0.15782894424792285,1,1,0.02131721170694209,0.10921483340371863,0.1460041496223381,20.799777264867984,NA,0.8539958503776619,0,abs_delta_d13c|abs_delta_d15n|paired_distance_cn
Rung 1,r1_c_paired_contrast_cn,Rung 1 C: Paired-contrast C/N,ridge_binomial,accepted_baseline,paired_cn_benchmark,FALSE,FALSE,FALSE,FALSE,FALSE,ok,leave_one_site_out_cv,Site__Kaikoura,6,1,Kaikoura,LOSO split is site-pure or site-imbalanced and does not represent all Rung 2 classes.,TRUE,FALSE,50,67,11,12,0.7580988103883483,0.5,0.3333333333333333,0.28195096116990936,0.1734367789079126,0.37209743527949785,-1.157905461837848,2.5718880454505353,0.6087598743501162,0,abs_delta_d13c|abs_delta_d15n|paired_distance_cn
Rung 1,r1_c_paired_contrast_cn,Rung 1 C: Paired-contrast C/N,ridge_binomial,accepted_baseline,paired_cn_benchmark,FALSE,FALSE,FALSE,FALSE,FALSE,ok,leave_one_site_out_cv,Site__Kaitorete,10,1,Kaitorete,NA,TRUE,TRUE,46,63,11,12,0.6008315456994303,0.8,0.8,0.2049215428239307,0.0720892891231288,0.26538500133433596,0.3971609014991633,1.4592424482302762,0.6744816568160419,0,abs_delta_d13c|abs_delta_d15n|paired_distance_cn
Rung 1,r1_c_paired_contrast_cn,Rung 1 C: Paired-contrast C/N,ridge_binomial,accepted_baseline,paired_cn_benchmark,FALSE,FALSE,FALSE,FALSE,FALSE,ok,leave_one_site_out_cv,Site__Motueka.Spit,6,1,Motueka Spit,LOSO split is site-pure or site-imbalanced and does not represent all Rung 2 classes.,TRUE,FALSE,50,67,11,12,0.6676031220397749,0.4,0.6666666666666666,0.237281656074523,0.12512313079382303,0.2900127060483422,-1.4462581614254177,-19.6165916666152,0.5598650962743065,0,abs_delta_d13c|abs_delta_d15n|paired_distance_cn
Rung 1,r1_c_paired_contrast_cn,Rung 1 C: Paired-contrast C/N,ridge_binomial,accepted_baseline,paired_cn_benchmark,FALSE,FALSE,FALSE,FALSE,FALSE,ok,leave_one_site_out_cv,Site__Napier,3,1,Napier,LOSO split is site-pure or site-imbalanced and does not represent all Rung 2 classes.,FALSE,FALSE,53,68,11,12,0.5044932870823438,1,1,0.15842730767199809,0.07882390140574183,0.39299978476092035,23.13482243627513,6.024473402072544e-12,0.6070002152390797,0,abs_delta_d13c|abs_delta_d15n|paired_distance_cn
Rung 1,r1_c_paired_contrast_cn,Rung 1 C: Paired-contrast C/N,ridge_binomial,accepted_baseline,paired_cn_benchmark,FALSE,FALSE,FALSE,FALSE,FALSE,ok,leave_one_site_out_cv,Site__Pisa.Range,1,1,Pisa Range,LOSO split is very small and should be treated as a stress test rather than a stable performance estimate.,FALSE,FALSE,55,69,11,12,0.5559998006185951,1,1,0.18190345254376566,0.09271228175922559,0.42650140977934137,22.26992875004657,NA,0.5734985902206586,0,abs_delta_d13c|abs_delta_d15n|paired_distance_cn
Rung 1,r1_c_paired_contrast_cn,Rung 1 C: Paired-contrast C/N,ridge_binomial,accepted_baseline,paired_cn_benchmark,FALSE,FALSE,FALSE,FALSE,FALSE,ok,leave_one_site_out_cv,Site__Porters.Beach,2,1,Porters Beach,LOSO split is very small and should be treated as a stress test rather than a stable performance estimate.,FALSE,FALSE,54,71,11,12,0.5991792023976312,1,1,0.2032762611402606,0.16301746682986842,0.45017371134170303,23.36740509586361,-1.257310519887654e-7,0.549826288658297,0,abs_delta_d13c|abs_delta_d15n|paired_distance_cn
Rung 1,r1_c_paired_contrast_cn,Rung 1 C: Paired-contrast C/N,ridge_binomial,accepted_baseline,paired_cn_benchmark,FALSE,FALSE,FALSE,FALSE,FALSE,ok,leave_one_site_out_cv,Site__Rangipo.Desert,3,1,Rangipo Desert,LOSO split is site-pure or site-imbalanced and does not represent all Rung 2 classes.,FALSE,FALSE,53,68,11,12,0.07200854073114117,1,1,0.005555347707670808,0.2830843109679196,0.06905919592756671,20.894943382036363,4.106712974347622e-12,0.9309408040724333,0,abs_delta_d13c|abs_delta_d15n|paired_distance_cn
Rung 1,r1_c_paired_contrast_cn,Rung 1 C: Paired-contrast C/N,ridge_binomial,accepted_baseline,paired_cn_benchmark,FALSE,FALSE,FALSE,FALSE,FALSE,ok,leave_one_site_out_cv,Site__Tasman.River,13,1,Tasman River,LOSO split is site-pure or site-imbalanced and does not represent all Rung 2 classes.,FALSE,FALSE,43,60,11,12,0.5426725504804201,0.8461538461538461,0.8461538461538461,0.17667340604687684,0.9049673654749572,0.4143049145736164,24.23018649906379,1.673186915396154e-6,0.5973786692891334,0,abs_delta_d13c|abs_delta_d15n|paired_distance_cn
Rung 1,r1_c_paired_contrast_cn,Rung 1 C: Paired-contrast C/N,ridge_binomial,accepted_baseline,paired_cn_benchmark,FALSE,FALSE,FALSE,FALSE,FALSE,ok,leave_one_site_out_cv,Site__Te.Anau,4,1,Te Anau,LOSO split is site-pure or site-imbalanced and does not represent all Rung 2 classes.,TRUE,FALSE,52,68,11,12,0.8302333060507099,0.5,0.25,0.31558332768900715,0.11178399492010975,0.307508403208434,-1.362111044633922,-27.701765859229216,0.557508403208434,0,abs_delta_d13c|abs_delta_d15n|paired_distance_cn
Rung 1,r1_c_paired_contrast_cn,Rung 1 C: Paired-contrast C/N,ridge_binomial,accepted_baseline,paired_cn_benchmark,FALSE,FALSE,FALSE,FALSE,FALSE,ok,leave_one_site_out_cv,Site__Tiwai.Point,7,1,Tiwai Point,LOSO split is site-pure or site-imbalanced and does not represent all Rung 2 classes.,TRUE,FALSE,49,66,11,12,0.6387247652751409,0.7,0.5714285714285714,0.22466372377775956,0.2532515925434027,0.4637910982297858,-1.2245074169872718,123.36544917298164,0.5732698909444204,0,abs_delta_d13c|abs_delta_d15n|paired_distance_cn
Rung 1,r1_d_structured_paired_cn,Rung 1 D: Structured paired C/N,ridge_binomial,accepted_comparator,paired_cn_benchmark,FALSE,FALSE,FALSE,FALSE,FALSE,ok,leave_one_site_out_cv,Site__Cass.River,1,1,Cass River,LOSO split is very small and should be treated as a stress test rather than a stable performance estimate.,FALSE,FALSE,55,68,11,12,0.24339984730073516,1,1,0.0466741511178651,0.22988675547367718,0.21604201239079657,21.277186015139577,NA,0.7839579876092034,0,normalised_d13c_Breast|normalised_d15n_Breast|abs_delta_d13c|abs_delta_d15n
Rung 1,r1_d_structured_paired_cn,Rung 1 D: Structured paired C/N,ridge_binomial,accepted_comparator,paired_cn_benchmark,FALSE,FALSE,FALSE,FALSE,FALSE,ok,leave_one_site_out_cv,Site__Kaikoura,6,1,Kaikoura,LOSO split is site-pure or site-imbalanced and does not represent all Rung 2 classes.,TRUE,FALSE,50,67,11,12,0.7395355542481624,0.625,0.5,0.27407440870066785,0.062329946584551855,0.34907228107705135,-1.2362431055027694,1.8496548502663734,0.622732893039103,0,normalised_d13c_Breast|normalised_d15n_Breast|abs_delta_d13c|abs_delta_d15n
Rung 1,r1_d_structured_paired_cn,Rung 1 D: Structured paired C/N,ridge_binomial,accepted_comparator,paired_cn_benchmark,FALSE,FALSE,FALSE,FALSE,FALSE,ok,leave_one_site_out_cv,Site__Kaitorete,10,1,Kaitorete,NA,TRUE,TRUE,46,63,11,12,0.6531732832839203,0.6,0.6,0.2304667629592126,0.3847188538416108,0.09218753082524153,-0.08615378210491817,2.8378714256570015,0.5627615783766129,0,normalised_d13c_Breast|normalised_d15n_Breast|abs_delta_d13c|abs_delta_d15n
Rung 1,r1_d_structured_paired_cn,Rung 1 D: Structured paired C/N,ridge_binomial,accepted_comparator,paired_cn_benchmark,FALSE,FALSE,FALSE,FALSE,FALSE,ok,leave_one_site_out_cv,Site__Motueka.Spit,6,1,Motueka Spit,LOSO split is site-pure or site-imbalanced and does not represent all Rung 2 classes.,TRUE,FALSE,50,67,11,12,0.8712585175222956,0.5,0.16666666666666666,0.33715375949770104,0.3481625440239441,0.4259156329763153,-1.9934863563048022,-427.30177082208286,0.592582299642982,0,normalised_d13c_Breast|normalised_d15n_Breast|abs_delta_d13c|abs_delta_d15n
Rung 1,r1_d_structured_paired_cn,Rung 1 D: Structured paired C/N,ridge_binomial,accepted_comparator,paired_cn_benchmark,FALSE,FALSE,FALSE,FALSE,FALSE,ok,leave_one_site_out_cv,Site__Napier,3,1,Napier,LOSO split is site-pure or site-imbalanced and does not represent all Rung 2 classes.,FALSE,FALSE,53,68,11,12,0.5775275320063015,1,1,0.19325482393005194,0.12550994191237747,0.43611829509758293,23.31350107562761,2.5949736439962495e-10,0.5638817049024171,0,normalised_d13c_Breast|normalised_d15n_Breast|abs_delta_d13c|abs_delta_d15n
Rung 1,r1_d_structured_paired_cn,Rung 1 D: Structured paired C/N,ridge_binomial,accepted_comparator,paired_cn_benchmark,FALSE,FALSE,FALSE,FALSE,FALSE,ok,leave_one_site_out_cv,Site__Pisa.Range,1,1,Pisa Range,LOSO split is very small and should be treated as a stress test rather than a stable performance estimate.,FALSE,FALSE,55,69,11,12,0.5030641677550214,1,1,0.1562818615450445,0.12256018022569674,0.3953250074875665,22.141085674839044,NA,0.6046749925124335,0,normalised_d13c_Breast|normalised_d15n_Breast|abs_delta_d13c|abs_delta_d15n
Rung 1,r1_d_structured_paired_cn,Rung 1 D: Structured paired C/N,ridge_binomial,accepted_comparator,paired_cn_benchmark,FALSE,FALSE,FALSE,FALSE,FALSE,ok,leave_one_site_out_cv,Site__Porters.Beach,2,1,Porters Beach,LOSO split is very small and should be treated as a stress test rather than a stable performance estimate.,FALSE,FALSE,54,71,11,12,0.643675575388119,1,1,0.22530127035213293,0.17891146859958582,0.47448362486072415,23.464324867024732,-2.4411804665849903e-7,0.5255163751392758,0,normalised_d13c_Breast|normalised_d15n_Breast|abs_delta_d13c|abs_delta_d15n
Rung 1,r1_d_structured_paired_cn,Rung 1 D: Structured paired C/N,ridge_binomial,accepted_comparator,paired_cn_benchmark,FALSE,FALSE,FALSE,FALSE,FALSE,ok,leave_one_site_out_cv,Site__Rangipo.Desert,3,1,Rangipo Desert,LOSO split is site-pure or site-imbalanced and does not represent all Rung 2 classes.,FALSE,FALSE,53,68,11,12,0.08204216804244516,1,1,0.006961825135756292,0.21414289985330176,0.07832241271991203,21.04801542385709,1.028768005735304e-11,0.921677587280088,0,normalised_d13c_Breast|normalised_d15n_Breast|abs_delta_d13c|abs_delta_d15n
Rung 1,r1_d_structured_paired_cn,Rung 1 D: Structured paired C/N,ridge_binomial,accepted_comparator,paired_cn_benchmark,FALSE,FALSE,FALSE,FALSE,FALSE,ok,leave_one_site_out_cv,Site__Tasman.River,13,1,Tasman River,LOSO split is site-pure or site-imbalanced and does not represent all Rung 2 classes.,FALSE,FALSE,43,60,11,12,0.48687384483450014,0.8461538461538461,0.8461538461538461,0.15311278727880404,0.3569377766499658,0.3736933502095931,25.074385133096055,6.862589835225815e-10,0.6499950625853884,0,normalised_d13c_Breast|normalised_d15n_Breast|abs_delta_d13c|abs_delta_d15n
Rung 1,r1_d_structured_paired_cn,Rung 1 D: Structured paired C/N,ridge_binomial,accepted_comparator,paired_cn_benchmark,FALSE,FALSE,FALSE,FALSE,FALSE,ok,leave_one_site_out_cv,Site__Te.Anau,4,1,Te Anau,LOSO split is site-pure or site-imbalanced and does not represent all Rung 2 classes.,TRUE,FALSE,52,68,11,12,0.8285856427623708,0,0,0.3155143387110076,0.1346442176255419,0.557883412706025,-1.3502427269937056,-452.56416582343775,0.557883412706025,0,normalised_d13c_Breast|normalised_d15n_Breast|abs_delta_d13c|abs_delta_d15n
Rung 1,r1_d_structured_paired_cn,Rung 1 D: Structured paired C/N,ridge_binomial,accepted_comparator,paired_cn_benchmark,FALSE,FALSE,FALSE,FALSE,FALSE,ok,leave_one_site_out_cv,Site__Tiwai.Point,7,1,Tiwai Point,LOSO split is site-pure or site-imbalanced and does not represent all Rung 2 classes.,TRUE,FALSE,49,66,11,12,0.7437751769205623,0.5,0.2857142857142857,0.27653917996554317,0.23075341905248367,0.4183659449367806,-1.438844297113787,223.58218011755824,0.6230638316576667,0,normalised_d13c_Breast|normalised_d15n_Breast|abs_delta_d13c|abs_delta_d15n
Rung 1,r1_x_paired_contrast_cn_plus_primary_site_reference,Rung 1 X: Paired-contrast C/N + primary-site reference distance,ridge_binomial,exploratory_extension,training_fold_primary_site_reference_exploratory,TRUE,FALSE,FALSE,FALSE,FALSE,ok,leave_one_site_out_cv,Site__Cass.River,1,1,Cass River,LOSO split is very small and should be treated as a stress test rather than a stable performance estimate.,FALSE,FALSE,55,68,11,12,0.13594467615036587,1,1,0.0161567174967045,0.05694470465394937,0.1271090771609349,20.63930354674621,NA,0.8728909228390651,0,abs_delta_d13c|abs_delta_d15n|paired_distance_cn|primary_ref_min_site_dist_cn
Rung 1,r1_x_paired_contrast_cn_plus_primary_site_reference,Rung 1 X: Paired-contrast C/N + primary-site reference distance,ridge_binomial,exploratory_extension,training_fold_primary_site_reference_exploratory,TRUE,FALSE,FALSE,FALSE,FALSE,ok,leave_one_site_out_cv,Site__Kaikoura,6,1,Kaikoura,LOSO split is site-pure or site-imbalanced and does not represent all Rung 2 classes.,TRUE,FALSE,50,67,11,12,0.7948139286368814,0.5,0.3333333333333333,0.30007078790913816,0.2761603987875725,0.39725679957498083,-1.2698329965661388,4.070469963379644,0.6372247769875946,0,abs_delta_d13c|abs_delta_d15n|paired_distance_cn|primary_ref_min_site_dist_cn
Rung 1,r1_x_paired_contrast_cn_plus_primary_site_reference,Rung 1 X: Paired-contrast C/N + primary-site reference distance,ridge_binomial,exploratory_extension,training_fold_primary_site_reference_exploratory,TRUE,FALSE,FALSE,FALSE,FALSE,ok,leave_one_site_out_cv,Site__Kaitorete,10,1,Kaitorete,NA,TRUE,TRUE,46,63,11,12,0.5992614182030569,0.8,0.8,0.2041234356554468,0.0656850753638364,0.26670405495644395,0.4138113625221988,1.39648998512869,0.6817576116251053,0,abs_delta_d13c|abs_delta_d15n|paired_distance_cn|primary_ref_min_site_dist_cn
Rung 1,r1_x_paired_contrast_cn_plus_primary_site_reference,Rung 1 X: Paired-contrast C/N + primary-site reference distance,ridge_binomial,exploratory_extension,training_fold_primary_site_reference_exploratory,TRUE,FALSE,FALSE,FALSE,FALSE,ok,leave_one_site_out_cv,Site__Motueka.Spit,6,1,Motueka Spit,LOSO split is site-pure or site-imbalanced and does not represent all Rung 2 classes.,TRUE,FALSE,50,67,11,12,0.6835339428868245,0.8,0.6666666666666666,0.24508011360969056,0.13732248158084698,0.328520030372663,-1.6046130177158622,1.3921897811849087,0.5414637191762645,0,abs_delta_d13c|abs_delta_d15n|paired_distance_cn|primary_ref_min_site_dist_cn
Rung 1,r1_x_paired_contrast_cn_plus_primary_site_reference,Rung 1 X: Paired-contrast C/N + primary-site reference distance,ridge_binomial,exploratory_extension,training_fold_primary_site_reference_exploratory,TRUE,FALSE,FALSE,FALSE,FALSE,ok,leave_one_site_out_cv,Site__Napier,3,1,Napier,LOSO split is site-pure or site-imbalanced and does not represent all Rung 2 classes.,FALSE,FALSE,53,68,11,12,0.4425881571087203,1,1,0.12986429992613643,0.12550994191237747,0.35450468347370667,22.966764674678977,1.0597918819849528e-7,0.6454953165262933,0,abs_delta_d13c|abs_delta_d15n|paired_distance_cn|primary_ref_min_site_dist_cn
Rung 1,r1_x_paired_contrast_cn_plus_primary_site_reference,Rung 1 X: Paired-contrast C/N + primary-site reference distance,ridge_binomial,exploratory_extension,training_fold_primary_site_reference_exploratory,TRUE,FALSE,FALSE,FALSE,FALSE,ok,leave_one_site_out_cv,Site__Pisa.Range,1,1,Pisa Range,LOSO split is very small and should be treated as a stress test rather than a stable performance estimate.,FALSE,FALSE,55,69,11,12,0.5806915458212625,1,1,0.19403029038713435,0.16201734540376103,0.4404886949595124,22.326889603769168,NA,0.5595113050404876,0,abs_delta_d13c|abs_delta_d15n|paired_distance_cn|primary_ref_min_site_dist_cn
Rung 1,r1_x_paired_contrast_cn_plus_primary_site_reference,Rung 1 X: Paired-contrast C/N + primary-site reference distance,ridge_binomial,exploratory_extension,training_fold_primary_site_reference_exploratory,TRUE,FALSE,FALSE,FALSE,FALSE,ok,leave_one_site_out_cv,Site__Porters.Beach,2,1,Porters Beach,LOSO split is very small and should be treated as a stress test rather than a stable performance estimate.,FALSE,FALSE,54,71,11,12,0.623762913794849,0.5,0.5,0.2156866817540634,0.2848776529825056,0.46191313529929406,23.418725346217744,-6.479878004689486e-8,0.5481968587362231,0,abs_delta_d13c|abs_delta_d15n|paired_distance_cn|primary_ref_min_site_dist_cn
Rung 1,r1_x_paired_contrast_cn_plus_primary_site_reference,Rung 1 X: Paired-contrast C/N + primary-site reference distance,ridge_binomial,exploratory_extension,training_fold_primary_site_reference_exploratory,TRUE,FALSE,FALSE,FALSE,FALSE,ok,leave_one_site_out_cv,Site__Rangipo.Desert,3,1,Rangipo Desert,LOSO split is site-pure or site-imbalanced and does not represent all Rung 2 classes.,FALSE,FALSE,53,68,11,12,0.061743284958128426,1,1,0.004060151447115042,0.31068468181774417,0.059608659096499816,20.748116737532502,3.066179382251809e-10,0.9403913409035002,0,abs_delta_d13c|abs_delta_d15n|paired_distance_cn|primary_ref_min_site_dist_cn
Rung 1,r1_x_paired_contrast_cn_plus_primary_site_reference,Rung 1 X: Paired-contrast C/N + primary-site reference distance,ridge_binomial,exploratory_extension,training_fold_primary_site_reference_exploratory,TRUE,FALSE,FALSE,FALSE,FALSE,ok,leave_one_site_out_cv,Site__Tasman.River,13,1,Tasman River,LOSO split is site-pure or site-imbalanced and does not represent all Rung 2 classes.,FALSE,FALSE,43,60,11,12,0.20029777998092801,0.9230769230769231,0.9230769230769231,0.04806030519810676,0.10649764122545415,0.16575374883405194,23.952052744333574,2.718046531998431e-10,0.8428513842361464,0,abs_delta_d13c|abs_delta_d15n|paired_distance_cn|primary_ref_min_site_dist_cn
Rung 1,r1_x_paired_contrast_cn_plus_primary_site_reference,Rung 1 X: Paired-contrast C/N + primary-site reference distance,ridge_binomial,exploratory_extension,training_fold_primary_site_reference_exploratory,TRUE,FALSE,FALSE,FALSE,FALSE,ok,leave_one_site_out_cv,Site__Te.Anau,4,1,Te Anau,LOSO split is site-pure or site-imbalanced and does not represent all Rung 2 classes.,TRUE,FALSE,52,68,11,12,1.0634578667921728,0,0,0.42199344897526536,0.1953457057892064,0.6438711410339099,-1.7139256290150007,-78.9821591632256,0.64387114103391,0,abs_delta_d13c|abs_delta_d15n|paired_distance_cn|primary_ref_min_site_dist_cn
Rung 1,r1_x_paired_contrast_cn_plus_primary_site_reference,Rung 1 X: Paired-contrast C/N + primary-site reference distance,ridge_binomial,exploratory_extension,training_fold_primary_site_reference_exploratory,TRUE,FALSE,FALSE,FALSE,FALSE,ok,leave_one_site_out_cv,Site__Tiwai.Point,7,1,Tiwai Point,LOSO split is site-pure or site-imbalanced and does not represent all Rung 2 classes.,TRUE,FALSE,49,66,11,12,0.6942539454245868,0.6,0.42857142857142855,0.25477305169511627,0.13204559024704207,0.47058765701121363,-1.5955949792923478,85.07602361060391,0.6547694203433958,0,abs_delta_d13c|abs_delta_d15n|paired_distance_cn|primary_ref_min_site_dist_cn
Rung 2,r2_c_breast_cnh_plus_paired_contrast,Rung 2 C: Breast C/N/H + paired contrasts,ridge_multinomial,co_leading_direct,primary_h_proxy_variance_high_caution,FALSE,FALSE,FALSE,TRUE,TRUE,ok,blocked_site_cv,Fold1,19,2,Motueka Spit|Tasman River,Recommended grouped site-block design. Every assessment fold retains all three Rung 2 classes.,TRUE,TRUE,37,54,10,12,1.4371193817819292,0.37777777777777777,0.2631578947368421,0.2835513130480668,1.9883934577824205,0.20535249942384914,NA,NA,0.46851039416069123,0.8421052631578947,normalised_d13c_Breast|normalised_d15n_Breast|normalised_d2h_Breast|abs_delta_d13c|abs_delta_d15n|abs_delta_d2h
Rung 2,r2_c_breast_cnh_plus_paired_contrast,Rung 2 C: Breast C/N/H + paired contrasts,ridge_multinomial,co_leading_direct,primary_h_proxy_variance_high_caution,FALSE,FALSE,FALSE,TRUE,TRUE,ok,blocked_site_cv,Fold2,13,2,Kaitorete|Rangipo Desert,Recommended grouped site-block design. Every assessment fold retains all three Rung 2 classes.,TRUE,TRUE,43,58,10,12,1.0586403408255463,0.2666666666666667,0.3076923076923077,0.2243444160826357,0.3554787796375575,0.2461587914801024,NA,NA,0.55385109917241,0.3076923076923077,normalised_d13c_Breast|normalised_d15n_Breast|normalised_d2h_Breast|abs_delta_d13c|abs_delta_d15n|abs_delta_d2h
Rung 2,r2_c_breast_cnh_plus_paired_contrast,Rung 2 C: Breast C/N/H + paired contrasts,ridge_multinomial,co_leading_direct,primary_h_proxy_variance_high_caution,FALSE,FALSE,FALSE,TRUE,TRUE,ok,blocked_site_cv,Fold3,12,4,Cass River|Pisa Range|Tiwai Point|Napier,Recommended grouped site-block design. Every assessment fold retains all three Rung 2 classes.,TRUE,TRUE,44,52,8,12,1.0396951538302077,0.3666666666666667,0.3333333333333333,0.21521688786710857,0.2832316063209189,0.12833776090850774,NA,NA,0.46167109424184105,0.6666666666666666,normalised_d13c_Breast|normalised_d15n_Breast|normalised_d2h_Breast|abs_delta_d13c|abs_delta_d15n|abs_delta_d2h
Rung 2,r2_c_breast_cnh_plus_paired_contrast,Rung 2 C: Breast C/N/H + paired contrasts,ridge_multinomial,co_leading_direct,primary_h_proxy_variance_high_caution,FALSE,FALSE,FALSE,TRUE,TRUE,ok,blocked_site_cv,Fold4,12,3,Te Anau|Kaikoura|Porters Beach,Recommended grouped site-block design. Every assessment fold retains all three Rung 2 classes.,TRUE,TRUE,44,60,9,12,0.9910800456671143,0.5238095238095238,0.4166666666666667,0.20081688880194631,0.14317474582930764,0.23243728617038584,NA,NA,0.46145906990494256,0.8333333333333334,normalised_d13c_Breast|normalised_d15n_Breast|normalised_d2h_Breast|abs_delta_d13c|abs_delta_d15n|abs_delta_d2h
Rung 2,r2_x_direct_cnh_plus_paired_contrast_plus_winter_reference,Rung 2 X: Direct C/N/H + paired contrasts + winter reference distances,ridge_multinomial,exploratory_extension,direct_cnh_plus_training_fold_winter_reference,FALSE,TRUE,FALSE,TRUE,TRUE,ok,blocked_site_cv,Fold1,19,2,Motueka Spit|Tasman River,Recommended grouped site-block design. Every assessment fold retains all three Rung 2 classes.,TRUE,TRUE,37,54,10,12,1.4433608979976433,0.3111111111111111,0.21052631578947367,0.2856285161461607,2.8848184515237874,0.2582948633580017,NA,NA,0.4688211791474755,0.7894736842105263,normalised_d13c_Breast|normalised_d15n_Breast|normalised_d2h_Breast|abs_delta_d13c|abs_delta_d15n|abs_delta_d2h|winter_ref_dist_nz_cnh|winter_ref_dist_au_cnh
Rung 2,r2_x_direct_cnh_plus_paired_contrast_plus_winter_reference,Rung 2 X: Direct C/N/H + paired contrasts + winter reference distances,ridge_multinomial,exploratory_extension,direct_cnh_plus_training_fold_winter_reference,FALSE,TRUE,FALSE,TRUE,TRUE,ok,blocked_site_cv,Fold2,13,2,Kaitorete|Rangipo Desert,Recommended grouped site-block design. Every assessment fold retains all three Rung 2 classes.,TRUE,TRUE,43,58,10,12,1.0876312641077763,0.2666666666666667,0.3076923076923077,0.23201278852961188,0.29512472795321504,0.32151473755448823,NA,NA,0.5836166796608624,0.15384615384615385,normalised_d13c_Breast|normalised_d15n_Breast|normalised_d2h_Breast|abs_delta_d13c|abs_delta_d15n|abs_delta_d2h|winter_ref_dist_nz_cnh|winter_ref_dist_au_cnh
Rung 2,r2_x_direct_cnh_plus_paired_contrast_plus_winter_reference,Rung 2 X: Direct C/N/H + paired contrasts + winter reference distances,ridge_multinomial,exploratory_extension,direct_cnh_plus_training_fold_winter_reference,FALSE,TRUE,FALSE,TRUE,TRUE,ok,blocked_site_cv,Fold3,12,4,Cass River|Pisa Range|Tiwai Point|Napier,Recommended grouped site-block design. Every assessment fold retains all three Rung 2 classes.,TRUE,TRUE,44,52,8,12,1.0350973725899668,0.43333333333333335,0.4166666666666667,0.21217182677975693,0.2832316063209189,0.17493919960312682,NA,NA,0.45043364600104335,0.8333333333333334,normalised_d13c_Breast|normalised_d15n_Breast|normalised_d2h_Breast|abs_delta_d13c|abs_delta_d15n|abs_delta_d2h|winter_ref_dist_nz_cnh|winter_ref_dist_au_cnh
Rung 2,r2_x_direct_cnh_plus_paired_contrast_plus_winter_reference,Rung 2 X: Direct C/N/H + paired contrasts + winter reference distances,ridge_multinomial,exploratory_extension,direct_cnh_plus_training_fold_winter_reference,FALSE,TRUE,FALSE,TRUE,TRUE,ok,blocked_site_cv,Fold4,12,3,Te Anau|Kaikoura|Porters Beach,Recommended grouped site-block design. Every assessment fold retains all three Rung 2 classes.,TRUE,TRUE,44,60,9,12,1.072224629546301,0.47619047619047616,0.3333333333333333,0.22117955349210006,0.33075223264214104,0.12629051757666215,NA,NA,0.44562805177264375,0.8333333333333334,normalised_d13c_Breast|normalised_d15n_Breast|normalised_d2h_Breast|abs_delta_d13c|abs_delta_d15n|abs_delta_d2h|winter_ref_dist_nz_cnh|winter_ref_dist_au_cnh
Rung 2,r2s_b_soft_hierarchical_r1c_then_breast_cnh,Rung 2 S2: Soft hierarchical R1 C then breast C/N/H NZ-vs-AU,staged_soft_hierarchical,co_leading_staged,staged_r1c_then_breast_cnh_no_primary_h,FALSE,FALSE,TRUE,TRUE,FALSE,ok,blocked_site_cv,Fold1,19,2,Motueka Spit|Tasman River,Recommended grouped site-block design. Every assessment fold retains all three Rung 2 classes.,TRUE,TRUE,37,54,10,12,1.2421705464147337,0.4444444444444444,0.3157894736842105,0.2506008251914452,NA,0.19292012129532524,NA,NA,0.5087095949795357,0.47368421052631576,abs_delta_d13c|abs_delta_d15n|paired_distance_cn|normalised_d13c_Breast|normalised_d15n_Breast|normalised_d2h_Breast
Rung 2,r2s_b_soft_hierarchical_r1c_then_breast_cnh,Rung 2 S2: Soft hierarchical R1 C then breast C/N/H NZ-vs-AU,staged_soft_hierarchical,co_leading_staged,staged_r1c_then_breast_cnh_no_primary_h,FALSE,FALSE,TRUE,TRUE,FALSE,ok,blocked_site_cv,Fold2,13,2,Kaitorete|Rangipo Desert,Recommended grouped site-block design. Every assessment fold retains all three Rung 2 classes.,TRUE,TRUE,43,58,10,12,0.9329110066434302,0.33333333333333337,0.38461538461538464,0.19040223910448636,NA,0.19951866889616499,NA,NA,0.5221428865173191,0.38461538461538464,abs_delta_d13c|abs_delta_d15n|paired_distance_cn|normalised_d13c_Breast|normalised_d15n_Breast|normalised_d2h_Breast
Rung 2,r2s_b_soft_hierarchical_r1c_then_breast_cnh,Rung 2 S2: Soft hierarchical R1 C then breast C/N/H NZ-vs-AU,staged_soft_hierarchical,co_leading_staged,staged_r1c_then_breast_cnh_no_primary_h,FALSE,FALSE,TRUE,TRUE,FALSE,ok,blocked_site_cv,Fold3,12,4,Cass River|Pisa Range|Tiwai Point|Napier,Recommended grouped site-block design. Every assessment fold retains all three Rung 2 classes.,TRUE,TRUE,44,52,8,12,0.9127351860540274,0.33333333333333337,0.4166666666666667,0.1798841963297291,NA,0.4215644980456976,NA,NA,0.4865547136112259,0.5833333333333334,abs_delta_d13c|abs_delta_d15n|paired_distance_cn|normalised_d13c_Breast|normalised_d15n_Breast|normalised_d2h_Breast
Rung 2,r2s_b_soft_hierarchical_r1c_then_breast_cnh,Rung 2 S2: Soft hierarchical R1 C then breast C/N/H NZ-vs-AU,staged_soft_hierarchical,co_leading_staged,staged_r1c_then_breast_cnh_no_primary_h,FALSE,FALSE,TRUE,TRUE,FALSE,ok,blocked_site_cv,Fold4,12,3,Te Anau|Kaikoura|Porters Beach,Recommended grouped site-block design. Every assessment fold retains all three Rung 2 classes.,TRUE,TRUE,44,60,9,12,1.0860321222122438,0.19047619047619047,0.3333333333333333,0.21884868992363965,NA,0.15581627187592828,NA,NA,0.426168779528384,1,abs_delta_d13c|abs_delta_d15n|paired_distance_cn|normalised_d13c_Breast|normalised_d15n_Breast|normalised_d2h_Breast
Rung 2,r2x_b_staged_r1c_then_breast_cnh_plus_winter_reference,Rung 2 X2: Soft hierarchical R1 C then breast C/N/H + winter reference distances,staged_soft_hierarchical,exploratory_extension,staged_r1c_then_breast_cnh_plus_training_fold_winter_reference,FALSE,TRUE,TRUE,TRUE,FALSE,ok,blocked_site_cv,Fold1,19,2,Motueka Spit|Tasman River,Recommended grouped site-block design. Every assessment fold retains all three Rung 2 classes.,TRUE,TRUE,37,54,10,12,1.374444116304064,0.33333333333333337,0.2631578947368421,0.27044799034466643,NA,0.18597263244801077,NA,NA,0.4491305271848529,1,abs_delta_d13c|abs_delta_d15n|paired_distance_cn|normalised_d13c_Breast|normalised_d15n_Breast|normalised_d2h_Breast|winter_ref_dist_nz_cnh|winter_ref_dist_au_cnh
Rung 2,r2x_b_staged_r1c_then_breast_cnh_plus_winter_reference,Rung 2 X2: Soft hierarchical R1 C then breast C/N/H + winter reference distances,staged_soft_hierarchical,exploratory_extension,staged_r1c_then_breast_cnh_plus_training_fold_winter_reference,FALSE,TRUE,TRUE,TRUE,FALSE,ok,blocked_site_cv,Fold2,13,2,Kaitorete|Rangipo Desert,Recommended grouped site-block design. Every assessment fold retains all three Rung 2 classes.,TRUE,TRUE,43,58,10,12,0.8814471513191412,0.6444444444444444,0.6923076923076923,0.17588055675620748,NA,0.1791207442353982,NA,NA,0.5646709970115169,0.38461538461538464,abs_delta_d13c|abs_delta_d15n|paired_distance_cn|normalised_d13c_Breast|normalised_d15n_Breast|normalised_d2h_Breast|winter_ref_dist_nz_cnh|winter_ref_dist_au_cnh
Rung 2,r2x_b_staged_r1c_then_breast_cnh_plus_winter_reference,Rung 2 X2: Soft hierarchical R1 C then breast C/N/H + winter reference distances,staged_soft_hierarchical,exploratory_extension,staged_r1c_then_breast_cnh_plus_training_fold_winter_reference,FALSE,TRUE,TRUE,TRUE,FALSE,ok,blocked_site_cv,Fold3,12,4,Cass River|Pisa Range|Tiwai Point|Napier,Recommended grouped site-block design. Every assessment fold retains all three Rung 2 classes.,TRUE,TRUE,44,52,8,12,0.9062478583948814,0.4666666666666667,0.5833333333333334,0.17969488681630474,NA,0.3258086488969186,NA,NA,0.4821950948210436,0.5,abs_delta_d13c|abs_delta_d15n|paired_distance_cn|normalised_d13c_Breast|normalised_d15n_Breast|normalised_d2h_Breast|winter_ref_dist_nz_cnh|winter_ref_dist_au_cnh
Rung 2,r2x_b_staged_r1c_then_breast_cnh_plus_winter_reference,Rung 2 X2: Soft hierarchical R1 C then breast C/N/H + winter reference distances,staged_soft_hierarchical,exploratory_extension,staged_r1c_then_breast_cnh_plus_training_fold_winter_reference,FALSE,TRUE,TRUE,TRUE,FALSE,ok,blocked_site_cv,Fold4,12,3,Te Anau|Kaikoura|Porters Beach,Recommended grouped site-block design. Every assessment fold retains all three Rung 2 classes.,TRUE,TRUE,44,60,9,12,1.0779825203694344,0.19047619047619047,0.3333333333333333,0.21734903493113572,NA,0.2351148040714472,NA,NA,0.41715119171035614,1,abs_delta_d13c|abs_delta_d15n|paired_distance_cn|normalised_d13c_Breast|normalised_d15n_Breast|normalised_d2h_Breast|winter_ref_dist_nz_cnh|winter_ref_dist_au_cnh
Rung 2,r2_c_breast_cnh_plus_paired_contrast,Rung 2 C: Breast C/N/H + paired contrasts,ridge_multinomial,co_leading_direct,primary_h_proxy_variance_high_caution,FALSE,FALSE,FALSE,TRUE,TRUE,ok,leave_one_site_out_cv,Site__Cass.River,1,1,Cass River,LOSO split is very small and should be treated as a stress test rather than a stable performance estimate.,FALSE,FALSE,55,68,11,12,1.7633355299051823,0,0,0.3890791471587863,0.3142440766330208,0.6765133002538709,NA,NA,0.6765133002538709,0,normalised_d13c_Breast|normalised_d15n_Breast|normalised_d2h_Breast|abs_delta_d13c|abs_delta_d15n|abs_delta_d2h
Rung 2,r2_c_breast_cnh_plus_paired_contrast,Rung 2 C: Breast C/N/H + paired contrasts,ridge_multinomial,co_leading_direct,primary_h_proxy_variance_high_caution,FALSE,FALSE,FALSE,TRUE,TRUE,ok,leave_one_site_out_cv,Site__Kaikoura,6,1,Kaikoura,LOSO split is site-pure or site-imbalanced and does not represent all Rung 2 classes.,TRUE,FALSE,50,67,11,12,1.0298348865247742,0.375,0.5,0.20655075013939445,0.605923567704492,0.13958220060616863,NA,NA,0.395417087688918,1,normalised_d13c_Breast|normalised_d15n_Breast|normalised_d2h_Breast|abs_delta_d13c|abs_delta_d15n|abs_delta_d2h
Rung 2,r2_c_breast_cnh_plus_paired_contrast,Rung 2 C: Breast C/N/H + paired contrasts,ridge_multinomial,co_leading_direct,primary_h_proxy_variance_high_caution,FALSE,FALSE,FALSE,TRUE,TRUE,ok,leave_one_site_out_cv,Site__Kaitorete,10,1,Kaitorete,NA,TRUE,TRUE,46,63,11,12,1.069211834785555,0.2666666666666667,0.4,0.21555052252362983,1.1276183970276308,0.13220620922618886,NA,NA,0.4501355781246678,0.9,normalised_d13c_Breast|normalised_d15n_Breast|normalised_d2h_Breast|abs_delta_d13c|abs_delta_d15n|abs_delta_d2h
Rung 2,r2_c_breast_cnh_plus_paired_contrast,Rung 2 C: Breast C/N/H + paired contrasts,ridge_multinomial,co_leading_direct,primary_h_proxy_variance_high_caution,FALSE,FALSE,FALSE,TRUE,TRUE,ok,leave_one_site_out_cv,Site__Motueka.Spit,6,1,Motueka Spit,LOSO split is site-pure or site-imbalanced and does not represent all Rung 2 classes.,TRUE,FALSE,50,67,11,12,1.0326749264265607,0,0,0.21405099805463113,0.6316819416539329,0.4236810294576655,NA,NA,0.4236810294576655,1,normalised_d13c_Breast|normalised_d15n_Breast|normalised_d2h_Breast|abs_delta_d13c|abs_delta_d15n|abs_delta_d2h
Rung 2,r2_c_breast_cnh_plus_paired_contrast,Rung 2 C: Breast C/N/H + paired contrasts,ridge_multinomial,co_leading_direct,primary_h_proxy_variance_high_caution,FALSE,FALSE,FALSE,TRUE,TRUE,ok,leave_one_site_out_cv,Site__Napier,3,1,Napier,LOSO split is site-pure or site-imbalanced and does not represent all Rung 2 classes.,FALSE,FALSE,53,68,11,12,0.9455698255824101,0.3333333333333333,0.3333333333333333,0.19682714406349003,0.24951507915331061,0.12327721472649422,NA,NA,0.4566105480598276,1,normalised_d13c_Breast|normalised_d15n_Breast|normalised_d2h_Breast|abs_delta_d13c|abs_delta_d15n|abs_delta_d2h
Rung 2,r2_c_breast_cnh_plus_paired_contrast,Rung 2 C: Breast C/N/H + paired contrasts,ridge_multinomial,co_leading_direct,primary_h_proxy_variance_high_caution,FALSE,FALSE,FALSE,TRUE,TRUE,ok,leave_one_site_out_cv,Site__Pisa.Range,1,1,Pisa Range,LOSO split is very small and should be treated as a stress test rather than a stable performance estimate.,FALSE,FALSE,55,69,11,12,1.0325852661904373,0,0,0.2116716167628616,0.39004419311902383,0.4028135567728167,NA,NA,0.4028135567728167,1,normalised_d13c_Breast|normalised_d15n_Breast|normalised_d2h_Breast|abs_delta_d13c|abs_delta_d15n|abs_delta_d2h
Rung 2,r2_c_breast_cnh_plus_paired_contrast,Rung 2 C: Breast C/N/H + paired contrasts,ridge_multinomial,co_leading_direct,primary_h_proxy_variance_high_caution,FALSE,FALSE,FALSE,TRUE,TRUE,ok,leave_one_site_out_cv,Site__Porters.Beach,2,1,Porters Beach,LOSO split is very small and should be treated as a stress test rather than a stable performance estimate.,FALSE,FALSE,54,71,11,12,1.2215054336477098,0,0,0.2582846698118365,0.391259859398917,0.4728847295969985,NA,NA,0.4728847295969985,1,normalised_d13c_Breast|normalised_d15n_Breast|normalised_d2h_Breast|abs_delta_d13c|abs_delta_d15n|abs_delta_d2h
Rung 2,r2_c_breast_cnh_plus_paired_contrast,Rung 2 C: Breast C/N/H + paired contrasts,ridge_multinomial,co_leading_direct,primary_h_proxy_variance_high_caution,FALSE,FALSE,FALSE,TRUE,TRUE,ok,leave_one_site_out_cv,Site__Rangipo.Desert,3,1,Rangipo Desert,LOSO split is site-pure or site-imbalanced and does not represent all Rung 2 classes.,FALSE,FALSE,53,68,11,12,1.2004253171197248,0,0,0.2703645465377838,0.6835357521061691,0.5460996709104875,NA,NA,0.5460996709104875,0,normalised_d13c_Breast|normalised_d15n_Breast|normalised_d2h_Breast|abs_delta_d13c|abs_delta_d15n|abs_delta_d2h
Rung 2,r2_c_breast_cnh_plus_paired_contrast,Rung 2 C: Breast C/N/H + paired contrasts,ridge_multinomial,co_leading_direct,primary_h_proxy_variance_high_caution,FALSE,FALSE,FALSE,TRUE,TRUE,ok,leave_one_site_out_cv,Site__Tasman.River,13,1,Tasman River,LOSO split is site-pure or site-imbalanced and does not represent all Rung 2 classes.,FALSE,FALSE,43,60,11,12,1.8160061664825986,0,0,0.3500575388575642,7.21062713440637,0.4960857912636385,NA,NA,0.4960857912636385,0.5384615384615384,normalised_d13c_Breast|normalised_d15n_Breast|normalised_d2h_Breast|abs_delta_d13c|abs_delta_d15n|abs_delta_d2h
Rung 2,r2_c_breast_cnh_plus_paired_contrast,Rung 2 C: Breast C/N/H + paired contrasts,ridge_multinomial,co_leading_direct,primary_h_proxy_variance_high_caution,FALSE,FALSE,FALSE,TRUE,TRUE,ok,leave_one_site_out_cv,Site__Te.Anau,4,1,Te Anau,LOSO split is site-pure or site-imbalanced and does not represent all Rung 2 classes.,TRUE,FALSE,52,68,11,12,0.9221339077503206,0.3333333333333333,0.5,0.18649242670602986,0.32565341307000745,0.06798225366276436,NA,NA,0.4320177463372356,1,normalised_d13c_Breast|normalised_d15n_Breast|normalised_d2h_Breast|abs_delta_d13c|abs_delta_d15n|abs_delta_d2h
Rung 2,r2_c_breast_cnh_plus_paired_contrast,Rung 2 C: Breast C/N/H + paired contrasts,ridge_multinomial,co_leading_direct,primary_h_proxy_variance_high_caution,FALSE,FALSE,FALSE,TRUE,TRUE,ok,leave_one_site_out_cv,Site__Tiwai.Point,7,1,Tiwai Point,LOSO split is site-pure or site-imbalanced and does not represent all Rung 2 classes.,TRUE,FALSE,49,66,11,12,0.9707325923207482,0.55,0.5714285714285714,0.19498042334830573,0.6801027482988041,0.20972503395786696,NA,NA,0.39861658141819206,1,normalised_d13c_Breast|normalised_d15n_Breast|normalised_d2h_Breast|abs_delta_d13c|abs_delta_d15n|abs_delta_d2h
Rung 2,r2_x_direct_cnh_plus_paired_contrast_plus_winter_reference,Rung 2 X: Direct C/N/H + paired contrasts + winter reference distances,ridge_multinomial,exploratory_extension,direct_cnh_plus_training_fold_winter_reference,FALSE,TRUE,FALSE,TRUE,TRUE,ok,leave_one_site_out_cv,Site__Cass.River,1,1,Cass River,LOSO split is very small and should be treated as a stress test rather than a stable performance estimate.,FALSE,FALSE,55,68,11,12,1.5378380056860177,0,0,0.326870344973528,0.6026919392442663,0.5597729887845566,NA,NA,0.5597729887845566,0,normalised_d13c_Breast|normalised_d15n_Breast|normalised_d2h_Breast|abs_delta_d13c|abs_delta_d15n|abs_delta_d2h|winter_ref_dist_nz_cnh|winter_ref_dist_au_cnh
Rung 2,r2_x_direct_cnh_plus_paired_contrast_plus_winter_reference,Rung 2 X: Direct C/N/H + paired contrasts + winter reference distances,ridge_multinomial,exploratory_extension,direct_cnh_plus_training_fold_winter_reference,FALSE,TRUE,FALSE,TRUE,TRUE,ok,leave_one_site_out_cv,Site__Kaikoura,6,1,Kaikoura,LOSO split is site-pure or site-imbalanced and does not represent all Rung 2 classes.,TRUE,FALSE,50,67,11,12,1.0925074983514236,0.375,0.5,0.21929766154787658,0.6650003675388281,0.08925157363426273,NA,NA,0.4107484263657373,1,normalised_d13c_Breast|normalised_d15n_Breast|normalised_d2h_Breast|abs_delta_d13c|abs_delta_d15n|abs_delta_d2h|winter_ref_dist_nz_cnh|winter_ref_dist_au_cnh
Rung 2,r2_x_direct_cnh_plus_paired_contrast_plus_winter_reference,Rung 2 X: Direct C/N/H + paired contrasts + winter reference distances,ridge_multinomial,exploratory_extension,direct_cnh_plus_training_fold_winter_reference,FALSE,TRUE,FALSE,TRUE,TRUE,ok,leave_one_site_out_cv,Site__Kaitorete,10,1,Kaitorete,NA,TRUE,TRUE,46,63,11,12,1.0893634578039713,0.2666666666666667,0.4,0.22117129981428915,0.2793196869858418,0.20501060264675727,NA,NA,0.5652440654106403,0.2,normalised_d13c_Breast|normalised_d15n_Breast|normalised_d2h_Breast|abs_delta_d13c|abs_delta_d15n|abs_delta_d2h|winter_ref_dist_nz_cnh|winter_ref_dist_au_cnh
Rung 2,r2_x_direct_cnh_plus_paired_contrast_plus_winter_reference,Rung 2 X: Direct C/N/H + paired contrasts + winter reference distances,ridge_multinomial,exploratory_extension,direct_cnh_plus_training_fold_winter_reference,FALSE,TRUE,FALSE,TRUE,TRUE,ok,leave_one_site_out_cv,Site__Motueka.Spit,6,1,Motueka Spit,LOSO split is site-pure or site-imbalanced and does not represent all Rung 2 classes.,TRUE,FALSE,50,67,11,12,1.1467095221780972,0,0,0.24435235553038404,0.4353938597143017,0.4737767107449462,NA,NA,0.47377671074494615,0.8333333333333334,normalised_d13c_Breast|normalised_d15n_Breast|normalised_d2h_Breast|abs_delta_d13c|abs_delta_d15n|abs_delta_d2h|winter_ref_dist_nz_cnh|winter_ref_dist_au_cnh
Rung 2,r2_x_direct_cnh_plus_paired_contrast_plus_winter_reference,Rung 2 X: Direct C/N/H + paired contrasts + winter reference distances,ridge_multinomial,exploratory_extension,direct_cnh_plus_training_fold_winter_reference,FALSE,TRUE,FALSE,TRUE,TRUE,ok,leave_one_site_out_cv,Site__Napier,3,1,Napier,LOSO split is site-pure or site-imbalanced and does not represent all Rung 2 classes.,FALSE,FALSE,53,68,11,12,0.9125271765053484,0.3333333333333333,0.3333333333333333,0.1892682096867352,0.3005417961881129,0.11793465430524142,NA,NA,0.4512679876385748,1,normalised_d13c_Breast|normalised_d15n_Breast|normalised_d2h_Breast|abs_delta_d13c|abs_delta_d15n|abs_delta_d2h|winter_ref_dist_nz_cnh|winter_ref_dist_au_cnh
Rung 2,r2_x_direct_cnh_plus_paired_contrast_plus_winter_reference,Rung 2 X: Direct C/N/H + paired contrasts + winter reference distances,ridge_multinomial,exploratory_extension,direct_cnh_plus_training_fold_winter_reference,FALSE,TRUE,FALSE,TRUE,TRUE,ok,leave_one_site_out_cv,Site__Pisa.Range,1,1,Pisa Range,LOSO split is very small and should be treated as a stress test rather than a stable performance estimate.,FALSE,FALSE,55,69,11,12,0.8895277536628109,1,1,0.18227624190791994,0.22319762764216525,0.589150270773837,NA,NA,0.41084972922616303,1,normalised_d13c_Breast|normalised_d15n_Breast|normalised_d2h_Breast|abs_delta_d13c|abs_delta_d15n|abs_delta_d2h|winter_ref_dist_nz_cnh|winter_ref_dist_au_cnh
Rung 2,r2_x_direct_cnh_plus_paired_contrast_plus_winter_reference,Rung 2 X: Direct C/N/H + paired contrasts + winter reference distances,ridge_multinomial,exploratory_extension,direct_cnh_plus_training_fold_winter_reference,FALSE,TRUE,FALSE,TRUE,TRUE,ok,leave_one_site_out_cv,Site__Porters.Beach,2,1,Porters Beach,LOSO split is very small and should be treated as a stress test rather than a stable performance estimate.,FALSE,FALSE,54,71,11,12,1.1907326574339123,0,0,0.2587761787035795,0.1858801316055286,0.5054486095166786,NA,NA,0.5054486095166786,0.5,normalised_d13c_Breast|normalised_d15n_Breast|normalised_d2h_Breast|abs_delta_d13c|abs_delta_d15n|abs_delta_d2h|winter_ref_dist_nz_cnh|winter_ref_dist_au_cnh
Rung 2,r2_x_direct_cnh_plus_paired_contrast_plus_winter_reference,Rung 2 X: Direct C/N/H + paired contrasts + winter reference distances,ridge_multinomial,exploratory_extension,direct_cnh_plus_training_fold_winter_reference,FALSE,TRUE,FALSE,TRUE,TRUE,ok,leave_one_site_out_cv,Site__Rangipo.Desert,3,1,Rangipo Desert,LOSO split is site-pure or site-imbalanced and does not represent all Rung 2 classes.,FALSE,FALSE,53,68,11,12,1.0556572247472986,0,0,0.24052132577391822,0.4711346798722756,0.5335383774961993,NA,NA,0.5335383774961993,0.3333333333333333,normalised_d13c_Breast|normalised_d15n_Breast|normalised_d2h_Breast|abs_delta_d13c|abs_delta_d15n|abs_delta_d2h|winter_ref_dist_nz_cnh|winter_ref_dist_au_cnh
Rung 2,r2_x_direct_cnh_plus_paired_contrast_plus_winter_reference,Rung 2 X: Direct C/N/H + paired contrasts + winter reference distances,ridge_multinomial,exploratory_extension,direct_cnh_plus_training_fold_winter_reference,FALSE,TRUE,FALSE,TRUE,TRUE,ok,leave_one_site_out_cv,Site__Tasman.River,13,1,Tasman River,LOSO split is site-pure or site-imbalanced and does not represent all Rung 2 classes.,FALSE,FALSE,43,60,11,12,1.8234273657598805,0,0,0.3518218145028887,18.281568015831358,0.5053124155572449,NA,NA,0.5053124155572448,0.38461538461538464,normalised_d13c_Breast|normalised_d15n_Breast|normalised_d2h_Breast|abs_delta_d13c|abs_delta_d15n|abs_delta_d2h|winter_ref_dist_nz_cnh|winter_ref_dist_au_cnh
Rung 2,r2_x_direct_cnh_plus_paired_contrast_plus_winter_reference,Rung 2 X: Direct C/N/H + paired contrasts + winter reference distances,ridge_multinomial,exploratory_extension,direct_cnh_plus_training_fold_winter_reference,FALSE,TRUE,FALSE,TRUE,TRUE,ok,leave_one_site_out_cv,Site__Te.Anau,4,1,Te Anau,LOSO split is site-pure or site-imbalanced and does not represent all Rung 2 classes.,TRUE,FALSE,52,68,11,12,0.9616838700410413,0.5,0.75,0.19333523992063636,0.9061499663987894,0.348277190531917,NA,NA,0.401722809468083,1,normalised_d13c_Breast|normalised_d15n_Breast|normalised_d2h_Breast|abs_delta_d13c|abs_delta_d15n|abs_delta_d2h|winter_ref_dist_nz_cnh|winter_ref_dist_au_cnh
Rung 2,r2_x_direct_cnh_plus_paired_contrast_plus_winter_reference,Rung 2 X: Direct C/N/H + paired contrasts + winter reference distances,ridge_multinomial,exploratory_extension,direct_cnh_plus_training_fold_winter_reference,FALSE,TRUE,FALSE,TRUE,TRUE,ok,leave_one_site_out_cv,Site__Tiwai.Point,7,1,Tiwai Point,LOSO split is site-pure or site-imbalanced and does not represent all Rung 2 classes.,TRUE,FALSE,49,66,11,12,0.9704368125603193,0.55,0.5714285714285714,0.1941735996537702,0.5144727880571616,0.3219840843426295,NA,NA,0.3953053051555263,1,normalised_d13c_Breast|normalised_d15n_Breast|normalised_d2h_Breast|abs_delta_d13c|abs_delta_d15n|abs_delta_d2h|winter_ref_dist_nz_cnh|winter_ref_dist_au_cnh
Rung 2,r2s_b_soft_hierarchical_r1c_then_breast_cnh,Rung 2 S2: Soft hierarchical R1 C then breast C/N/H NZ-vs-AU,staged_soft_hierarchical,co_leading_staged,staged_r1c_then_breast_cnh_no_primary_h,FALSE,FALSE,TRUE,TRUE,FALSE,ok,leave_one_site_out_cv,Site__Cass.River,1,1,Cass River,LOSO split is very small and should be treated as a stress test rather than a stable performance estimate.,FALSE,FALSE,55,68,11,12,2.3957724676732624,0,0,0.45561688084215207,NA,0.707142390120864,NA,NA,0.707142390120864,0,abs_delta_d13c|abs_delta_d15n|paired_distance_cn|normalised_d13c_Breast|normalised_d15n_Breast|normalised_d2h_Breast
Rung 2,r2s_b_soft_hierarchical_r1c_then_breast_cnh,Rung 2 S2: Soft hierarchical R1 C then breast C/N/H NZ-vs-AU,staged_soft_hierarchical,co_leading_staged,staged_r1c_then_breast_cnh_no_primary_h,FALSE,FALSE,TRUE,TRUE,FALSE,ok,leave_one_site_out_cv,Site__Kaikoura,6,1,Kaikoura,LOSO split is site-pure or site-imbalanced and does not represent all Rung 2 classes.,TRUE,FALSE,50,67,11,12,1.0304569556502947,0.375,0.5,0.20640251857092576,NA,0.07129800607879475,NA,NA,0.4287019939212053,1,abs_delta_d13c|abs_delta_d15n|paired_distance_cn|normalised_d13c_Breast|normalised_d15n_Breast|normalised_d2h_Breast
Rung 2,r2s_b_soft_hierarchical_r1c_then_breast_cnh,Rung 2 S2: Soft hierarchical R1 C then breast C/N/H NZ-vs-AU,staged_soft_hierarchical,co_leading_staged,staged_r1c_then_breast_cnh_no_primary_h,FALSE,FALSE,TRUE,TRUE,FALSE,ok,leave_one_site_out_cv,Site__Kaitorete,10,1,Kaitorete,NA,TRUE,TRUE,46,63,11,12,0.9619910728596375,0.4444444444444444,0.6,0.18710029742624007,NA,0.19397112192438987,NA,NA,0.6040827009809093,0.3,abs_delta_d13c|abs_delta_d15n|paired_distance_cn|normalised_d13c_Breast|normalised_d15n_Breast|normalised_d2h_Breast
Rung 2,r2s_b_soft_hierarchical_r1c_then_breast_cnh,Rung 2 S2: Soft hierarchical R1 C then breast C/N/H NZ-vs-AU,staged_soft_hierarchical,co_leading_staged,staged_r1c_then_breast_cnh_no_primary_h,FALSE,FALSE,TRUE,TRUE,FALSE,ok,leave_one_site_out_cv,Site__Motueka.Spit,6,1,Motueka Spit,LOSO split is site-pure or site-imbalanced and does not represent all Rung 2 classes.,TRUE,FALSE,50,67,11,12,0.7771654835808688,0.5,0.8333333333333334,0.1451227690157363,NA,0.28203032411306994,NA,NA,0.5513030092202634,0.16666666666666666,abs_delta_d13c|abs_delta_d15n|paired_distance_cn|normalised_d13c_Breast|normalised_d15n_Breast|normalised_d2h_Breast
Rung 2,r2s_b_soft_hierarchical_r1c_then_breast_cnh,Rung 2 S2: Soft hierarchical R1 C then breast C/N/H NZ-vs-AU,staged_soft_hierarchical,co_leading_staged,staged_r1c_then_breast_cnh_no_primary_h,FALSE,FALSE,TRUE,TRUE,FALSE,ok,leave_one_site_out_cv,Site__Napier,3,1,Napier,LOSO split is site-pure or site-imbalanced and does not represent all Rung 2 classes.,FALSE,FALSE,53,68,11,12,1.0969396208534807,0,0,0.22471585711625675,NA,0.3945427554576744,NA,NA,0.3945427554576744,1,abs_delta_d13c|abs_delta_d15n|paired_distance_cn|normalised_d13c_Breast|normalised_d15n_Breast|normalised_d2h_Breast
Rung 2,r2s_b_soft_hierarchical_r1c_then_breast_cnh,Rung 2 S2: Soft hierarchical R1 C then breast C/N/H NZ-vs-AU,staged_soft_hierarchical,co_leading_staged,staged_r1c_then_breast_cnh_no_primary_h,FALSE,FALSE,TRUE,TRUE,FALSE,ok,leave_one_site_out_cv,Site__Pisa.Range,1,1,Pisa Range,LOSO split is very small and should be treated as a stress test rather than a stable performance estimate.,FALSE,FALSE,55,69,11,12,1.2313368719698257,0,0,0.25420090314246174,NA,0.42650140977934137,NA,NA,0.42650140977934137,1,abs_delta_d13c|abs_delta_d15n|paired_distance_cn|normalised_d13c_Breast|normalised_d15n_Breast|normalised_d2h_Breast
Rung 2,r2s_b_soft_hierarchical_r1c_then_breast_cnh,Rung 2 S2: Soft hierarchical R1 C then breast C/N/H NZ-vs-AU,staged_soft_hierarchical,co_leading_staged,staged_r1c_then_breast_cnh_no_primary_h,FALSE,FALSE,TRUE,TRUE,FALSE,ok,leave_one_site_out_cv,Site__Porters.Beach,2,1,Porters Beach,LOSO split is very small and should be treated as a stress test rather than a stable performance estimate.,FALSE,FALSE,54,71,11,12,1.2181235190283335,0,0,0.2539019032407937,NA,0.44401101887324707,NA,NA,0.44401101887324707,1,abs_delta_d13c|abs_delta_d15n|paired_distance_cn|normalised_d13c_Breast|normalised_d15n_Breast|normalised_d2h_Breast
Rung 2,r2s_b_soft_hierarchical_r1c_then_breast_cnh,Rung 2 S2: Soft hierarchical R1 C then breast C/N/H NZ-vs-AU,staged_soft_hierarchical,co_leading_staged,staged_r1c_then_breast_cnh_no_primary_h,FALSE,FALSE,TRUE,TRUE,FALSE,ok,leave_one_site_out_cv,Site__Rangipo.Desert,3,1,Rangipo Desert,LOSO split is site-pure or site-imbalanced and does not represent all Rung 2 classes.,FALSE,FALSE,53,68,11,12,0.816816725086458,0,0,0.20003497217294836,NA,0.5365590932338602,NA,NA,0.5365590932338602,0,abs_delta_d13c|abs_delta_d15n|paired_distance_cn|normalised_d13c_Breast|normalised_d15n_Breast|normalised_d2h_Breast
Rung 2,r2s_b_soft_hierarchical_r1c_then_breast_cnh,Rung 2 S2: Soft hierarchical R1 C then breast C/N/H NZ-vs-AU,staged_soft_hierarchical,co_leading_staged,staged_r1c_then_breast_cnh_no_primary_h,FALSE,FALSE,TRUE,TRUE,FALSE,ok,leave_one_site_out_cv,Site__Tasman.River,13,1,Tasman River,LOSO split is site-pure or site-imbalanced and does not represent all Rung 2 classes.,FALSE,FALSE,43,60,11,12,1.5068398543611972,0.25,0.07692307692307693,0.3101875504907718,NA,0.4510562564885762,NA,NA,0.5279793334116532,0.3076923076923077,abs_delta_d13c|abs_delta_d15n|paired_distance_cn|normalised_d13c_Breast|normalised_d15n_Breast|normalised_d2h_Breast
Rung 2,r2s_b_soft_hierarchical_r1c_then_breast_cnh,Rung 2 S2: Soft hierarchical R1 C then breast C/N/H NZ-vs-AU,staged_soft_hierarchical,co_leading_staged,staged_r1c_then_breast_cnh_no_primary_h,FALSE,FALSE,TRUE,TRUE,FALSE,ok,leave_one_site_out_cv,Site__Te.Anau,4,1,Te Anau,LOSO split is site-pure or site-imbalanced and does not represent all Rung 2 classes.,TRUE,FALSE,52,68,11,12,0.9892919916655258,0.3333333333333333,0.5,0.19668144741618787,NA,0.23306141485079485,NA,NA,0.4391916623924707,1,abs_delta_d13c|abs_delta_d15n|paired_distance_cn|normalised_d13c_Breast|normalised_d15n_Breast|normalised_d2h_Breast
Rung 2,r2s_b_soft_hierarchical_r1c_then_breast_cnh,Rung 2 S2: Soft hierarchical R1 C then breast C/N/H NZ-vs-AU,staged_soft_hierarchical,co_leading_staged,staged_r1c_then_breast_cnh_no_primary_h,FALSE,FALSE,TRUE,TRUE,FALSE,ok,leave_one_site_out_cv,Site__Tiwai.Point,7,1,Tiwai Point,LOSO split is site-pure or site-imbalanced and does not represent all Rung 2 classes.,TRUE,FALSE,49,66,11,12,0.7572331181220242,0.75,0.8571428571428571,0.14139564716059755,NA,0.35958128706981257,NA,NA,0.4975615700730445,0.5714285714285714,abs_delta_d13c|abs_delta_d15n|paired_distance_cn|normalised_d13c_Breast|normalised_d15n_Breast|normalised_d2h_Breast
Rung 2,r2x_b_staged_r1c_then_breast_cnh_plus_winter_reference,Rung 2 X2: Soft hierarchical R1 C then breast C/N/H + winter reference distances,staged_soft_hierarchical,exploratory_extension,staged_r1c_then_breast_cnh_plus_training_fold_winter_reference,FALSE,TRUE,TRUE,TRUE,FALSE,ok,leave_one_site_out_cv,Site__Cass.River,1,1,Cass River,LOSO split is very small and should be treated as a stress test rather than a stable performance estimate.,FALSE,FALSE,55,68,11,12,1.497703546931053,0,0,0.3266193652161611,NA,0.5828103484109053,NA,NA,0.5828103484109053,0,abs_delta_d13c|abs_delta_d15n|paired_distance_cn|normalised_d13c_Breast|normalised_d15n_Breast|normalised_d2h_Breast|winter_ref_dist_nz_cnh|winter_ref_dist_au_cnh
Rung 2,r2x_b_staged_r1c_then_breast_cnh_plus_winter_reference,Rung 2 X2: Soft hierarchical R1 C then breast C/N/H + winter reference distances,staged_soft_hierarchical,exploratory_extension,staged_r1c_then_breast_cnh_plus_training_fold_winter_reference,FALSE,TRUE,TRUE,TRUE,FALSE,ok,leave_one_site_out_cv,Site__Kaikoura,6,1,Kaikoura,LOSO split is site-pure or site-imbalanced and does not represent all Rung 2 classes.,TRUE,FALSE,50,67,11,12,1.0822489302684462,0.25,0.3333333333333333,0.21752378986130083,NA,0.09824496331443378,NA,NA,0.4315782966477671,1,abs_delta_d13c|abs_delta_d15n|paired_distance_cn|normalised_d13c_Breast|normalised_d15n_Breast|normalised_d2h_Breast|winter_ref_dist_nz_cnh|winter_ref_dist_au_cnh
Rung 2,r2x_b_staged_r1c_then_breast_cnh_plus_winter_reference,Rung 2 X2: Soft hierarchical R1 C then breast C/N/H + winter reference distances,staged_soft_hierarchical,exploratory_extension,staged_r1c_then_breast_cnh_plus_training_fold_winter_reference,FALSE,TRUE,TRUE,TRUE,FALSE,ok,leave_one_site_out_cv,Site__Kaitorete,10,1,Kaitorete,NA,TRUE,TRUE,46,63,11,12,0.9522993724435129,0.5,0.6,0.18653416151889315,NA,0.23997767075548543,NA,NA,0.6104105378785852,0.3,abs_delta_d13c|abs_delta_d15n|paired_distance_cn|normalised_d13c_Breast|normalised_d15n_Breast|normalised_d2h_Breast|winter_ref_dist_nz_cnh|winter_ref_dist_au_cnh
Rung 2,r2x_b_staged_r1c_then_breast_cnh_plus_winter_reference,Rung 2 X2: Soft hierarchical R1 C then breast C/N/H + winter reference distances,staged_soft_hierarchical,exploratory_extension,staged_r1c_then_breast_cnh_plus_training_fold_winter_reference,FALSE,TRUE,TRUE,TRUE,FALSE,ok,leave_one_site_out_cv,Site__Motueka.Spit,6,1,Motueka Spit,LOSO split is site-pure or site-imbalanced and does not represent all Rung 2 classes.,TRUE,FALSE,50,67,11,12,0.7730391561343055,0.5,0.8333333333333334,0.1433595778432392,NA,0.2740557617142945,NA,NA,0.5592775716190388,0.16666666666666666,abs_delta_d13c|abs_delta_d15n|paired_distance_cn|normalised_d13c_Breast|normalised_d15n_Breast|normalised_d2h_Breast|winter_ref_dist_nz_cnh|winter_ref_dist_au_cnh
Rung 2,r2x_b_staged_r1c_then_breast_cnh_plus_winter_reference,Rung 2 X2: Soft hierarchical R1 C then breast C/N/H + winter reference distances,staged_soft_hierarchical,exploratory_extension,staged_r1c_then_breast_cnh_plus_training_fold_winter_reference,FALSE,TRUE,TRUE,TRUE,FALSE,ok,leave_one_site_out_cv,Site__Napier,3,1,Napier,LOSO split is site-pure or site-imbalanced and does not represent all Rung 2 classes.,FALSE,FALSE,53,68,11,12,1.2857114593106589,0,0,0.2627739506787048,NA,0.40521911908112374,NA,NA,0.40521911908112374,1,abs_delta_d13c|abs_delta_d15n|paired_distance_cn|normalised_d13c_Breast|normalised_d15n_Breast|normalised_d2h_Breast|winter_ref_dist_nz_cnh|winter_ref_dist_au_cnh
Rung 2,r2x_b_staged_r1c_then_breast_cnh_plus_winter_reference,Rung 2 X2: Soft hierarchical R1 C then breast C/N/H + winter reference distances,staged_soft_hierarchical,exploratory_extension,staged_r1c_then_breast_cnh_plus_training_fold_winter_reference,FALSE,TRUE,TRUE,TRUE,FALSE,ok,leave_one_site_out_cv,Site__Pisa.Range,1,1,Pisa Range,LOSO split is very small and should be treated as a stress test rather than a stable performance estimate.,FALSE,FALSE,55,69,11,12,1.2799186398452942,0,0,0.26346164478849576,NA,0.42650140977934137,NA,NA,0.42650140977934137,1,abs_delta_d13c|abs_delta_d15n|paired_distance_cn|normalised_d13c_Breast|normalised_d15n_Breast|normalised_d2h_Breast|winter_ref_dist_nz_cnh|winter_ref_dist_au_cnh
Rung 2,r2x_b_staged_r1c_then_breast_cnh_plus_winter_reference,Rung 2 X2: Soft hierarchical R1 C then breast C/N/H + winter reference distances,staged_soft_hierarchical,exploratory_extension,staged_r1c_then_breast_cnh_plus_training_fold_winter_reference,FALSE,TRUE,TRUE,TRUE,FALSE,ok,leave_one_site_out_cv,Site__Porters.Beach,2,1,Porters Beach,LOSO split is very small and should be treated as a stress test rather than a stable performance estimate.,FALSE,FALSE,54,71,11,12,1.3490605976457228,0,0,0.27815743142137667,NA,0.4456139435874437,NA,NA,0.4456139435874437,1,abs_delta_d13c|abs_delta_d15n|paired_distance_cn|normalised_d13c_Breast|normalised_d15n_Breast|normalised_d2h_Breast|winter_ref_dist_nz_cnh|winter_ref_dist_au_cnh
Rung 2,r2x_b_staged_r1c_then_breast_cnh_plus_winter_reference,Rung 2 X2: Soft hierarchical R1 C then breast C/N/H + winter reference distances,staged_soft_hierarchical,exploratory_extension,staged_r1c_then_breast_cnh_plus_training_fold_winter_reference,FALSE,TRUE,TRUE,TRUE,FALSE,ok,leave_one_site_out_cv,Site__Rangipo.Desert,3,1,Rangipo Desert,LOSO split is site-pure or site-imbalanced and does not represent all Rung 2 classes.,FALSE,FALSE,53,68,11,12,0.8440109295302682,0,0,0.2001901346326263,NA,0.5222649466948933,NA,NA,0.5222649466948933,0,abs_delta_d13c|abs_delta_d15n|paired_distance_cn|normalised_d13c_Breast|normalised_d15n_Breast|normalised_d2h_Breast|winter_ref_dist_nz_cnh|winter_ref_dist_au_cnh
Rung 2,r2x_b_staged_r1c_then_breast_cnh_plus_winter_reference,Rung 2 X2: Soft hierarchical R1 C then breast C/N/H + winter reference distances,staged_soft_hierarchical,exploratory_extension,staged_r1c_then_breast_cnh_plus_training_fold_winter_reference,FALSE,TRUE,TRUE,TRUE,FALSE,ok,leave_one_site_out_cv,Site__Tasman.River,13,1,Tasman River,LOSO split is site-pure or site-imbalanced and does not represent all Rung 2 classes.,FALSE,FALSE,43,60,11,12,1.5676664627818029,0.25,0.07692307692307693,0.31536133427781077,NA,0.4226869413923299,NA,NA,0.4996100183154068,0.5384615384615384,abs_delta_d13c|abs_delta_d15n|paired_distance_cn|normalised_d13c_Breast|normalised_d15n_Breast|normalised_d2h_Breast|winter_ref_dist_nz_cnh|winter_ref_dist_au_cnh
Rung 2,r2x_b_staged_r1c_then_breast_cnh_plus_winter_reference,Rung 2 X2: Soft hierarchical R1 C then breast C/N/H + winter reference distances,staged_soft_hierarchical,exploratory_extension,staged_r1c_then_breast_cnh_plus_training_fold_winter_reference,FALSE,TRUE,TRUE,TRUE,FALSE,ok,leave_one_site_out_cv,Site__Te.Anau,4,1,Te Anau,LOSO split is site-pure or site-imbalanced and does not represent all Rung 2 classes.,TRUE,FALSE,52,68,11,12,0.9975798568591139,0.5,0.75,0.19806222419354813,NA,0.31790223385077765,NA,NA,0.43209776614922235,1,abs_delta_d13c|abs_delta_d15n|paired_distance_cn|normalised_d13c_Breast|normalised_d15n_Breast|normalised_d2h_Breast|winter_ref_dist_nz_cnh|winter_ref_dist_au_cnh
Rung 2,r2x_b_staged_r1c_then_breast_cnh_plus_winter_reference,Rung 2 X2: Soft hierarchical R1 C then breast C/N/H + winter reference distances,staged_soft_hierarchical,exploratory_extension,staged_r1c_then_breast_cnh_plus_training_fold_winter_reference,FALSE,TRUE,TRUE,TRUE,FALSE,ok,leave_one_site_out_cv,Site__Tiwai.Point,7,1,Tiwai Point,LOSO split is site-pure or site-imbalanced and does not represent all Rung 2 classes.,TRUE,FALSE,49,66,11,12,0.7730202749532293,0.5,0.7142857142857143,0.14459254599247134,NA,0.3327185796897537,NA,NA,0.4849890185185921,0.5714285714285714,abs_delta_d13c|abs_delta_d15n|paired_distance_cn|normalised_d13c_Breast|normalised_d15n_Breast|normalised_d2h_Breast|winter_ref_dist_nz_cnh|winter_ref_dist_au_cnh
