rung,candidate_id,candidate_label,model_family,caution_level,preferred_default,uses_breast_h,uses_primary_h,uses_paired_distance,validation_layer,split_id,repeat_id,fold_id,n_assessment,n_analysis,fit_status,log_loss,balanced_accuracy,accuracy,brier,selected_lambda,predictors_used
rung2,r2_a_breast_cn,Rung 2 A: Breast-only C/N,ridge_glmnet_multinomial,baseline_cn_benchmark,TRUE,FALSE,FALSE,FALSE,repeated_stratified_cv,Repeat01__Fold1,Repeat01,Fold1,13,43,ok,1.0930723018494566,0.33333333333333337,0.38461538461538464,0.2209649013326677,199.5350540343888,normalised_d13c_Breast|normalised_d15n_Breast
rung2,r2_b_breast_cnh,Rung 2 B: Breast-only C/N/H,ridge_glmnet_multinomial,breast_h_provisional_pending_triplicate_check,TRUE,TRUE,FALSE,FALSE,repeated_stratified_cv,Repeat01__Fold1,Repeat01,Fold1,13,43,ok,1.093331476882404,0.33333333333333337,0.38461538461538464,0.2210889487866703,3.0327554006448034,normalised_d13c_Breast|normalised_d15n_Breast|normalised_d2h_Breast
rung2,r2_c_breast_cnh_plus_paired_contrast,Rung 2 C: Breast C/N/H + paired contrasts,ridge_glmnet_multinomial,primary_h_provisional_pending_triplicate_check,TRUE,TRUE,TRUE,FALSE,repeated_stratified_cv,Repeat01__Fold1,Repeat01,Fold1,13,43,ok,1.0629797755585098,0.5,0.5384615384615384,0.2148474144754585,1.0759165371241428,normalised_d13c_Breast|normalised_d15n_Breast|normalised_d2h_Breast|abs_delta_d13c|abs_delta_d15n|abs_delta_d2h
rung2,r2_d_breast_cnh_plus_paired_distance,Rung 2 D: Breast C/N/H + paired distance,ridge_glmnet_multinomial,primary_h_provisional_pending_triplicate_check,FALSE,TRUE,TRUE,TRUE,repeated_stratified_cv,Repeat01__Fold1,Repeat01,Fold1,13,43,ok,1.0930723018494566,0.33333333333333337,0.38461538461538464,0.2209649013326677,199.5350540343888,normalised_d13c_Breast|normalised_d15n_Breast|normalised_d2h_Breast|paired_distance_cnh
rung2,r2_a_breast_cn,Rung 2 A: Breast-only C/N,ridge_glmnet_multinomial,baseline_cn_benchmark,TRUE,FALSE,FALSE,FALSE,repeated_stratified_cv,Repeat01__Fold2,Repeat01,Fold2,13,43,ok,1.0930723018494566,0.33333333333333337,0.38461538461538464,0.2209649013326677,131.44913647350384,normalised_d13c_Breast|normalised_d15n_Breast
rung2,r2_b_breast_cnh,Rung 2 B: Breast-only C/N/H,ridge_glmnet_multinomial,breast_h_provisional_pending_triplicate_check,TRUE,TRUE,FALSE,FALSE,repeated_stratified_cv,Repeat01__Fold2,Repeat01,Fold2,13,43,ok,1.0930723018494566,0.33333333333333337,0.38461538461538464,0.2209649013326677,170.10886149124613,normalised_d13c_Breast|normalised_d15n_Breast|normalised_d2h_Breast
rung2,r2_c_breast_cnh_plus_paired_contrast,Rung 2 C: Breast C/N/H + paired contrasts,ridge_glmnet_multinomial,primary_h_provisional_pending_triplicate_check,TRUE,TRUE,TRUE,FALSE,repeated_stratified_cv,Repeat01__Fold2,Repeat01,Fold2,13,43,ok,0.7405164379214941,0.8333333333333334,0.8461538461538461,0.1432547727001577,0.33049585758369743,normalised_d13c_Breast|normalised_d15n_Breast|normalised_d2h_Breast|abs_delta_d13c|abs_delta_d15n|abs_delta_d2h
rung2,r2_d_breast_cnh_plus_paired_distance,Rung 2 D: Breast C/N/H + paired distance,ridge_glmnet_multinomial,primary_h_provisional_pending_triplicate_check,FALSE,TRUE,TRUE,TRUE,repeated_stratified_cv,Repeat01__Fold2,Repeat01,Fold2,13,43,ok,1.0930723018494566,0.33333333333333337,0.38461538461538464,0.2209649013326677,170.10886149124613,normalised_d13c_Breast|normalised_d15n_Breast|normalised_d2h_Breast|paired_distance_cnh
rung2,r2_a_breast_cn,Rung 2 A: Breast-only C/N,ridge_glmnet_multinomial,baseline_cn_benchmark,TRUE,FALSE,FALSE,FALSE,repeated_stratified_cv,Repeat01__Fold3,Repeat01,Fold3,10,46,ok,1.089058295561474,0.33333333333333337,0.4,0.22003780718336483,174.86599533124436,normalised_d13c_Breast|normalised_d15n_Breast
rung2,r2_b_breast_cnh,Rung 2 B: Breast-only C/N/H,ridge_glmnet_multinomial,breast_h_provisional_pending_triplicate_check,TRUE,TRUE,FALSE,FALSE,repeated_stratified_cv,Repeat01__Fold3,Repeat01,Fold3,10,46,ok,1.089058295561474,0.33333333333333337,0.4,0.22003780718336483,174.86599533124436,normalised_d13c_Breast|normalised_d15n_Breast|normalised_d2h_Breast
rung2,r2_c_breast_cnh_plus_paired_contrast,Rung 2 C: Breast C/N/H + paired contrasts,ridge_glmnet_multinomial,primary_h_provisional_pending_triplicate_check,TRUE,TRUE,TRUE,FALSE,repeated_stratified_cv,Repeat01__Fold3,Repeat01,Fold3,10,46,ok,0.9957601647119583,0.4444444444444444,0.5,0.19835230346951785,1.4014154005251505,normalised_d13c_Breast|normalised_d15n_Breast|normalised_d2h_Breast|abs_delta_d13c|abs_delta_d15n|abs_delta_d2h
rung2,r2_d_breast_cnh_plus_paired_distance,Rung 2 D: Breast C/N/H + paired distance,ridge_glmnet_multinomial,primary_h_provisional_pending_triplicate_check,FALSE,TRUE,TRUE,TRUE,repeated_stratified_cv,Repeat01__Fold3,Repeat01,Fold3,10,46,ok,1.089058295561474,0.33333333333333337,0.4,0.22003780718336483,174.86599533124436,normalised_d13c_Breast|normalised_d15n_Breast|normalised_d2h_Breast|paired_distance_cnh
rung2,r2_a_breast_cn,Rung 2 A: Breast-only C/N,ridge_glmnet_multinomial,baseline_cn_benchmark,TRUE,FALSE,FALSE,FALSE,repeated_stratified_cv,Repeat01__Fold4,Repeat01,Fold4,10,46,ok,1.089058295561474,0.33333333333333337,0.4,0.22003780718336483,224.51240106307972,normalised_d13c_Breast|normalised_d15n_Breast
rung2,r2_b_breast_cnh,Rung 2 B: Breast-only C/N/H,ridge_glmnet_multinomial,breast_h_provisional_pending_triplicate_check,TRUE,TRUE,FALSE,FALSE,repeated_stratified_cv,Repeat01__Fold4,Repeat01,Fold4,10,46,ok,1.089058295561474,0.33333333333333337,0.4,0.22003780718336483,224.51240106307972,normalised_d13c_Breast|normalised_d15n_Breast|normalised_d2h_Breast
rung2,r2_c_breast_cnh_plus_paired_contrast,Rung 2 C: Breast C/N/H + paired contrasts,ridge_glmnet_multinomial,primary_h_provisional_pending_triplicate_check,TRUE,TRUE,TRUE,FALSE,repeated_stratified_cv,Repeat01__Fold4,Repeat01,Fold4,10,46,ok,1.0052349120091748,0.4722222222222222,0.5,0.19975351285701815,0.33107122517680404,normalised_d13c_Breast|normalised_d15n_Breast|normalised_d2h_Breast|abs_delta_d13c|abs_delta_d15n|abs_delta_d2h
rung2,r2_d_breast_cnh_plus_paired_distance,Rung 2 D: Breast C/N/H + paired distance,ridge_glmnet_multinomial,primary_h_provisional_pending_triplicate_check,FALSE,TRUE,TRUE,TRUE,repeated_stratified_cv,Repeat01__Fold4,Repeat01,Fold4,10,46,ok,1.0891559793143353,0.33333333333333337,0.4,0.22006513169668138,169.83539798545652,normalised_d13c_Breast|normalised_d15n_Breast|normalised_d2h_Breast|paired_distance_cnh
rung2,r2_a_breast_cn,Rung 2 A: Breast-only C/N,ridge_glmnet_multinomial,baseline_cn_benchmark,TRUE,FALSE,FALSE,FALSE,repeated_stratified_cv,Repeat01__Fold5,Repeat01,Fold5,10,46,ok,1.089058295561474,0.33333333333333337,0.4,0.22003780718336483,119.50774613670119,normalised_d13c_Breast|normalised_d15n_Breast
rung2,r2_b_breast_cnh,Rung 2 B: Breast-only C/N/H,ridge_glmnet_multinomial,breast_h_provisional_pending_triplicate_check,TRUE,TRUE,FALSE,FALSE,repeated_stratified_cv,Repeat01__Fold5,Repeat01,Fold5,10,46,ok,1.089058295561474,0.33333333333333337,0.4,0.22003780718336483,174.28909912159216,normalised_d13c_Breast|normalised_d15n_Breast|normalised_d2h_Breast
rung2,r2_c_breast_cnh_plus_paired_contrast,Rung 2 C: Breast C/N/H + paired contrasts,ridge_glmnet_multinomial,primary_h_provisional_pending_triplicate_check,TRUE,TRUE,TRUE,FALSE,repeated_stratified_cv,Repeat01__Fold5,Repeat01,Fold5,10,46,ok,0.9729967688606888,0.4444444444444444,0.5,0.19678777610489895,0.8387138966541355,normalised_d13c_Breast|normalised_d15n_Breast|normalised_d2h_Breast|abs_delta_d13c|abs_delta_d15n|abs_delta_d2h
rung2,r2_d_breast_cnh_plus_paired_distance,Rung 2 D: Breast C/N/H + paired distance,ridge_glmnet_multinomial,primary_h_provisional_pending_triplicate_check,FALSE,TRUE,TRUE,TRUE,repeated_stratified_cv,Repeat01__Fold5,Repeat01,Fold5,10,46,ok,1.089058295561474,0.33333333333333337,0.4,0.22003780718336483,174.28909912159216,normalised_d13c_Breast|normalised_d15n_Breast|normalised_d2h_Breast|paired_distance_cnh
rung2,r2_a_breast_cn,Rung 2 A: Breast-only C/N,ridge_glmnet_multinomial,baseline_cn_benchmark,TRUE,FALSE,FALSE,FALSE,repeated_stratified_cv,Repeat02__Fold1,Repeat02,Fold1,13,43,ok,1.0930723018494566,0.33333333333333337,0.38461538461538464,0.22096490133266766,189.48010194704943,normalised_d13c_Breast|normalised_d15n_Breast
rung2,r2_b_breast_cnh,Rung 2 B: Breast-only C/N/H,ridge_glmnet_multinomial,breast_h_provisional_pending_triplicate_check,TRUE,TRUE,FALSE,FALSE,repeated_stratified_cv,Repeat02__Fold1,Repeat02,Fold1,13,43,ok,1.0930723018494566,0.33333333333333337,0.38461538461538464,0.22096490133266766,189.48010194704943,normalised_d13c_Breast|normalised_d15n_Breast|normalised_d2h_Breast
rung2,r2_c_breast_cnh_plus_paired_contrast,Rung 2 C: Breast C/N/H + paired contrasts,ridge_glmnet_multinomial,primary_h_provisional_pending_triplicate_check,TRUE,TRUE,TRUE,FALSE,repeated_stratified_cv,Repeat02__Fold1,Repeat02,Fold1,13,43,ok,0.9699603117103405,0.35000000000000003,0.38461538461538464,0.1980921333849411,0.45817519030464904,normalised_d13c_Breast|normalised_d15n_Breast|normalised_d2h_Breast|abs_delta_d13c|abs_delta_d15n|abs_delta_d2h
rung2,r2_d_breast_cnh_plus_paired_distance,Rung 2 D: Breast C/N/H + paired distance,ridge_glmnet_multinomial,primary_h_provisional_pending_triplicate_check,FALSE,TRUE,TRUE,TRUE,repeated_stratified_cv,Repeat02__Fold1,Repeat02,Fold1,13,43,ok,1.0867976232827765,0.33333333333333337,0.38461538461538464,0.22013848327385993,2.8799290694837207,normalised_d13c_Breast|normalised_d15n_Breast|normalised_d2h_Breast|paired_distance_cnh
rung2,r2_a_breast_cn,Rung 2 A: Breast-only C/N,ridge_glmnet_multinomial,baseline_cn_benchmark,TRUE,FALSE,FALSE,FALSE,repeated_stratified_cv,Repeat02__Fold2,Repeat02,Fold2,13,43,ok,1.0930723018494566,0.33333333333333337,0.38461538461538464,0.2209649013326677,144.93348870103608,normalised_d13c_Breast|normalised_d15n_Breast
rung2,r2_b_breast_cnh,Rung 2 B: Breast-only C/N/H,ridge_glmnet_multinomial,breast_h_provisional_pending_triplicate_check,TRUE,TRUE,FALSE,FALSE,repeated_stratified_cv,Repeat02__Fold2,Repeat02,Fold2,13,43,ok,1.0930723018494566,0.33333333333333337,0.38461538461538464,0.2209649013326677,144.93348870103608,normalised_d13c_Breast|normalised_d15n_Breast|normalised_d2h_Breast
rung2,r2_c_breast_cnh_plus_paired_contrast,Rung 2 C: Breast C/N/H + paired contrasts,ridge_glmnet_multinomial,primary_h_provisional_pending_triplicate_check,TRUE,TRUE,TRUE,FALSE,repeated_stratified_cv,Repeat02__Fold2,Repeat02,Fold2,13,43,ok,1.014371674883174,0.33333333333333337,0.38461538461538464,0.20332760285863513,2.0322288498089103,normalised_d13c_Breast|normalised_d15n_Breast|normalised_d2h_Breast|abs_delta_d13c|abs_delta_d15n|abs_delta_d2h
rung2,r2_d_breast_cnh_plus_paired_distance,Rung 2 D: Breast C/N/H + paired distance,ridge_glmnet_multinomial,primary_h_provisional_pending_triplicate_check,FALSE,TRUE,TRUE,TRUE,repeated_stratified_cv,Repeat02__Fold2,Repeat02,Fold2,13,43,ok,1.0930723018494566,0.33333333333333337,0.38461538461538464,0.2209649013326677,144.93348870103608,normalised_d13c_Breast|normalised_d15n_Breast|normalised_d2h_Breast|paired_distance_cnh
rung2,r2_a_breast_cn,Rung 2 A: Breast-only C/N,ridge_glmnet_multinomial,baseline_cn_benchmark,TRUE,FALSE,FALSE,FALSE,repeated_stratified_cv,Repeat02__Fold3,Repeat02,Fold3,10,46,ok,1.1205683562477204,0.3611111111111111,0.4,0.2240466653971263,0.5138758037306311,normalised_d13c_Breast|normalised_d15n_Breast
rung2,r2_b_breast_cnh,Rung 2 B: Breast-only C/N/H,ridge_glmnet_multinomial,breast_h_provisional_pending_triplicate_check,TRUE,TRUE,FALSE,FALSE,repeated_stratified_cv,Repeat02__Fold3,Repeat02,Fold3,10,46,ok,1.0890582955614738,0.33333333333333337,0.4,0.22003780718336483,217.33055812489442,normalised_d13c_Breast|normalised_d15n_Breast|normalised_d2h_Breast
rung2,r2_c_breast_cnh_plus_paired_contrast,Rung 2 C: Breast C/N/H + paired contrasts,ridge_glmnet_multinomial,primary_h_provisional_pending_triplicate_check,TRUE,TRUE,TRUE,FALSE,repeated_stratified_cv,Repeat02__Fold3,Repeat02,Fold3,10,46,ok,0.9981139118760279,0.5555555555555556,0.6,0.20000096682119203,0.6006866966433387,normalised_d13c_Breast|normalised_d15n_Breast|normalised_d2h_Breast|abs_delta_d13c|abs_delta_d15n|abs_delta_d2h
rung2,r2_d_breast_cnh_plus_paired_distance,Rung 2 D: Breast C/N/H + paired distance,ridge_glmnet_multinomial,primary_h_provisional_pending_triplicate_check,FALSE,TRUE,TRUE,TRUE,repeated_stratified_cv,Repeat02__Fold3,Repeat02,Fold3,10,46,ok,1.0890582955614738,0.33333333333333337,0.4,0.22003780718336483,217.33055812489442,normalised_d13c_Breast|normalised_d15n_Breast|normalised_d2h_Breast|paired_distance_cnh
rung2,r2_a_breast_cn,Rung 2 A: Breast-only C/N,ridge_glmnet_multinomial,baseline_cn_benchmark,TRUE,FALSE,FALSE,FALSE,repeated_stratified_cv,Repeat02__Fold4,Repeat02,Fold4,10,46,ok,1.089058295561474,0.33333333333333337,0.4,0.22003780718336483,167.55337427212575,normalised_d13c_Breast|normalised_d15n_Breast
rung2,r2_b_breast_cnh,Rung 2 B: Breast-only C/N/H,ridge_glmnet_multinomial,breast_h_provisional_pending_triplicate_check,TRUE,TRUE,FALSE,FALSE,repeated_stratified_cv,Repeat02__Fold4,Repeat02,Fold4,10,46,ok,1.089058295561474,0.33333333333333337,0.4,0.22003780718336483,186.95955130549098,normalised_d13c_Breast|normalised_d15n_Breast|normalised_d2h_Breast
rung2,r2_c_breast_cnh_plus_paired_contrast,Rung 2 C: Breast C/N/H + paired contrasts,ridge_glmnet_multinomial,primary_h_provisional_pending_triplicate_check,TRUE,TRUE,TRUE,FALSE,repeated_stratified_cv,Repeat02__Fold4,Repeat02,Fold4,10,46,ok,0.8882048977366073,0.5,0.5,0.18379929213646304,0.28047300015608156,normalised_d13c_Breast|normalised_d15n_Breast|normalised_d2h_Breast|abs_delta_d13c|abs_delta_d15n|abs_delta_d2h
rung2,r2_d_breast_cnh_plus_paired_distance,Rung 2 D: Breast C/N/H + paired distance,ridge_glmnet_multinomial,primary_h_provisional_pending_triplicate_check,FALSE,TRUE,TRUE,TRUE,repeated_stratified_cv,Repeat02__Fold4,Repeat02,Fold4,10,46,ok,1.0955296031902708,0.3611111111111111,0.4,0.22118400685064235,0.641358998536705,normalised_d13c_Breast|normalised_d15n_Breast|normalised_d2h_Breast|paired_distance_cnh
rung2,r2_a_breast_cn,Rung 2 A: Breast-only C/N,ridge_glmnet_multinomial,baseline_cn_benchmark,TRUE,FALSE,FALSE,FALSE,repeated_stratified_cv,Repeat02__Fold5,Repeat02,Fold5,10,46,ok,1.0890582955614738,0.33333333333333337,0.4,0.22003780718336483,155.92689572986026,normalised_d13c_Breast|normalised_d15n_Breast
rung2,r2_b_breast_cnh,Rung 2 B: Breast-only C/N/H,ridge_glmnet_multinomial,breast_h_provisional_pending_triplicate_check,TRUE,TRUE,FALSE,FALSE,repeated_stratified_cv,Repeat02__Fold5,Repeat02,Fold5,10,46,ok,1.0890582955614738,0.33333333333333337,0.4,0.22003780718336483,155.92689572986026,normalised_d13c_Breast|normalised_d15n_Breast|normalised_d2h_Breast
rung2,r2_c_breast_cnh_plus_paired_contrast,Rung 2 C: Breast C/N/H + paired contrasts,ridge_glmnet_multinomial,primary_h_provisional_pending_triplicate_check,TRUE,TRUE,TRUE,FALSE,repeated_stratified_cv,Repeat02__Fold5,Repeat02,Fold5,10,46,ok,1.0239244136976582,0.33333333333333337,0.4,0.20493579277642382,3.5349505416037137,normalised_d13c_Breast|normalised_d15n_Breast|normalised_d2h_Breast|abs_delta_d13c|abs_delta_d15n|abs_delta_d2h
rung2,r2_d_breast_cnh_plus_paired_distance,Rung 2 D: Breast C/N/H + paired distance,ridge_glmnet_multinomial,primary_h_provisional_pending_triplicate_check,FALSE,TRUE,TRUE,TRUE,repeated_stratified_cv,Repeat02__Fold5,Repeat02,Fold5,10,46,ok,1.0890582955614738,0.33333333333333337,0.4,0.22003780718336483,155.92689572986026,normalised_d13c_Breast|normalised_d15n_Breast|normalised_d2h_Breast|paired_distance_cnh
rung2,r2_a_breast_cn,Rung 2 A: Breast-only C/N,ridge_glmnet_multinomial,baseline_cn_benchmark,TRUE,FALSE,FALSE,FALSE,repeated_stratified_cv,Repeat03__Fold1,Repeat03,Fold1,13,43,ok,1.0930723018494566,0.33333333333333337,0.38461538461538464,0.22096490133266766,229.74163981515338,normalised_d13c_Breast|normalised_d15n_Breast
rung2,r2_b_breast_cnh,Rung 2 B: Breast-only C/N/H,ridge_glmnet_multinomial,breast_h_provisional_pending_triplicate_check,TRUE,TRUE,FALSE,FALSE,repeated_stratified_cv,Repeat03__Fold1,Repeat03,Fold1,13,43,ok,1.0930723018494566,0.33333333333333337,0.38461538461538464,0.22096490133266766,229.74163981515338,normalised_d13c_Breast|normalised_d15n_Breast|normalised_d2h_Breast
rung2,r2_c_breast_cnh_plus_paired_contrast,Rung 2 C: Breast C/N/H + paired contrasts,ridge_glmnet_multinomial,primary_h_provisional_pending_triplicate_check,TRUE,TRUE,TRUE,FALSE,repeated_stratified_cv,Repeat03__Fold1,Repeat03,Fold1,13,43,ok,1.1305073688965748,0.35000000000000003,0.38461538461538464,0.2299623092587113,0.5301435386256459,normalised_d13c_Breast|normalised_d15n_Breast|normalised_d2h_Breast|abs_delta_d13c|abs_delta_d15n|abs_delta_d2h
rung2,r2_d_breast_cnh_plus_paired_distance,Rung 2 D: Breast C/N/H + paired distance,ridge_glmnet_multinomial,primary_h_provisional_pending_triplicate_check,FALSE,TRUE,TRUE,TRUE,repeated_stratified_cv,Repeat03__Fold1,Repeat03,Fold1,13,43,ok,1.104693181370041,0.33333333333333337,0.38461538461538464,0.22361265128049843,5.560042361168636,normalised_d13c_Breast|normalised_d15n_Breast|normalised_d2h_Breast|paired_distance_cnh
rung2,r2_a_breast_cn,Rung 2 A: Breast-only C/N,ridge_glmnet_multinomial,baseline_cn_benchmark,TRUE,FALSE,FALSE,FALSE,repeated_stratified_cv,Repeat03__Fold2,Repeat03,Fold2,13,43,ok,1.092346949216606,0.33333333333333337,0.38461538461538464,0.22082909722854777,25.594125348951806,normalised_d13c_Breast|normalised_d15n_Breast
rung2,r2_b_breast_cnh,Rung 2 B: Breast-only C/N/H,ridge_glmnet_multinomial,breast_h_provisional_pending_triplicate_check,TRUE,TRUE,FALSE,FALSE,repeated_stratified_cv,Repeat03__Fold2,Repeat03,Fold2,13,43,ok,1.0930723018494566,0.33333333333333337,0.38461538461538464,0.2209649013326677,198.1660174768183,normalised_d13c_Breast|normalised_d15n_Breast|normalised_d2h_Breast
rung2,r2_c_breast_cnh_plus_paired_contrast,Rung 2 C: Breast C/N/H + paired contrasts,ridge_glmnet_multinomial,primary_h_provisional_pending_triplicate_check,TRUE,TRUE,TRUE,FALSE,repeated_stratified_cv,Repeat03__Fold2,Repeat03,Fold2,13,43,ok,0.880968891695993,0.5833333333333334,0.6153846153846154,0.17885067955436165,0.2175441916546363,normalised_d13c_Breast|normalised_d15n_Breast|normalised_d2h_Breast|abs_delta_d13c|abs_delta_d15n|abs_delta_d2h
rung2,r2_d_breast_cnh_plus_paired_distance,Rung 2 D: Breast C/N/H + paired distance,ridge_glmnet_multinomial,primary_h_provisional_pending_triplicate_check,FALSE,TRUE,TRUE,TRUE,repeated_stratified_cv,Repeat03__Fold2,Repeat03,Fold2,13,43,ok,1.0930723018494566,0.33333333333333337,0.38461538461538464,0.2209649013326677,198.1660174768183,normalised_d13c_Breast|normalised_d15n_Breast|normalised_d2h_Breast|paired_distance_cnh
rung2,r2_a_breast_cn,Rung 2 A: Breast-only C/N,ridge_glmnet_multinomial,baseline_cn_benchmark,TRUE,FALSE,FALSE,FALSE,repeated_stratified_cv,Repeat03__Fold3,Repeat03,Fold3,10,46,ok,1.089058295561474,0.33333333333333337,0.4,0.22003780718336483,135.02050436150398,normalised_d13c_Breast|normalised_d15n_Breast
rung2,r2_b_breast_cnh,Rung 2 B: Breast-only C/N/H,ridge_glmnet_multinomial,breast_h_provisional_pending_triplicate_check,TRUE,TRUE,FALSE,FALSE,repeated_stratified_cv,Repeat03__Fold3,Repeat03,Fold3,10,46,ok,1.089058295561474,0.33333333333333337,0.4,0.22003780718336483,135.02050436150398,normalised_d13c_Breast|normalised_d15n_Breast|normalised_d2h_Breast
rung2,r2_c_breast_cnh_plus_paired_contrast,Rung 2 C: Breast C/N/H + paired contrasts,ridge_glmnet_multinomial,primary_h_provisional_pending_triplicate_check,TRUE,TRUE,TRUE,FALSE,repeated_stratified_cv,Repeat03__Fold3,Repeat03,Fold3,10,46,ok,0.8291262334365281,0.7777777777777778,0.8,0.16061012066320712,0.627016637231569,normalised_d13c_Breast|normalised_d15n_Breast|normalised_d2h_Breast|abs_delta_d13c|abs_delta_d15n|abs_delta_d2h
rung2,r2_d_breast_cnh_plus_paired_distance,Rung 2 D: Breast C/N/H + paired distance,ridge_glmnet_multinomial,primary_h_provisional_pending_triplicate_check,FALSE,TRUE,TRUE,TRUE,repeated_stratified_cv,Repeat03__Fold3,Repeat03,Fold3,10,46,ok,1.080995294162549,0.33333333333333337,0.4,0.21835737401674651,10.951929387638923,normalised_d13c_Breast|normalised_d15n_Breast|normalised_d2h_Breast|paired_distance_cnh
rung2,r2_a_breast_cn,Rung 2 A: Breast-only C/N,ridge_glmnet_multinomial,baseline_cn_benchmark,TRUE,FALSE,FALSE,FALSE,repeated_stratified_cv,Repeat03__Fold4,Repeat03,Fold4,10,46,ok,1.0890582955614738,0.33333333333333337,0.4,0.22003780718336483,127.52282436235019,normalised_d13c_Breast|normalised_d15n_Breast
rung2,r2_b_breast_cnh,Rung 2 B: Breast-only C/N/H,ridge_glmnet_multinomial,breast_h_provisional_pending_triplicate_check,TRUE,TRUE,FALSE,FALSE,repeated_stratified_cv,Repeat03__Fold4,Repeat03,Fold4,10,46,ok,1.0890582955614738,0.33333333333333337,0.4,0.22003780718336483,161.96908239370651,normalised_d13c_Breast|normalised_d15n_Breast|normalised_d2h_Breast
rung2,r2_c_breast_cnh_plus_paired_contrast,Rung 2 C: Breast C/N/H + paired contrasts,ridge_glmnet_multinomial,primary_h_provisional_pending_triplicate_check,TRUE,TRUE,TRUE,FALSE,repeated_stratified_cv,Repeat03__Fold4,Repeat03,Fold4,10,46,ok,0.7848997855700967,0.6944444444444444,0.7,0.15634408685354975,0.3549608078505697,normalised_d13c_Breast|normalised_d15n_Breast|normalised_d2h_Breast|abs_delta_d13c|abs_delta_d15n|abs_delta_d2h
rung2,r2_d_breast_cnh_plus_paired_distance,Rung 2 D: Breast C/N/H + paired distance,ridge_glmnet_multinomial,primary_h_provisional_pending_triplicate_check,FALSE,TRUE,TRUE,TRUE,repeated_stratified_cv,Repeat03__Fold4,Repeat03,Fold4,10,46,ok,1.0890582955614738,0.33333333333333337,0.4,0.22003780718336483,161.96908239370651,normalised_d13c_Breast|normalised_d15n_Breast|normalised_d2h_Breast|paired_distance_cnh
rung2,r2_a_breast_cn,Rung 2 A: Breast-only C/N,ridge_glmnet_multinomial,baseline_cn_benchmark,TRUE,FALSE,FALSE,FALSE,repeated_stratified_cv,Repeat03__Fold5,Repeat03,Fold5,10,46,ok,1.089058295561474,0.33333333333333337,0.4,0.22003780718336483,161.1902292902426,normalised_d13c_Breast|normalised_d15n_Breast
rung2,r2_b_breast_cnh,Rung 2 B: Breast-only C/N/H,ridge_glmnet_multinomial,breast_h_provisional_pending_triplicate_check,TRUE,TRUE,FALSE,FALSE,repeated_stratified_cv,Repeat03__Fold5,Repeat03,Fold5,10,46,ok,1.089058295561474,0.33333333333333337,0.4,0.22003780718336483,173.63393309252152,normalised_d13c_Breast|normalised_d15n_Breast|normalised_d2h_Breast
rung2,r2_c_breast_cnh_plus_paired_contrast,Rung 2 C: Breast C/N/H + paired contrasts,ridge_glmnet_multinomial,primary_h_provisional_pending_triplicate_check,TRUE,TRUE,TRUE,FALSE,repeated_stratified_cv,Repeat03__Fold5,Repeat03,Fold5,10,46,ok,0.7878521264353167,0.6666666666666666,0.7,0.15265879282115458,0.2424498025068786,normalised_d13c_Breast|normalised_d15n_Breast|normalised_d2h_Breast|abs_delta_d13c|abs_delta_d15n|abs_delta_d2h
rung2,r2_d_breast_cnh_plus_paired_distance,Rung 2 D: Breast C/N/H + paired distance,ridge_glmnet_multinomial,primary_h_provisional_pending_triplicate_check,FALSE,TRUE,TRUE,TRUE,repeated_stratified_cv,Repeat03__Fold5,Repeat03,Fold5,10,46,ok,1.089058295561474,0.33333333333333337,0.4,0.22003780718336483,173.63393309252152,normalised_d13c_Breast|normalised_d15n_Breast|normalised_d2h_Breast|paired_distance_cnh
rung2,r2_a_breast_cn,Rung 2 A: Breast-only C/N,ridge_glmnet_multinomial,baseline_cn_benchmark,TRUE,FALSE,FALSE,FALSE,repeated_stratified_cv,Repeat04__Fold1,Repeat04,Fold1,13,43,ok,1.0930723018494566,0.33333333333333337,0.38461538461538464,0.2209649013326677,136.4818019100487,normalised_d13c_Breast|normalised_d15n_Breast
rung2,r2_b_breast_cnh,Rung 2 B: Breast-only C/N/H,ridge_glmnet_multinomial,breast_h_provisional_pending_triplicate_check,TRUE,TRUE,FALSE,FALSE,repeated_stratified_cv,Repeat04__Fold1,Repeat04,Fold1,13,43,ok,1.0930723018494566,0.33333333333333337,0.38461538461538464,0.2209649013326677,146.35972303286346,normalised_d13c_Breast|normalised_d15n_Breast|normalised_d2h_Breast
rung2,r2_c_breast_cnh_plus_paired_contrast,Rung 2 C: Breast C/N/H + paired contrasts,ridge_glmnet_multinomial,primary_h_provisional_pending_triplicate_check,TRUE,TRUE,TRUE,FALSE,repeated_stratified_cv,Repeat04__Fold1,Repeat04,Fold1,13,43,ok,0.9525187417420066,0.41666666666666663,0.46153846153846156,0.19066262050406968,0.5693304456246351,normalised_d13c_Breast|normalised_d15n_Breast|normalised_d2h_Breast|abs_delta_d13c|abs_delta_d15n|abs_delta_d2h
rung2,r2_d_breast_cnh_plus_paired_distance,Rung 2 D: Breast C/N/H + paired distance,ridge_glmnet_multinomial,primary_h_provisional_pending_triplicate_check,FALSE,TRUE,TRUE,TRUE,repeated_stratified_cv,Repeat04__Fold1,Repeat04,Fold1,13,43,ok,1.0930723018494566,0.33333333333333337,0.38461538461538464,0.2209649013326677,146.35972303286346,normalised_d13c_Breast|normalised_d15n_Breast|normalised_d2h_Breast|paired_distance_cnh
rung2,r2_a_breast_cn,Rung 2 A: Breast-only C/N,ridge_glmnet_multinomial,baseline_cn_benchmark,TRUE,FALSE,FALSE,FALSE,repeated_stratified_cv,Repeat04__Fold2,Repeat04,Fold2,13,43,ok,1.0930723018494566,0.33333333333333337,0.38461538461538464,0.2209649013326677,203.36287683417544,normalised_d13c_Breast|normalised_d15n_Breast
rung2,r2_b_breast_cnh,Rung 2 B: Breast-only C/N/H,ridge_glmnet_multinomial,breast_h_provisional_pending_triplicate_check,TRUE,TRUE,FALSE,FALSE,repeated_stratified_cv,Repeat04__Fold2,Repeat04,Fold2,13,43,ok,1.1677820861603483,0.2833333333333333,0.3076923076923077,0.23564285647473363,0.27515968793262885,normalised_d13c_Breast|normalised_d15n_Breast|normalised_d2h_Breast
rung2,r2_c_breast_cnh_plus_paired_contrast,Rung 2 C: Breast C/N/H + paired contrasts,ridge_glmnet_multinomial,primary_h_provisional_pending_triplicate_check,TRUE,TRUE,TRUE,FALSE,repeated_stratified_cv,Repeat04__Fold2,Repeat04,Fold2,13,43,ok,1.014435876126048,0.5833333333333334,0.6153846153846154,0.20279475885158418,0.131334875575487,normalised_d13c_Breast|normalised_d15n_Breast|normalised_d2h_Breast|abs_delta_d13c|abs_delta_d15n|abs_delta_d2h
rung2,r2_d_breast_cnh_plus_paired_distance,Rung 2 D: Breast C/N/H + paired distance,ridge_glmnet_multinomial,primary_h_provisional_pending_triplicate_check,FALSE,TRUE,TRUE,TRUE,repeated_stratified_cv,Repeat04__Fold2,Repeat04,Fold2,13,43,ok,1.0930723018494566,0.33333333333333337,0.38461538461538464,0.2209649013326677,203.36287683417544,normalised_d13c_Breast|normalised_d15n_Breast|normalised_d2h_Breast|paired_distance_cnh
rung2,r2_a_breast_cn,Rung 2 A: Breast-only C/N,ridge_glmnet_multinomial,baseline_cn_benchmark,TRUE,FALSE,FALSE,FALSE,repeated_stratified_cv,Repeat04__Fold3,Repeat04,Fold3,10,46,ok,1.089058295561474,0.33333333333333337,0.4,0.22003780718336483,163.63403017695063,normalised_d13c_Breast|normalised_d15n_Breast
rung2,r2_b_breast_cnh,Rung 2 B: Breast-only C/N/H,ridge_glmnet_multinomial,breast_h_provisional_pending_triplicate_check,TRUE,TRUE,FALSE,FALSE,repeated_stratified_cv,Repeat04__Fold3,Repeat04,Fold3,10,46,ok,1.089058295561474,0.33333333333333337,0.4,0.22003780718336483,163.63403017695063,normalised_d13c_Breast|normalised_d15n_Breast|normalised_d2h_Breast
rung2,r2_c_breast_cnh_plus_paired_contrast,Rung 2 C: Breast C/N/H + paired contrasts,ridge_glmnet_multinomial,primary_h_provisional_pending_triplicate_check,TRUE,TRUE,TRUE,FALSE,repeated_stratified_cv,Repeat04__Fold3,Repeat04,Fold3,10,46,ok,0.9353507296940897,0.7777777777777778,0.8,0.184687072509719,0.9224178693222331,normalised_d13c_Breast|normalised_d15n_Breast|normalised_d2h_Breast|abs_delta_d13c|abs_delta_d15n|abs_delta_d2h
rung2,r2_d_breast_cnh_plus_paired_distance,Rung 2 D: Breast C/N/H + paired distance,ridge_glmnet_multinomial,primary_h_provisional_pending_triplicate_check,FALSE,TRUE,TRUE,TRUE,repeated_stratified_cv,Repeat04__Fold3,Repeat04,Fold3,10,46,ok,1.089058295561474,0.33333333333333337,0.4,0.22003780718336483,163.63403017695063,normalised_d13c_Breast|normalised_d15n_Breast|normalised_d2h_Breast|paired_distance_cnh
rung2,r2_a_breast_cn,Rung 2 A: Breast-only C/N,ridge_glmnet_multinomial,baseline_cn_benchmark,TRUE,FALSE,FALSE,FALSE,repeated_stratified_cv,Repeat04__Fold4,Repeat04,Fold4,10,46,ok,1.089058295561474,0.33333333333333337,0.4,0.22003780718336483,187.8264665352021,normalised_d13c_Breast|normalised_d15n_Breast
rung2,r2_b_breast_cnh,Rung 2 B: Breast-only C/N/H,ridge_glmnet_multinomial,breast_h_provisional_pending_triplicate_check,TRUE,TRUE,FALSE,FALSE,repeated_stratified_cv,Repeat04__Fold4,Repeat04,Fold4,10,46,ok,1.089058295561474,0.33333333333333337,0.4,0.22003780718336483,187.8264665352021,normalised_d13c_Breast|normalised_d15n_Breast|normalised_d2h_Breast
rung2,r2_c_breast_cnh_plus_paired_contrast,Rung 2 C: Breast C/N/H + paired contrasts,ridge_glmnet_multinomial,primary_h_provisional_pending_triplicate_check,TRUE,TRUE,TRUE,FALSE,repeated_stratified_cv,Repeat04__Fold4,Repeat04,Fold4,10,46,ok,0.9292339779469593,0.6666666666666666,0.7,0.18532235689778526,0.5456956582594638,normalised_d13c_Breast|normalised_d15n_Breast|normalised_d2h_Breast|abs_delta_d13c|abs_delta_d15n|abs_delta_d2h
rung2,r2_d_breast_cnh_plus_paired_distance,Rung 2 D: Breast C/N/H + paired distance,ridge_glmnet_multinomial,primary_h_provisional_pending_triplicate_check,FALSE,TRUE,TRUE,TRUE,repeated_stratified_cv,Repeat04__Fold4,Repeat04,Fold4,10,46,ok,1.089058295561474,0.33333333333333337,0.4,0.22003780718336483,187.8264665352021,normalised_d13c_Breast|normalised_d15n_Breast|normalised_d2h_Breast|paired_distance_cnh
rung2,r2_a_breast_cn,Rung 2 A: Breast-only C/N,ridge_glmnet_multinomial,baseline_cn_benchmark,TRUE,FALSE,FALSE,FALSE,repeated_stratified_cv,Repeat04__Fold5,Repeat04,Fold5,10,46,ok,1.0886924691180098,0.33333333333333337,0.4,0.2199674488787804,123.71160574144538,normalised_d13c_Breast|normalised_d15n_Breast
rung2,r2_b_breast_cnh,Rung 2 B: Breast-only C/N/H,ridge_glmnet_multinomial,breast_h_provisional_pending_triplicate_check,TRUE,TRUE,FALSE,FALSE,repeated_stratified_cv,Repeat04__Fold5,Repeat04,Fold5,10,46,ok,1.089058295561474,0.33333333333333337,0.4,0.22003780718336483,149.01106708666978,normalised_d13c_Breast|normalised_d15n_Breast|normalised_d2h_Breast
rung2,r2_c_breast_cnh_plus_paired_contrast,Rung 2 C: Breast C/N/H + paired contrasts,ridge_glmnet_multinomial,primary_h_provisional_pending_triplicate_check,TRUE,TRUE,TRUE,FALSE,repeated_stratified_cv,Repeat04__Fold5,Repeat04,Fold5,10,46,ok,0.9205241096516334,0.5555555555555556,0.6,0.18447516583313345,1.1164284425360411,normalised_d13c_Breast|normalised_d15n_Breast|normalised_d2h_Breast|abs_delta_d13c|abs_delta_d15n|abs_delta_d2h
rung2,r2_d_breast_cnh_plus_paired_distance,Rung 2 D: Breast C/N/H + paired distance,ridge_glmnet_multinomial,primary_h_provisional_pending_triplicate_check,FALSE,TRUE,TRUE,TRUE,repeated_stratified_cv,Repeat04__Fold5,Repeat04,Fold5,10,46,ok,1.077921786196359,0.3611111111111111,0.4,0.218619032831786,1.8531352674595014,normalised_d13c_Breast|normalised_d15n_Breast|normalised_d2h_Breast|paired_distance_cnh
rung2,r2_a_breast_cn,Rung 2 A: Breast-only C/N,ridge_glmnet_multinomial,baseline_cn_benchmark,TRUE,FALSE,FALSE,FALSE,repeated_stratified_cv,Repeat05__Fold1,Repeat05,Fold1,13,43,ok,1.09048476456029,0.33333333333333337,0.38461538461538464,0.22042074817439705,7.549203454995171,normalised_d13c_Breast|normalised_d15n_Breast
rung2,r2_b_breast_cnh,Rung 2 B: Breast-only C/N/H,ridge_glmnet_multinomial,breast_h_provisional_pending_triplicate_check,TRUE,TRUE,FALSE,FALSE,repeated_stratified_cv,Repeat05__Fold1,Repeat05,Fold1,13,43,ok,1.0930723018494566,0.33333333333333337,0.38461538461538464,0.2209649013326677,215.00402217945714,normalised_d13c_Breast|normalised_d15n_Breast|normalised_d2h_Breast
rung2,r2_c_breast_cnh_plus_paired_contrast,Rung 2 C: Breast C/N/H + paired contrasts,ridge_glmnet_multinomial,primary_h_provisional_pending_triplicate_check,TRUE,TRUE,TRUE,FALSE,repeated_stratified_cv,Repeat05__Fold1,Repeat05,Fold1,13,43,ok,0.9797418781129422,0.5333333333333333,0.5384615384615384,0.1950639326156803,0.7641636122170006,normalised_d13c_Breast|normalised_d15n_Breast|normalised_d2h_Breast|abs_delta_d13c|abs_delta_d15n|abs_delta_d2h
rung2,r2_d_breast_cnh_plus_paired_distance,Rung 2 D: Breast C/N/H + paired distance,ridge_glmnet_multinomial,primary_h_provisional_pending_triplicate_check,FALSE,TRUE,TRUE,TRUE,repeated_stratified_cv,Repeat05__Fold1,Repeat05,Fold1,13,43,ok,1.0930723018494566,0.33333333333333337,0.38461538461538464,0.2209649013326677,215.00402217945714,normalised_d13c_Breast|normalised_d15n_Breast|normalised_d2h_Breast|paired_distance_cnh
rung2,r2_a_breast_cn,Rung 2 A: Breast-only C/N,ridge_glmnet_multinomial,baseline_cn_benchmark,TRUE,FALSE,FALSE,FALSE,repeated_stratified_cv,Repeat05__Fold2,Repeat05,Fold2,13,43,ok,1.0930723018494566,0.33333333333333337,0.38461538461538464,0.2209649013326677,236.76788334211503,normalised_d13c_Breast|normalised_d15n_Breast
rung2,r2_b_breast_cnh,Rung 2 B: Breast-only C/N/H,ridge_glmnet_multinomial,breast_h_provisional_pending_triplicate_check,TRUE,TRUE,FALSE,FALSE,repeated_stratified_cv,Repeat05__Fold2,Repeat05,Fold2,13,43,ok,1.0930723018494566,0.33333333333333337,0.38461538461538464,0.2209649013326677,236.76788334211503,normalised_d13c_Breast|normalised_d15n_Breast|normalised_d2h_Breast
rung2,r2_c_breast_cnh_plus_paired_contrast,Rung 2 C: Breast C/N/H + paired contrasts,ridge_glmnet_multinomial,primary_h_provisional_pending_triplicate_check,TRUE,TRUE,TRUE,FALSE,repeated_stratified_cv,Repeat05__Fold2,Repeat05,Fold2,13,43,ok,1.0520448748289775,0.43333333333333335,0.46153846153846156,0.21480860845385655,0.4422554276482323,normalised_d13c_Breast|normalised_d15n_Breast|normalised_d2h_Breast|abs_delta_d13c|abs_delta_d15n|abs_delta_d2h
rung2,r2_d_breast_cnh_plus_paired_distance,Rung 2 D: Breast C/N/H + paired distance,ridge_glmnet_multinomial,primary_h_provisional_pending_triplicate_check,FALSE,TRUE,TRUE,TRUE,repeated_stratified_cv,Repeat05__Fold2,Repeat05,Fold2,13,43,ok,1.0930723018494566,0.33333333333333337,0.38461538461538464,0.2209649013326677,236.76788334211503,normalised_d13c_Breast|normalised_d15n_Breast|normalised_d2h_Breast|paired_distance_cnh
rung2,r2_a_breast_cn,Rung 2 A: Breast-only C/N,ridge_glmnet_multinomial,baseline_cn_benchmark,TRUE,FALSE,FALSE,FALSE,repeated_stratified_cv,Repeat05__Fold3,Repeat05,Fold3,10,46,ok,1.089058295561474,0.33333333333333337,0.4,0.22003780718336483,163.09453086774445,normalised_d13c_Breast|normalised_d15n_Breast
rung2,r2_b_breast_cnh,Rung 2 B: Breast-only C/N/H,ridge_glmnet_multinomial,breast_h_provisional_pending_triplicate_check,TRUE,TRUE,FALSE,FALSE,repeated_stratified_cv,Repeat05__Fold3,Repeat05,Fold3,10,46,ok,1.089058295561474,0.33333333333333337,0.4,0.22003780718336483,163.09453086774445,normalised_d13c_Breast|normalised_d15n_Breast|normalised_d2h_Breast
rung2,r2_c_breast_cnh_plus_paired_contrast,Rung 2 C: Breast C/N/H + paired contrasts,ridge_glmnet_multinomial,primary_h_provisional_pending_triplicate_check,TRUE,TRUE,TRUE,FALSE,repeated_stratified_cv,Repeat05__Fold3,Repeat05,Fold3,10,46,ok,0.9701987605993818,0.4444444444444444,0.5,0.19925892914377158,0.19350335383456083,normalised_d13c_Breast|normalised_d15n_Breast|normalised_d2h_Breast|abs_delta_d13c|abs_delta_d15n|abs_delta_d2h
rung2,r2_d_breast_cnh_plus_paired_distance,Rung 2 D: Breast C/N/H + paired distance,ridge_glmnet_multinomial,primary_h_provisional_pending_triplicate_check,FALSE,TRUE,TRUE,TRUE,repeated_stratified_cv,Repeat05__Fold3,Repeat05,Fold3,10,46,ok,1.089058295561474,0.33333333333333337,0.4,0.22003780718336483,163.09453086774445,normalised_d13c_Breast|normalised_d15n_Breast|normalised_d2h_Breast|paired_distance_cnh
rung2,r2_a_breast_cn,Rung 2 A: Breast-only C/N,ridge_glmnet_multinomial,baseline_cn_benchmark,TRUE,FALSE,FALSE,FALSE,repeated_stratified_cv,Repeat05__Fold4,Repeat05,Fold4,10,46,ok,1.089058295561474,0.33333333333333337,0.4,0.22003780718336483,166.4851734247184,normalised_d13c_Breast|normalised_d15n_Breast
rung2,r2_b_breast_cnh,Rung 2 B: Breast-only C/N/H,ridge_glmnet_multinomial,breast_h_provisional_pending_triplicate_check,TRUE,TRUE,FALSE,FALSE,repeated_stratified_cv,Repeat05__Fold4,Repeat05,Fold4,10,46,ok,1.089058295561474,0.33333333333333337,0.4,0.22003780718336483,166.4851734247184,normalised_d13c_Breast|normalised_d15n_Breast|normalised_d2h_Breast
rung2,r2_c_breast_cnh_plus_paired_contrast,Rung 2 C: Breast C/N/H + paired contrasts,ridge_glmnet_multinomial,primary_h_provisional_pending_triplicate_check,TRUE,TRUE,TRUE,FALSE,repeated_stratified_cv,Repeat05__Fold4,Repeat05,Fold4,10,46,ok,0.9873301420357129,0.4444444444444444,0.5,0.19790308595960787,1.6247088493911142,normalised_d13c_Breast|normalised_d15n_Breast|normalised_d2h_Breast|abs_delta_d13c|abs_delta_d15n|abs_delta_d2h
rung2,r2_d_breast_cnh_plus_paired_distance,Rung 2 D: Breast C/N/H + paired distance,ridge_glmnet_multinomial,primary_h_provisional_pending_triplicate_check,FALSE,TRUE,TRUE,TRUE,repeated_stratified_cv,Repeat05__Fold4,Repeat05,Fold4,10,46,ok,1.0895173115117633,0.25,0.3,0.22190512987450944,0.9980523937973633,normalised_d13c_Breast|normalised_d15n_Breast|normalised_d2h_Breast|paired_distance_cnh
rung2,r2_a_breast_cn,Rung 2 A: Breast-only C/N,ridge_glmnet_multinomial,baseline_cn_benchmark,TRUE,FALSE,FALSE,FALSE,repeated_stratified_cv,Repeat05__Fold5,Repeat05,Fold5,10,46,ok,1.089058295561474,0.33333333333333337,0.4,0.22003780718336483,106.05998266565436,normalised_d13c_Breast|normalised_d15n_Breast
rung2,r2_b_breast_cnh,Rung 2 B: Breast-only C/N/H,ridge_glmnet_multinomial,breast_h_provisional_pending_triplicate_check,TRUE,TRUE,FALSE,FALSE,repeated_stratified_cv,Repeat05__Fold5,Repeat05,Fold5,10,46,ok,1.089058295561474,0.33333333333333337,0.4,0.22003780718336483,162.01386893299386,normalised_d13c_Breast|normalised_d15n_Breast|normalised_d2h_Breast
rung2,r2_c_breast_cnh_plus_paired_contrast,Rung 2 C: Breast C/N/H + paired contrasts,ridge_glmnet_multinomial,primary_h_provisional_pending_triplicate_check,TRUE,TRUE,TRUE,FALSE,repeated_stratified_cv,Repeat05__Fold5,Repeat05,Fold5,10,46,ok,0.7924476038189688,0.7777777777777778,0.8,0.15348571347059034,0.4276949871456927,normalised_d13c_Breast|normalised_d15n_Breast|normalised_d2h_Breast|abs_delta_d13c|abs_delta_d15n|abs_delta_d2h
rung2,r2_d_breast_cnh_plus_paired_distance,Rung 2 D: Breast C/N/H + paired distance,ridge_glmnet_multinomial,primary_h_provisional_pending_triplicate_check,FALSE,TRUE,TRUE,TRUE,repeated_stratified_cv,Repeat05__Fold5,Repeat05,Fold5,10,46,ok,1.089058295561474,0.33333333333333337,0.4,0.22003780718336483,162.01386893299386,normalised_d13c_Breast|normalised_d15n_Breast|normalised_d2h_Breast|paired_distance_cnh
rung2,r2_a_breast_cn,Rung 2 A: Breast-only C/N,ridge_glmnet_multinomial,baseline_cn_benchmark,TRUE,FALSE,FALSE,FALSE,repeated_stratified_cv,Repeat06__Fold1,Repeat06,Fold1,13,43,ok,1.0930723018494566,0.33333333333333337,0.38461538461538464,0.2209649013326677,156.23556701295496,normalised_d13c_Breast|normalised_d15n_Breast
rung2,r2_b_breast_cnh,Rung 2 B: Breast-only C/N/H,ridge_glmnet_multinomial,breast_h_provisional_pending_triplicate_check,TRUE,TRUE,FALSE,FALSE,repeated_stratified_cv,Repeat06__Fold1,Repeat06,Fold1,13,43,ok,1.0930723018494566,0.33333333333333337,0.38461538461538464,0.2209649013326677,156.23556701295496,normalised_d13c_Breast|normalised_d15n_Breast|normalised_d2h_Breast
rung2,r2_c_breast_cnh_plus_paired_contrast,Rung 2 C: Breast C/N/H + paired contrasts,ridge_glmnet_multinomial,primary_h_provisional_pending_triplicate_check,TRUE,TRUE,TRUE,FALSE,repeated_stratified_cv,Repeat06__Fold1,Repeat06,Fold1,13,43,ok,0.7314061483989083,0.75,0.7692307692307693,0.1376067610499456,0.23437043357346696,normalised_d13c_Breast|normalised_d15n_Breast|normalised_d2h_Breast|abs_delta_d13c|abs_delta_d15n|abs_delta_d2h
rung2,r2_d_breast_cnh_plus_paired_distance,Rung 2 D: Breast C/N/H + paired distance,ridge_glmnet_multinomial,primary_h_provisional_pending_triplicate_check,FALSE,TRUE,TRUE,TRUE,repeated_stratified_cv,Repeat06__Fold1,Repeat06,Fold1,13,43,ok,1.0930723018494566,0.33333333333333337,0.38461538461538464,0.2209649013326677,156.23556701295496,normalised_d13c_Breast|normalised_d15n_Breast|normalised_d2h_Breast|paired_distance_cnh
rung2,r2_a_breast_cn,Rung 2 A: Breast-only C/N,ridge_glmnet_multinomial,baseline_cn_benchmark,TRUE,FALSE,FALSE,FALSE,repeated_stratified_cv,Repeat06__Fold2,Repeat06,Fold2,13,43,ok,1.0930723018494566,0.33333333333333337,0.38461538461538464,0.22096490133266766,161.3317819285369,normalised_d13c_Breast|normalised_d15n_Breast
rung2,r2_b_breast_cnh,Rung 2 B: Breast-only C/N/H,ridge_glmnet_multinomial,breast_h_provisional_pending_triplicate_check,TRUE,TRUE,FALSE,FALSE,repeated_stratified_cv,Repeat06__Fold2,Repeat06,Fold2,13,43,ok,1.0930723018494566,0.33333333333333337,0.38461538461538464,0.22096490133266766,187.74963142685974,normalised_d13c_Breast|normalised_d15n_Breast|normalised_d2h_Breast
rung2,r2_c_breast_cnh_plus_paired_contrast,Rung 2 C: Breast C/N/H + paired contrasts,ridge_glmnet_multinomial,primary_h_provisional_pending_triplicate_check,TRUE,TRUE,TRUE,FALSE,repeated_stratified_cv,Repeat06__Fold2,Repeat06,Fold2,13,43,ok,0.8591088417942421,0.6666666666666666,0.6923076923076923,0.17122017750042512,0.21796616783335557,normalised_d13c_Breast|normalised_d15n_Breast|normalised_d2h_Breast|abs_delta_d13c|abs_delta_d15n|abs_delta_d2h
rung2,r2_d_breast_cnh_plus_paired_distance,Rung 2 D: Breast C/N/H + paired distance,ridge_glmnet_multinomial,primary_h_provisional_pending_triplicate_check,FALSE,TRUE,TRUE,TRUE,repeated_stratified_cv,Repeat06__Fold2,Repeat06,Fold2,13,43,ok,1.0930723018494566,0.33333333333333337,0.38461538461538464,0.22096490133266766,187.74963142685974,normalised_d13c_Breast|normalised_d15n_Breast|normalised_d2h_Breast|paired_distance_cnh
rung2,r2_a_breast_cn,Rung 2 A: Breast-only C/N,ridge_glmnet_multinomial,baseline_cn_benchmark,TRUE,FALSE,FALSE,FALSE,repeated_stratified_cv,Repeat06__Fold3,Repeat06,Fold3,10,46,ok,1.089058295561474,0.33333333333333337,0.4,0.22003780718336483,136.53581540698687,normalised_d13c_Breast|normalised_d15n_Breast
rung2,r2_b_breast_cnh,Rung 2 B: Breast-only C/N/H,ridge_glmnet_multinomial,breast_h_provisional_pending_triplicate_check,TRUE,TRUE,FALSE,FALSE,repeated_stratified_cv,Repeat06__Fold3,Repeat06,Fold3,10,46,ok,1.089058295561474,0.33333333333333337,0.4,0.22003780718336483,136.53581540698687,normalised_d13c_Breast|normalised_d15n_Breast|normalised_d2h_Breast
rung2,r2_c_breast_cnh_plus_paired_contrast,Rung 2 C: Breast C/N/H + paired contrasts,ridge_glmnet_multinomial,primary_h_provisional_pending_triplicate_check,TRUE,TRUE,TRUE,FALSE,repeated_stratified_cv,Repeat06__Fold3,Repeat06,Fold3,10,46,ok,0.9351935476415615,0.4444444444444444,0.5,0.1851612204313619,1.2979929437680502,normalised_d13c_Breast|normalised_d15n_Breast|normalised_d2h_Breast|abs_delta_d13c|abs_delta_d15n|abs_delta_d2h
rung2,r2_d_breast_cnh_plus_paired_distance,Rung 2 D: Breast C/N/H + paired distance,ridge_glmnet_multinomial,primary_h_provisional_pending_triplicate_check,FALSE,TRUE,TRUE,TRUE,repeated_stratified_cv,Repeat06__Fold3,Repeat06,Fold3,10,46,ok,1.089058295561474,0.33333333333333337,0.4,0.22003780718336483,136.53581540698687,normalised_d13c_Breast|normalised_d15n_Breast|normalised_d2h_Breast|paired_distance_cnh
rung2,r2_a_breast_cn,Rung 2 A: Breast-only C/N,ridge_glmnet_multinomial,baseline_cn_benchmark,TRUE,FALSE,FALSE,FALSE,repeated_stratified_cv,Repeat06__Fold4,Repeat06,Fold4,10,46,ok,1.1085028329645348,0.33333333333333337,0.4,0.22448055211475756,2.464090650973038,normalised_d13c_Breast|normalised_d15n_Breast
rung2,r2_b_breast_cnh,Rung 2 B: Breast-only C/N/H,ridge_glmnet_multinomial,breast_h_provisional_pending_triplicate_check,TRUE,TRUE,FALSE,FALSE,repeated_stratified_cv,Repeat06__Fold4,Repeat06,Fold4,10,46,ok,1.1369766598422097,0.08333333333333334,0.1,0.2323778104409371,0.8068785978398598,normalised_d13c_Breast|normalised_d15n_Breast|normalised_d2h_Breast
rung2,r2_c_breast_cnh_plus_paired_contrast,Rung 2 C: Breast C/N/H + paired contrasts,ridge_glmnet_multinomial,primary_h_provisional_pending_triplicate_check,TRUE,TRUE,TRUE,FALSE,repeated_stratified_cv,Repeat06__Fold4,Repeat06,Fold4,10,46,ok,1.0228697733482357,0.3611111111111111,0.4,0.20933533932781517,0.3555729413854018,normalised_d13c_Breast|normalised_d15n_Breast|normalised_d2h_Breast|abs_delta_d13c|abs_delta_d15n|abs_delta_d2h
rung2,r2_d_breast_cnh_plus_paired_distance,Rung 2 D: Breast C/N/H + paired distance,ridge_glmnet_multinomial,primary_h_provisional_pending_triplicate_check,FALSE,TRUE,TRUE,TRUE,repeated_stratified_cv,Repeat06__Fold4,Repeat06,Fold4,10,46,ok,1.089058295561474,0.33333333333333337,0.4,0.22003780718336483,235.2093927961164,normalised_d13c_Breast|normalised_d15n_Breast|normalised_d2h_Breast|paired_distance_cnh
rung2,r2_a_breast_cn,Rung 2 A: Breast-only C/N,ridge_glmnet_multinomial,baseline_cn_benchmark,TRUE,FALSE,FALSE,FALSE,repeated_stratified_cv,Repeat06__Fold5,Repeat06,Fold5,10,46,ok,1.089058295561474,0.33333333333333337,0.4,0.22003780718336483,162.67156414795892,normalised_d13c_Breast|normalised_d15n_Breast
rung2,r2_b_breast_cnh,Rung 2 B: Breast-only C/N/H,ridge_glmnet_multinomial,breast_h_provisional_pending_triplicate_check,TRUE,TRUE,FALSE,FALSE,repeated_stratified_cv,Repeat06__Fold5,Repeat06,Fold5,10,46,ok,1.089058295561474,0.33333333333333337,0.4,0.22003780718336483,162.67156414795892,normalised_d13c_Breast|normalised_d15n_Breast|normalised_d2h_Breast
rung2,r2_c_breast_cnh_plus_paired_contrast,Rung 2 C: Breast C/N/H + paired contrasts,ridge_glmnet_multinomial,primary_h_provisional_pending_triplicate_check,TRUE,TRUE,TRUE,FALSE,repeated_stratified_cv,Repeat06__Fold5,Repeat06,Fold5,10,46,ok,0.9673040371652666,0.4722222222222222,0.5,0.19549534429957807,0.5656688420503615,normalised_d13c_Breast|normalised_d15n_Breast|normalised_d2h_Breast|abs_delta_d13c|abs_delta_d15n|abs_delta_d2h
rung2,r2_d_breast_cnh_plus_paired_distance,Rung 2 D: Breast C/N/H + paired distance,ridge_glmnet_multinomial,primary_h_provisional_pending_triplicate_check,FALSE,TRUE,TRUE,TRUE,repeated_stratified_cv,Repeat06__Fold5,Repeat06,Fold5,10,46,ok,1.089058295561474,0.33333333333333337,0.4,0.22003780718336483,162.67156414795892,normalised_d13c_Breast|normalised_d15n_Breast|normalised_d2h_Breast|paired_distance_cnh
rung2,r2_a_breast_cn,Rung 2 A: Breast-only C/N,ridge_glmnet_multinomial,baseline_cn_benchmark,TRUE,FALSE,FALSE,FALSE,repeated_stratified_cv,Repeat07__Fold1,Repeat07,Fold1,13,43,ok,1.0930723018494566,0.33333333333333337,0.38461538461538464,0.2209649013326677,93.2063921147286,normalised_d13c_Breast|normalised_d15n_Breast
rung2,r2_b_breast_cnh,Rung 2 B: Breast-only C/N/H,ridge_glmnet_multinomial,breast_h_provisional_pending_triplicate_check,TRUE,TRUE,FALSE,FALSE,repeated_stratified_cv,Repeat07__Fold1,Repeat07,Fold1,13,43,ok,1.0930723018494566,0.33333333333333337,0.38461538461538464,0.2209649013326677,143.36612211620601,normalised_d13c_Breast|normalised_d15n_Breast|normalised_d2h_Breast
rung2,r2_c_breast_cnh_plus_paired_contrast,Rung 2 C: Breast C/N/H + paired contrasts,ridge_glmnet_multinomial,primary_h_provisional_pending_triplicate_check,TRUE,TRUE,TRUE,FALSE,repeated_stratified_cv,Repeat07__Fold1,Repeat07,Fold1,13,43,ok,0.8679556211169274,0.75,0.7692307692307693,0.17143015499116263,0.73237840179454,normalised_d13c_Breast|normalised_d15n_Breast|normalised_d2h_Breast|abs_delta_d13c|abs_delta_d15n|abs_delta_d2h
rung2,r2_d_breast_cnh_plus_paired_distance,Rung 2 D: Breast C/N/H + paired distance,ridge_glmnet_multinomial,primary_h_provisional_pending_triplicate_check,FALSE,TRUE,TRUE,TRUE,repeated_stratified_cv,Repeat07__Fold1,Repeat07,Fold1,13,43,ok,1.0930723018494566,0.33333333333333337,0.38461538461538464,0.2209649013326677,176.6310561263113,normalised_d13c_Breast|normalised_d15n_Breast|normalised_d2h_Breast|paired_distance_cnh
rung2,r2_a_breast_cn,Rung 2 A: Breast-only C/N,ridge_glmnet_multinomial,baseline_cn_benchmark,TRUE,FALSE,FALSE,FALSE,repeated_stratified_cv,Repeat07__Fold2,Repeat07,Fold2,13,43,ok,1.1328363090475633,0.33333333333333337,0.38461538461538464,0.22949000998439764,2.9470535485476166,normalised_d13c_Breast|normalised_d15n_Breast
rung2,r2_b_breast_cnh,Rung 2 B: Breast-only C/N/H,ridge_glmnet_multinomial,breast_h_provisional_pending_triplicate_check,TRUE,TRUE,FALSE,FALSE,repeated_stratified_cv,Repeat07__Fold2,Repeat07,Fold2,13,43,ok,1.094518566912051,0.33333333333333337,0.38461538461538464,0.22129373128873997,76.47675310772568,normalised_d13c_Breast|normalised_d15n_Breast|normalised_d2h_Breast
rung2,r2_c_breast_cnh_plus_paired_contrast,Rung 2 C: Breast C/N/H + paired contrasts,ridge_glmnet_multinomial,primary_h_provisional_pending_triplicate_check,TRUE,TRUE,TRUE,FALSE,repeated_stratified_cv,Repeat07__Fold2,Repeat07,Fold2,13,43,ok,1.1291923915294677,0.33333333333333337,0.38461538461538464,0.22842648659592232,0.8582121803719905,normalised_d13c_Breast|normalised_d15n_Breast|normalised_d2h_Breast|abs_delta_d13c|abs_delta_d15n|abs_delta_d2h
rung2,r2_d_breast_cnh_plus_paired_distance,Rung 2 D: Breast C/N/H + paired distance,ridge_glmnet_multinomial,primary_h_provisional_pending_triplicate_check,FALSE,TRUE,TRUE,TRUE,repeated_stratified_cv,Repeat07__Fold2,Repeat07,Fold2,13,43,ok,1.1467518951450577,0.33333333333333337,0.38461538461538464,0.23324344500003868,1.8508355179570863,normalised_d13c_Breast|normalised_d15n_Breast|normalised_d2h_Breast|paired_distance_cnh
rung2,r2_a_breast_cn,Rung 2 A: Breast-only C/N,ridge_glmnet_multinomial,baseline_cn_benchmark,TRUE,FALSE,FALSE,FALSE,repeated_stratified_cv,Repeat07__Fold3,Repeat07,Fold3,10,46,ok,1.0890582955614738,0.33333333333333337,0.4,0.22003780718336483,172.27666509608747,normalised_d13c_Breast|normalised_d15n_Breast
rung2,r2_b_breast_cnh,Rung 2 B: Breast-only C/N/H,ridge_glmnet_multinomial,breast_h_provisional_pending_triplicate_check,TRUE,TRUE,FALSE,FALSE,repeated_stratified_cv,Repeat07__Fold3,Repeat07,Fold3,10,46,ok,1.155106344308314,0.3055555555555555,0.3,0.23632595645659626,0.6184152285206774,normalised_d13c_Breast|normalised_d15n_Breast|normalised_d2h_Breast
rung2,r2_c_breast_cnh_plus_paired_contrast,Rung 2 C: Breast C/N/H + paired contrasts,ridge_glmnet_multinomial,primary_h_provisional_pending_triplicate_check,TRUE,TRUE,TRUE,FALSE,repeated_stratified_cv,Repeat07__Fold3,Repeat07,Fold3,10,46,ok,0.9421489151365414,0.6666666666666666,0.7,0.1897748923492895,0.43684016487360583,normalised_d13c_Breast|normalised_d15n_Breast|normalised_d2h_Breast|abs_delta_d13c|abs_delta_d15n|abs_delta_d2h
rung2,r2_d_breast_cnh_plus_paired_distance,Rung 2 D: Breast C/N/H + paired distance,ridge_glmnet_multinomial,primary_h_provisional_pending_triplicate_check,FALSE,TRUE,TRUE,TRUE,repeated_stratified_cv,Repeat07__Fold3,Repeat07,Fold3,10,46,ok,1.0890582955614738,0.33333333333333337,0.4,0.22003780718336483,197.84755181196635,normalised_d13c_Breast|normalised_d15n_Breast|normalised_d2h_Breast|paired_distance_cnh
rung2,r2_a_breast_cn,Rung 2 A: Breast-only C/N,ridge_glmnet_multinomial,baseline_cn_benchmark,TRUE,FALSE,FALSE,FALSE,repeated_stratified_cv,Repeat07__Fold4,Repeat07,Fold4,10,46,ok,1.089058295561474,0.33333333333333337,0.4,0.22003780718336483,167.80104102990293,normalised_d13c_Breast|normalised_d15n_Breast
rung2,r2_b_breast_cnh,Rung 2 B: Breast-only C/N/H,ridge_glmnet_multinomial,breast_h_provisional_pending_triplicate_check,TRUE,TRUE,FALSE,FALSE,repeated_stratified_cv,Repeat07__Fold4,Repeat07,Fold4,10,46,ok,1.089058295561474,0.33333333333333337,0.4,0.22003780718336483,167.80104102990293,normalised_d13c_Breast|normalised_d15n_Breast|normalised_d2h_Breast
rung2,r2_c_breast_cnh_plus_paired_contrast,Rung 2 C: Breast C/N/H + paired contrasts,ridge_glmnet_multinomial,primary_h_provisional_pending_triplicate_check,TRUE,TRUE,TRUE,FALSE,repeated_stratified_cv,Repeat07__Fold4,Repeat07,Fold4,10,46,ok,0.8414056740520895,0.6666666666666666,0.7,0.16647899564441646,0.39993845066551326,normalised_d13c_Breast|normalised_d15n_Breast|normalised_d2h_Breast|abs_delta_d13c|abs_delta_d15n|abs_delta_d2h
rung2,r2_d_breast_cnh_plus_paired_distance,Rung 2 D: Breast C/N/H + paired distance,ridge_glmnet_multinomial,primary_h_provisional_pending_triplicate_check,FALSE,TRUE,TRUE,TRUE,repeated_stratified_cv,Repeat07__Fold4,Repeat07,Fold4,10,46,ok,1.089058295561474,0.33333333333333337,0.4,0.22003780718336483,167.80104102990293,normalised_d13c_Breast|normalised_d15n_Breast|normalised_d2h_Breast|paired_distance_cnh
rung2,r2_a_breast_cn,Rung 2 A: Breast-only C/N,ridge_glmnet_multinomial,baseline_cn_benchmark,TRUE,FALSE,FALSE,FALSE,repeated_stratified_cv,Repeat07__Fold5,Repeat07,Fold5,10,46,ok,1.089058295561474,0.33333333333333337,0.4,0.22003780718336483,187.3071096327964,normalised_d13c_Breast|normalised_d15n_Breast
rung2,r2_b_breast_cnh,Rung 2 B: Breast-only C/N/H,ridge_glmnet_multinomial,breast_h_provisional_pending_triplicate_check,TRUE,TRUE,FALSE,FALSE,repeated_stratified_cv,Repeat07__Fold5,Repeat07,Fold5,10,46,ok,1.089058295561474,0.33333333333333337,0.4,0.22003780718336483,187.3071096327964,normalised_d13c_Breast|normalised_d15n_Breast|normalised_d2h_Breast
rung2,r2_c_breast_cnh_plus_paired_contrast,Rung 2 C: Breast C/N/H + paired contrasts,ridge_glmnet_multinomial,primary_h_provisional_pending_triplicate_check,TRUE,TRUE,TRUE,FALSE,repeated_stratified_cv,Repeat07__Fold5,Repeat07,Fold5,10,46,ok,1.0018410190646332,0.3888888888888889,0.4,0.20397449138435172,0.23457055222089426,normalised_d13c_Breast|normalised_d15n_Breast|normalised_d2h_Breast|abs_delta_d13c|abs_delta_d15n|abs_delta_d2h
rung2,r2_d_breast_cnh_plus_paired_distance,Rung 2 D: Breast C/N/H + paired distance,ridge_glmnet_multinomial,primary_h_provisional_pending_triplicate_check,FALSE,TRUE,TRUE,TRUE,repeated_stratified_cv,Repeat07__Fold5,Repeat07,Fold5,10,46,ok,1.089058295561474,0.33333333333333337,0.4,0.22003780718336483,187.3071096327964,normalised_d13c_Breast|normalised_d15n_Breast|normalised_d2h_Breast|paired_distance_cnh
rung2,r2_a_breast_cn,Rung 2 A: Breast-only C/N,ridge_glmnet_multinomial,baseline_cn_benchmark,TRUE,FALSE,FALSE,FALSE,repeated_stratified_cv,Repeat08__Fold1,Repeat08,Fold1,13,43,ok,1.0930723018494566,0.33333333333333337,0.38461538461538464,0.2209649013326677,209.31920094768756,normalised_d13c_Breast|normalised_d15n_Breast
rung2,r2_b_breast_cnh,Rung 2 B: Breast-only C/N/H,ridge_glmnet_multinomial,breast_h_provisional_pending_triplicate_check,TRUE,TRUE,FALSE,FALSE,repeated_stratified_cv,Repeat08__Fold1,Repeat08,Fold1,13,43,ok,1.0930723018494566,0.33333333333333337,0.38461538461538464,0.2209649013326677,209.31920094768756,normalised_d13c_Breast|normalised_d15n_Breast|normalised_d2h_Breast
rung2,r2_c_breast_cnh_plus_paired_contrast,Rung 2 C: Breast C/N/H + paired contrasts,ridge_glmnet_multinomial,primary_h_provisional_pending_triplicate_check,TRUE,TRUE,TRUE,FALSE,repeated_stratified_cv,Repeat08__Fold1,Repeat08,Fold1,13,43,ok,1.0422397869342288,0.41666666666666663,0.46153846153846156,0.20870771585993586,0.5907921138759226,normalised_d13c_Breast|normalised_d15n_Breast|normalised_d2h_Breast|abs_delta_d13c|abs_delta_d15n|abs_delta_d2h
rung2,r2_d_breast_cnh_plus_paired_distance,Rung 2 D: Breast C/N/H + paired distance,ridge_glmnet_multinomial,primary_h_provisional_pending_triplicate_check,FALSE,TRUE,TRUE,TRUE,repeated_stratified_cv,Repeat08__Fold1,Repeat08,Fold1,13,43,ok,1.0930723018494566,0.33333333333333337,0.38461538461538464,0.2209649013326677,209.31920094768756,normalised_d13c_Breast|normalised_d15n_Breast|normalised_d2h_Breast|paired_distance_cnh
rung2,r2_a_breast_cn,Rung 2 A: Breast-only C/N,ridge_glmnet_multinomial,baseline_cn_benchmark,TRUE,FALSE,FALSE,FALSE,repeated_stratified_cv,Repeat08__Fold2,Repeat08,Fold2,13,43,ok,1.0930723018494566,0.33333333333333337,0.38461538461538464,0.2209649013326677,93.89595100579487,normalised_d13c_Breast|normalised_d15n_Breast
rung2,r2_b_breast_cnh,Rung 2 B: Breast-only C/N/H,ridge_glmnet_multinomial,breast_h_provisional_pending_triplicate_check,TRUE,TRUE,FALSE,FALSE,repeated_stratified_cv,Repeat08__Fold2,Repeat08,Fold2,13,43,ok,1.0930723018494566,0.33333333333333337,0.38461538461538464,0.2209649013326677,149.88863266725022,normalised_d13c_Breast|normalised_d15n_Breast|normalised_d2h_Breast
rung2,r2_c_breast_cnh_plus_paired_contrast,Rung 2 C: Breast C/N/H + paired contrasts,ridge_glmnet_multinomial,primary_h_provisional_pending_triplicate_check,TRUE,TRUE,TRUE,FALSE,repeated_stratified_cv,Repeat08__Fold2,Repeat08,Fold2,13,43,ok,0.960317663498919,0.5,0.5384615384615384,0.19146557042571533,1.6349440675075773,normalised_d13c_Breast|normalised_d15n_Breast|normalised_d2h_Breast|abs_delta_d13c|abs_delta_d15n|abs_delta_d2h
rung2,r2_d_breast_cnh_plus_paired_distance,Rung 2 D: Breast C/N/H + paired distance,ridge_glmnet_multinomial,primary_h_provisional_pending_triplicate_check,FALSE,TRUE,TRUE,TRUE,repeated_stratified_cv,Repeat08__Fold2,Repeat08,Fold2,13,43,ok,1.0930723018494566,0.33333333333333337,0.38461538461538464,0.2209649013326677,155.22850691998062,normalised_d13c_Breast|normalised_d15n_Breast|normalised_d2h_Breast|paired_distance_cnh
rung2,r2_a_breast_cn,Rung 2 A: Breast-only C/N,ridge_glmnet_multinomial,baseline_cn_benchmark,TRUE,FALSE,FALSE,FALSE,repeated_stratified_cv,Repeat08__Fold3,Repeat08,Fold3,10,46,ok,1.0890582955614738,0.33333333333333337,0.4,0.22003780718336483,146.39757114132112,normalised_d13c_Breast|normalised_d15n_Breast
rung2,r2_b_breast_cnh,Rung 2 B: Breast-only C/N/H,ridge_glmnet_multinomial,breast_h_provisional_pending_triplicate_check,TRUE,TRUE,FALSE,FALSE,repeated_stratified_cv,Repeat08__Fold3,Repeat08,Fold3,10,46,ok,1.0890582955614738,0.33333333333333337,0.4,0.22003780718336483,146.39757114132112,normalised_d13c_Breast|normalised_d15n_Breast|normalised_d2h_Breast
rung2,r2_c_breast_cnh_plus_paired_contrast,Rung 2 C: Breast C/N/H + paired contrasts,ridge_glmnet_multinomial,primary_h_provisional_pending_triplicate_check,TRUE,TRUE,TRUE,FALSE,repeated_stratified_cv,Repeat08__Fold3,Repeat08,Fold3,10,46,ok,0.7594548837624516,0.7777777777777778,0.8,0.14741281648739124,0.22500578325226103,normalised_d13c_Breast|normalised_d15n_Breast|normalised_d2h_Breast|abs_delta_d13c|abs_delta_d15n|abs_delta_d2h
rung2,r2_d_breast_cnh_plus_paired_distance,Rung 2 D: Breast C/N/H + paired distance,ridge_glmnet_multinomial,primary_h_provisional_pending_triplicate_check,FALSE,TRUE,TRUE,TRUE,repeated_stratified_cv,Repeat08__Fold3,Repeat08,Fold3,10,46,ok,1.0890582955614738,0.33333333333333337,0.4,0.22003780718336483,146.39757114132112,normalised_d13c_Breast|normalised_d15n_Breast|normalised_d2h_Breast|paired_distance_cnh
rung2,r2_a_breast_cn,Rung 2 A: Breast-only C/N,ridge_glmnet_multinomial,baseline_cn_benchmark,TRUE,FALSE,FALSE,FALSE,repeated_stratified_cv,Repeat08__Fold4,Repeat08,Fold4,10,46,ok,1.0890582955614738,0.33333333333333337,0.4,0.22003780718336483,181.96473312054903,normalised_d13c_Breast|normalised_d15n_Breast
rung2,r2_b_breast_cnh,Rung 2 B: Breast-only C/N/H,ridge_glmnet_multinomial,breast_h_provisional_pending_triplicate_check,TRUE,TRUE,FALSE,FALSE,repeated_stratified_cv,Repeat08__Fold4,Repeat08,Fold4,10,46,ok,1.0890582955614738,0.33333333333333337,0.4,0.22003780718336483,181.96473312054903,normalised_d13c_Breast|normalised_d15n_Breast|normalised_d2h_Breast
rung2,r2_c_breast_cnh_plus_paired_contrast,Rung 2 C: Breast C/N/H + paired contrasts,ridge_glmnet_multinomial,primary_h_provisional_pending_triplicate_check,TRUE,TRUE,TRUE,FALSE,repeated_stratified_cv,Repeat08__Fold4,Repeat08,Fold4,10,46,ok,0.9014227158013333,0.5555555555555556,0.6,0.1770422487964328,0.30191600967148874,normalised_d13c_Breast|normalised_d15n_Breast|normalised_d2h_Breast|abs_delta_d13c|abs_delta_d15n|abs_delta_d2h
rung2,r2_d_breast_cnh_plus_paired_distance,Rung 2 D: Breast C/N/H + paired distance,ridge_glmnet_multinomial,primary_h_provisional_pending_triplicate_check,FALSE,TRUE,TRUE,TRUE,repeated_stratified_cv,Repeat08__Fold4,Repeat08,Fold4,10,46,ok,1.0747571044758821,0.33333333333333337,0.4,0.21719875710499392,1.7369415516710274,normalised_d13c_Breast|normalised_d15n_Breast|normalised_d2h_Breast|paired_distance_cnh
rung2,r2_a_breast_cn,Rung 2 A: Breast-only C/N,ridge_glmnet_multinomial,baseline_cn_benchmark,TRUE,FALSE,FALSE,FALSE,repeated_stratified_cv,Repeat08__Fold5,Repeat08,Fold5,10,46,ok,1.099212243645491,0.33333333333333337,0.4,0.22265346327566565,1.7968368502122531,normalised_d13c_Breast|normalised_d15n_Breast
rung2,r2_b_breast_cnh,Rung 2 B: Breast-only C/N/H,ridge_glmnet_multinomial,breast_h_provisional_pending_triplicate_check,TRUE,TRUE,FALSE,FALSE,repeated_stratified_cv,Repeat08__Fold5,Repeat08,Fold5,10,46,ok,1.132837138158001,0.2777777777777778,0.3,0.23020928760859485,0.8536430767629155,normalised_d13c_Breast|normalised_d15n_Breast|normalised_d2h_Breast
rung2,r2_c_breast_cnh_plus_paired_contrast,Rung 2 C: Breast C/N/H + paired contrasts,ridge_glmnet_multinomial,primary_h_provisional_pending_triplicate_check,TRUE,TRUE,TRUE,FALSE,repeated_stratified_cv,Repeat08__Fold5,Repeat08,Fold5,10,46,ok,1.0099681352354848,0.5,0.5,0.21183289713942077,0.1885466784159368,normalised_d13c_Breast|normalised_d15n_Breast|normalised_d2h_Breast|abs_delta_d13c|abs_delta_d15n|abs_delta_d2h
rung2,r2_d_breast_cnh_plus_paired_distance,Rung 2 D: Breast C/N/H + paired distance,ridge_glmnet_multinomial,primary_h_provisional_pending_triplicate_check,FALSE,TRUE,TRUE,TRUE,repeated_stratified_cv,Repeat08__Fold5,Repeat08,Fold5,10,46,ok,1.1308758558838725,0.16666666666666669,0.2,0.2300539680259825,1.2384899423314562,normalised_d13c_Breast|normalised_d15n_Breast|normalised_d2h_Breast|paired_distance_cnh
rung2,r2_a_breast_cn,Rung 2 A: Breast-only C/N,ridge_glmnet_multinomial,baseline_cn_benchmark,TRUE,FALSE,FALSE,FALSE,repeated_stratified_cv,Repeat09__Fold1,Repeat09,Fold1,13,43,ok,1.0880899829556745,0.33333333333333337,0.38461538461538464,0.2199431564061223,5.309054347467024,normalised_d13c_Breast|normalised_d15n_Breast
rung2,r2_b_breast_cnh,Rung 2 B: Breast-only C/N/H,ridge_glmnet_multinomial,breast_h_provisional_pending_triplicate_check,TRUE,TRUE,FALSE,FALSE,repeated_stratified_cv,Repeat09__Fold1,Repeat09,Fold1,13,43,ok,1.0930723018494566,0.33333333333333337,0.38461538461538464,0.2209649013326677,182.12547878362295,normalised_d13c_Breast|normalised_d15n_Breast|normalised_d2h_Breast
rung2,r2_c_breast_cnh_plus_paired_contrast,Rung 2 C: Breast C/N/H + paired contrasts,ridge_glmnet_multinomial,primary_h_provisional_pending_triplicate_check,TRUE,TRUE,TRUE,FALSE,repeated_stratified_cv,Repeat09__Fold1,Repeat09,Fold1,13,43,ok,0.912888249273544,0.5166666666666667,0.5384615384615384,0.18268728954326136,0.4715221123599068,normalised_d13c_Breast|normalised_d15n_Breast|normalised_d2h_Breast|abs_delta_d13c|abs_delta_d15n|abs_delta_d2h
rung2,r2_d_breast_cnh_plus_paired_distance,Rung 2 D: Breast C/N/H + paired distance,ridge_glmnet_multinomial,primary_h_provisional_pending_triplicate_check,FALSE,TRUE,TRUE,TRUE,repeated_stratified_cv,Repeat09__Fold1,Repeat09,Fold1,13,43,ok,1.0930723018494566,0.33333333333333337,0.38461538461538464,0.2209649013326677,182.12547878362295,normalised_d13c_Breast|normalised_d15n_Breast|normalised_d2h_Breast|paired_distance_cnh
rung2,r2_a_breast_cn,Rung 2 A: Breast-only C/N,ridge_glmnet_multinomial,baseline_cn_benchmark,TRUE,FALSE,FALSE,FALSE,repeated_stratified_cv,Repeat09__Fold2,Repeat09,Fold2,13,43,ok,1.0930723018494566,0.33333333333333337,0.38461538461538464,0.2209649013326677,146.83282824879544,normalised_d13c_Breast|normalised_d15n_Breast
rung2,r2_b_breast_cnh,Rung 2 B: Breast-only C/N/H,ridge_glmnet_multinomial,breast_h_provisional_pending_triplicate_check,TRUE,TRUE,FALSE,FALSE,repeated_stratified_cv,Repeat09__Fold2,Repeat09,Fold2,13,43,ok,1.0930723018494566,0.33333333333333337,0.38461538461538464,0.2209649013326677,207.71022897924715,normalised_d13c_Breast|normalised_d15n_Breast|normalised_d2h_Breast
rung2,r2_c_breast_cnh_plus_paired_contrast,Rung 2 C: Breast C/N/H + paired contrasts,ridge_glmnet_multinomial,primary_h_provisional_pending_triplicate_check,TRUE,TRUE,TRUE,FALSE,repeated_stratified_cv,Repeat09__Fold2,Repeat09,Fold2,13,43,ok,1.0930723018494566,0.33333333333333337,0.38461538461538464,0.2209649013326677,373.80227306737,normalised_d13c_Breast|normalised_d15n_Breast|normalised_d2h_Breast|abs_delta_d13c|abs_delta_d15n|abs_delta_d2h
rung2,r2_d_breast_cnh_plus_paired_distance,Rung 2 D: Breast C/N/H + paired distance,ridge_glmnet_multinomial,primary_h_provisional_pending_triplicate_check,FALSE,TRUE,TRUE,TRUE,repeated_stratified_cv,Repeat09__Fold2,Repeat09,Fold2,13,43,ok,1.0930723018494566,0.33333333333333337,0.38461538461538464,0.2209649013326677,207.71022897924715,normalised_d13c_Breast|normalised_d15n_Breast|normalised_d2h_Breast|paired_distance_cnh
rung2,r2_a_breast_cn,Rung 2 A: Breast-only C/N,ridge_glmnet_multinomial,baseline_cn_benchmark,TRUE,FALSE,FALSE,FALSE,repeated_stratified_cv,Repeat09__Fold3,Repeat09,Fold3,10,46,ok,1.089058295561474,0.33333333333333337,0.4,0.22003780718336483,156.49161721462616,normalised_d13c_Breast|normalised_d15n_Breast
rung2,r2_b_breast_cnh,Rung 2 B: Breast-only C/N/H,ridge_glmnet_multinomial,breast_h_provisional_pending_triplicate_check,TRUE,TRUE,FALSE,FALSE,repeated_stratified_cv,Repeat09__Fold3,Repeat09,Fold3,10,46,ok,1.0833319785378503,0.33333333333333337,0.4,0.2188699497256143,6.377079720462808,normalised_d13c_Breast|normalised_d15n_Breast|normalised_d2h_Breast
rung2,r2_c_breast_cnh_plus_paired_contrast,Rung 2 C: Breast C/N/H + paired contrasts,ridge_glmnet_multinomial,primary_h_provisional_pending_triplicate_check,TRUE,TRUE,TRUE,FALSE,repeated_stratified_cv,Repeat09__Fold3,Repeat09,Fold3,10,46,ok,0.9039677891585062,0.5555555555555556,0.6,0.18092413307872296,0.3258547555572432,normalised_d13c_Breast|normalised_d15n_Breast|normalised_d2h_Breast|abs_delta_d13c|abs_delta_d15n|abs_delta_d2h
rung2,r2_d_breast_cnh_plus_paired_distance,Rung 2 D: Breast C/N/H + paired distance,ridge_glmnet_multinomial,primary_h_provisional_pending_triplicate_check,FALSE,TRUE,TRUE,TRUE,repeated_stratified_cv,Repeat09__Fold3,Repeat09,Fold3,10,46,ok,1.089058295561474,0.33333333333333337,0.4,0.22003780718336483,165.48676272627227,normalised_d13c_Breast|normalised_d15n_Breast|normalised_d2h_Breast|paired_distance_cnh
rung2,r2_a_breast_cn,Rung 2 A: Breast-only C/N,ridge_glmnet_multinomial,baseline_cn_benchmark,TRUE,FALSE,FALSE,FALSE,repeated_stratified_cv,Repeat09__Fold4,Repeat09,Fold4,10,46,ok,1.089058295561474,0.33333333333333337,0.4,0.22003780718336483,232.95887632240155,normalised_d13c_Breast|normalised_d15n_Breast
rung2,r2_b_breast_cnh,Rung 2 B: Breast-only C/N/H,ridge_glmnet_multinomial,breast_h_provisional_pending_triplicate_check,TRUE,TRUE,FALSE,FALSE,repeated_stratified_cv,Repeat09__Fold4,Repeat09,Fold4,10,46,ok,1.089058295561474,0.33333333333333337,0.4,0.22003780718336483,232.95887632240155,normalised_d13c_Breast|normalised_d15n_Breast|normalised_d2h_Breast
rung2,r2_c_breast_cnh_plus_paired_contrast,Rung 2 C: Breast C/N/H + paired contrasts,ridge_glmnet_multinomial,primary_h_provisional_pending_triplicate_check,TRUE,TRUE,TRUE,FALSE,repeated_stratified_cv,Repeat09__Fold4,Repeat09,Fold4,10,46,ok,1.1114400330858074,0.33333333333333337,0.4,0.2249343657873038,0.5530956424960043,normalised_d13c_Breast|normalised_d15n_Breast|normalised_d2h_Breast|abs_delta_d13c|abs_delta_d15n|abs_delta_d2h
rung2,r2_d_breast_cnh_plus_paired_distance,Rung 2 D: Breast C/N/H + paired distance,ridge_glmnet_multinomial,primary_h_provisional_pending_triplicate_check,FALSE,TRUE,TRUE,TRUE,repeated_stratified_cv,Repeat09__Fold4,Repeat09,Fold4,10,46,ok,1.089058295561474,0.33333333333333337,0.4,0.22003780718336483,232.95887632240155,normalised_d13c_Breast|normalised_d15n_Breast|normalised_d2h_Breast|paired_distance_cnh
rung2,r2_a_breast_cn,Rung 2 A: Breast-only C/N,ridge_glmnet_multinomial,baseline_cn_benchmark,TRUE,FALSE,FALSE,FALSE,repeated_stratified_cv,Repeat09__Fold5,Repeat09,Fold5,10,46,ok,1.089058295561474,0.33333333333333337,0.4,0.22003780718336483,141.39882312220257,normalised_d13c_Breast|normalised_d15n_Breast
rung2,r2_b_breast_cnh,Rung 2 B: Breast-only C/N/H,ridge_glmnet_multinomial,breast_h_provisional_pending_triplicate_check,TRUE,TRUE,FALSE,FALSE,repeated_stratified_cv,Repeat09__Fold5,Repeat09,Fold5,10,46,ok,1.089058295561474,0.33333333333333337,0.4,0.22003780718336483,141.39882312220257,normalised_d13c_Breast|normalised_d15n_Breast|normalised_d2h_Breast
rung2,r2_c_breast_cnh_plus_paired_contrast,Rung 2 C: Breast C/N/H + paired contrasts,ridge_glmnet_multinomial,primary_h_provisional_pending_triplicate_check,TRUE,TRUE,TRUE,FALSE,repeated_stratified_cv,Repeat09__Fold5,Repeat09,Fold5,10,46,ok,0.9566135234019045,0.6666666666666666,0.7,0.1897139274877455,1.386448720368013,normalised_d13c_Breast|normalised_d15n_Breast|normalised_d2h_Breast|abs_delta_d13c|abs_delta_d15n|abs_delta_d2h
rung2,r2_d_breast_cnh_plus_paired_distance,Rung 2 D: Breast C/N/H + paired distance,ridge_glmnet_multinomial,primary_h_provisional_pending_triplicate_check,FALSE,TRUE,TRUE,TRUE,repeated_stratified_cv,Repeat09__Fold5,Repeat09,Fold5,10,46,ok,1.089058295561474,0.33333333333333337,0.4,0.22003780718336483,141.39882312220257,normalised_d13c_Breast|normalised_d15n_Breast|normalised_d2h_Breast|paired_distance_cnh
rung2,r2_a_breast_cn,Rung 2 A: Breast-only C/N,ridge_glmnet_multinomial,baseline_cn_benchmark,TRUE,FALSE,FALSE,FALSE,repeated_stratified_cv,Repeat10__Fold1,Repeat10,Fold1,13,43,ok,1.0930723018494566,0.33333333333333337,0.38461538461538464,0.2209649013326677,168.68057290043384,normalised_d13c_Breast|normalised_d15n_Breast
rung2,r2_b_breast_cnh,Rung 2 B: Breast-only C/N/H,ridge_glmnet_multinomial,breast_h_provisional_pending_triplicate_check,TRUE,TRUE,FALSE,FALSE,repeated_stratified_cv,Repeat10__Fold1,Repeat10,Fold1,13,43,ok,1.0930723018494566,0.33333333333333337,0.38461538461538464,0.2209649013326677,201.33829591257611,normalised_d13c_Breast|normalised_d15n_Breast|normalised_d2h_Breast
rung2,r2_c_breast_cnh_plus_paired_contrast,Rung 2 C: Breast C/N/H + paired contrasts,ridge_glmnet_multinomial,primary_h_provisional_pending_triplicate_check,TRUE,TRUE,TRUE,FALSE,repeated_stratified_cv,Repeat10__Fold1,Repeat10,Fold1,13,43,ok,0.8779166456584101,0.6666666666666666,0.6923076923076923,0.17059740058961678,0.4272082697944547,normalised_d13c_Breast|normalised_d15n_Breast|normalised_d2h_Breast|abs_delta_d13c|abs_delta_d15n|abs_delta_d2h
rung2,r2_d_breast_cnh_plus_paired_distance,Rung 2 D: Breast C/N/H + paired distance,ridge_glmnet_multinomial,primary_h_provisional_pending_triplicate_check,FALSE,TRUE,TRUE,TRUE,repeated_stratified_cv,Repeat10__Fold1,Repeat10,Fold1,13,43,ok,1.09014480078393,0.33333333333333337,0.38461538461538464,0.2202965350279927,6.441349936932307,normalised_d13c_Breast|normalised_d15n_Breast|normalised_d2h_Breast|paired_distance_cnh
rung2,r2_a_breast_cn,Rung 2 A: Breast-only C/N,ridge_glmnet_multinomial,baseline_cn_benchmark,TRUE,FALSE,FALSE,FALSE,repeated_stratified_cv,Repeat10__Fold2,Repeat10,Fold2,13,43,ok,1.0930723018494566,0.33333333333333337,0.38461538461538464,0.2209649013326677,204.41483567127284,normalised_d13c_Breast|normalised_d15n_Breast
rung2,r2_b_breast_cnh,Rung 2 B: Breast-only C/N/H,ridge_glmnet_multinomial,breast_h_provisional_pending_triplicate_check,TRUE,TRUE,FALSE,FALSE,repeated_stratified_cv,Repeat10__Fold2,Repeat10,Fold2,13,43,ok,1.0930723018494566,0.33333333333333337,0.38461538461538464,0.2209649013326677,204.41483567127284,normalised_d13c_Breast|normalised_d15n_Breast|normalised_d2h_Breast
rung2,r2_c_breast_cnh_plus_paired_contrast,Rung 2 C: Breast C/N/H + paired contrasts,ridge_glmnet_multinomial,primary_h_provisional_pending_triplicate_check,TRUE,TRUE,TRUE,FALSE,repeated_stratified_cv,Repeat10__Fold2,Repeat10,Fold2,13,43,ok,0.9649695399024832,0.5333333333333333,0.5384615384615384,0.19272541636330917,0.6708644841278298,normalised_d13c_Breast|normalised_d15n_Breast|normalised_d2h_Breast|abs_delta_d13c|abs_delta_d15n|abs_delta_d2h
rung2,r2_d_breast_cnh_plus_paired_distance,Rung 2 D: Breast C/N/H + paired distance,ridge_glmnet_multinomial,primary_h_provisional_pending_triplicate_check,FALSE,TRUE,TRUE,TRUE,repeated_stratified_cv,Repeat10__Fold2,Repeat10,Fold2,13,43,ok,1.0930723018494566,0.33333333333333337,0.38461538461538464,0.2209649013326677,204.41483567127284,normalised_d13c_Breast|normalised_d15n_Breast|normalised_d2h_Breast|paired_distance_cnh
rung2,r2_a_breast_cn,Rung 2 A: Breast-only C/N,ridge_glmnet_multinomial,baseline_cn_benchmark,TRUE,FALSE,FALSE,FALSE,repeated_stratified_cv,Repeat10__Fold3,Repeat10,Fold3,10,46,ok,1.089058295561474,0.33333333333333337,0.4,0.22003780718336483,151.70272271309608,normalised_d13c_Breast|normalised_d15n_Breast
rung2,r2_b_breast_cnh,Rung 2 B: Breast-only C/N/H,ridge_glmnet_multinomial,breast_h_provisional_pending_triplicate_check,TRUE,TRUE,FALSE,FALSE,repeated_stratified_cv,Repeat10__Fold3,Repeat10,Fold3,10,46,ok,1.089058295561474,0.33333333333333337,0.4,0.22003780718336483,151.70272271309608,normalised_d13c_Breast|normalised_d15n_Breast|normalised_d2h_Breast
rung2,r2_c_breast_cnh_plus_paired_contrast,Rung 2 C: Breast C/N/H + paired contrasts,ridge_glmnet_multinomial,primary_h_provisional_pending_triplicate_check,TRUE,TRUE,TRUE,FALSE,repeated_stratified_cv,Repeat10__Fold3,Repeat10,Fold3,10,46,ok,0.9139156778940595,0.5555555555555556,0.6,0.18839466095641433,0.1999345801512599,normalised_d13c_Breast|normalised_d15n_Breast|normalised_d2h_Breast|abs_delta_d13c|abs_delta_d15n|abs_delta_d2h
rung2,r2_d_breast_cnh_plus_paired_distance,Rung 2 D: Breast C/N/H + paired distance,ridge_glmnet_multinomial,primary_h_provisional_pending_triplicate_check,FALSE,TRUE,TRUE,TRUE,repeated_stratified_cv,Repeat10__Fold3,Repeat10,Fold3,10,46,ok,1.089058295561474,0.33333333333333337,0.4,0.22003780718336483,151.70272271309608,normalised_d13c_Breast|normalised_d15n_Breast|normalised_d2h_Breast|paired_distance_cnh
rung2,r2_a_breast_cn,Rung 2 A: Breast-only C/N,ridge_glmnet_multinomial,baseline_cn_benchmark,TRUE,FALSE,FALSE,FALSE,repeated_stratified_cv,Repeat10__Fold4,Repeat10,Fold4,10,46,ok,1.089058295561474,0.33333333333333337,0.4,0.22003780718336483,126.4322704021317,normalised_d13c_Breast|normalised_d15n_Breast
rung2,r2_b_breast_cnh,Rung 2 B: Breast-only C/N/H,ridge_glmnet_multinomial,breast_h_provisional_pending_triplicate_check,TRUE,TRUE,FALSE,FALSE,repeated_stratified_cv,Repeat10__Fold4,Repeat10,Fold4,10,46,ok,1.0811654651185187,0.33333333333333337,0.4,0.21848762270605057,6.099954693097727,normalised_d13c_Breast|normalised_d15n_Breast|normalised_d2h_Breast
rung2,r2_c_breast_cnh_plus_paired_contrast,Rung 2 C: Breast C/N/H + paired contrasts,ridge_glmnet_multinomial,primary_h_provisional_pending_triplicate_check,TRUE,TRUE,TRUE,FALSE,repeated_stratified_cv,Repeat10__Fold4,Repeat10,Fold4,10,46,ok,0.8568516899169519,0.4722222222222222,0.5,0.1703815662424706,0.28686223264849664,normalised_d13c_Breast|normalised_d15n_Breast|normalised_d2h_Breast|abs_delta_d13c|abs_delta_d15n|abs_delta_d2h
rung2,r2_d_breast_cnh_plus_paired_distance,Rung 2 D: Breast C/N/H + paired distance,ridge_glmnet_multinomial,primary_h_provisional_pending_triplicate_check,FALSE,TRUE,TRUE,TRUE,repeated_stratified_cv,Repeat10__Fold4,Repeat10,Fold4,10,46,ok,1.0767181340926255,0.33333333333333337,0.4,0.21766711129987792,3.8309493254638345,normalised_d13c_Breast|normalised_d15n_Breast|normalised_d2h_Breast|paired_distance_cnh
rung2,r2_a_breast_cn,Rung 2 A: Breast-only C/N,ridge_glmnet_multinomial,baseline_cn_benchmark,TRUE,FALSE,FALSE,FALSE,repeated_stratified_cv,Repeat10__Fold5,Repeat10,Fold5,10,46,ok,1.089058295561474,0.33333333333333337,0.4,0.22003780718336483,183.9788885056878,normalised_d13c_Breast|normalised_d15n_Breast
rung2,r2_b_breast_cnh,Rung 2 B: Breast-only C/N/H,ridge_glmnet_multinomial,breast_h_provisional_pending_triplicate_check,TRUE,TRUE,FALSE,FALSE,repeated_stratified_cv,Repeat10__Fold5,Repeat10,Fold5,10,46,ok,1.089058295561474,0.33333333333333337,0.4,0.22003780718336483,183.9788885056878,normalised_d13c_Breast|normalised_d15n_Breast|normalised_d2h_Breast
rung2,r2_c_breast_cnh_plus_paired_contrast,Rung 2 C: Breast C/N/H + paired contrasts,ridge_glmnet_multinomial,primary_h_provisional_pending_triplicate_check,TRUE,TRUE,TRUE,FALSE,repeated_stratified_cv,Repeat10__Fold5,Repeat10,Fold5,10,46,ok,0.9087651283253205,0.6666666666666666,0.7,0.1770841729285173,0.5535964687055206,normalised_d13c_Breast|normalised_d15n_Breast|normalised_d2h_Breast|abs_delta_d13c|abs_delta_d15n|abs_delta_d2h
rung2,r2_d_breast_cnh_plus_paired_distance,Rung 2 D: Breast C/N/H + paired distance,ridge_glmnet_multinomial,primary_h_provisional_pending_triplicate_check,FALSE,TRUE,TRUE,TRUE,repeated_stratified_cv,Repeat10__Fold5,Repeat10,Fold5,10,46,ok,1.089058295561474,0.33333333333333337,0.4,0.22003780718336483,183.9788885056878,normalised_d13c_Breast|normalised_d15n_Breast|normalised_d2h_Breast|paired_distance_cnh
rung2,r2_a_breast_cn,Rung 2 A: Breast-only C/N,ridge_glmnet_multinomial,baseline_cn_benchmark,TRUE,FALSE,FALSE,FALSE,blocked_coordinate_cv,Fold3,NA,Fold3,11,45,ok,1.1080619299989585,0.33333333333333337,0.36363636363636365,0.2242350165343043,2.9413547371346915,normalised_d13c_Breast|normalised_d15n_Breast
rung2,r2_b_breast_cnh,Rung 2 B: Breast-only C/N/H,ridge_glmnet_multinomial,breast_h_provisional_pending_triplicate_check,TRUE,TRUE,FALSE,FALSE,blocked_coordinate_cv,Fold3,NA,Fold3,11,45,ok,1.103166448836085,0.33333333333333337,0.36363636363636365,0.22317994762439208,193.52150070648392,normalised_d13c_Breast|normalised_d15n_Breast|normalised_d2h_Breast
rung2,r2_c_breast_cnh_plus_paired_contrast,Rung 2 C: Breast C/N/H + paired contrasts,ridge_glmnet_multinomial,primary_h_provisional_pending_triplicate_check,TRUE,TRUE,TRUE,FALSE,blocked_coordinate_cv,Fold3,NA,Fold3,11,45,ok,1.0893941015601005,0.33333333333333337,0.36363636363636365,0.2201687397670344,5.983324665752306,normalised_d13c_Breast|normalised_d15n_Breast|normalised_d2h_Breast|abs_delta_d13c|abs_delta_d15n|abs_delta_d2h
rung2,r2_d_breast_cnh_plus_paired_distance,Rung 2 D: Breast C/N/H + paired distance,ridge_glmnet_multinomial,primary_h_provisional_pending_triplicate_check,FALSE,TRUE,TRUE,TRUE,blocked_coordinate_cv,Fold3,NA,Fold3,11,45,ok,1.103166448836085,0.33333333333333337,0.36363636363636365,0.22317994762439208,193.52150070648392,normalised_d13c_Breast|normalised_d15n_Breast|normalised_d2h_Breast|paired_distance_cnh
rung2,r2_a_breast_cn,Rung 2 A: Breast-only C/N,ridge_glmnet_multinomial,baseline_cn_benchmark,TRUE,FALSE,FALSE,FALSE,blocked_coordinate_cv,Fold2,NA,Fold2,11,45,ok,1.103166448836085,0.33333333333333337,0.36363636363636365,0.22317994762439206,187.23035533284767,normalised_d13c_Breast|normalised_d15n_Breast
rung2,r2_b_breast_cnh,Rung 2 B: Breast-only C/N/H,ridge_glmnet_multinomial,breast_h_provisional_pending_triplicate_check,TRUE,TRUE,FALSE,FALSE,blocked_coordinate_cv,Fold2,NA,Fold2,11,45,ok,1.103166448836085,0.33333333333333337,0.36363636363636365,0.22317994762439206,187.23035533284767,normalised_d13c_Breast|normalised_d15n_Breast|normalised_d2h_Breast
rung2,r2_c_breast_cnh_plus_paired_contrast,Rung 2 C: Breast C/N/H + paired contrasts,ridge_glmnet_multinomial,primary_h_provisional_pending_triplicate_check,TRUE,TRUE,TRUE,FALSE,blocked_coordinate_cv,Fold2,NA,Fold2,11,45,ok,0.9277148459288607,0.7222222222222222,0.7272727272727273,0.19092859030938214,0.2894150172825121,normalised_d13c_Breast|normalised_d15n_Breast|normalised_d2h_Breast|abs_delta_d13c|abs_delta_d15n|abs_delta_d2h
rung2,r2_d_breast_cnh_plus_paired_distance,Rung 2 D: Breast C/N/H + paired distance,ridge_glmnet_multinomial,primary_h_provisional_pending_triplicate_check,FALSE,TRUE,TRUE,TRUE,blocked_coordinate_cv,Fold2,NA,Fold2,11,45,ok,1.1522797184693827,0.19444444444444445,0.18181818181818182,0.23667614948640087,0.8490669144682086,normalised_d13c_Breast|normalised_d15n_Breast|normalised_d2h_Breast|paired_distance_cnh
rung2,r2_a_breast_cn,Rung 2 A: Breast-only C/N,ridge_glmnet_multinomial,baseline_cn_benchmark,TRUE,FALSE,FALSE,FALSE,blocked_coordinate_cv,Fold1,NA,Fold1,12,44,ok,1.110766142978515,0.33333333333333337,0.3333333333333333,0.22509182736455466,102.43980988239505,normalised_d13c_Breast|normalised_d15n_Breast
rung2,r2_b_breast_cnh,Rung 2 B: Breast-only C/N/H,ridge_glmnet_multinomial,breast_h_provisional_pending_triplicate_check,TRUE,TRUE,FALSE,FALSE,blocked_coordinate_cv,Fold1,NA,Fold1,12,44,ok,1.110766142978515,0.33333333333333337,0.3333333333333333,0.22509182736455466,170.72060638931313,normalised_d13c_Breast|normalised_d15n_Breast|normalised_d2h_Breast
rung2,r2_c_breast_cnh_plus_paired_contrast,Rung 2 C: Breast C/N/H + paired contrasts,ridge_glmnet_multinomial,primary_h_provisional_pending_triplicate_check,TRUE,TRUE,TRUE,FALSE,blocked_coordinate_cv,Fold1,NA,Fold1,12,44,ok,0.9949248180030044,0.5,0.5,0.1993254129398796,1.2456096402835228,normalised_d13c_Breast|normalised_d15n_Breast|normalised_d2h_Breast|abs_delta_d13c|abs_delta_d15n|abs_delta_d2h
rung2,r2_d_breast_cnh_plus_paired_distance,Rung 2 D: Breast C/N/H + paired distance,ridge_glmnet_multinomial,primary_h_provisional_pending_triplicate_check,FALSE,TRUE,TRUE,TRUE,blocked_coordinate_cv,Fold1,NA,Fold1,12,44,ok,1.110766142978515,0.33333333333333337,0.3333333333333333,0.22509182736455466,170.9418139077429,normalised_d13c_Breast|normalised_d15n_Breast|normalised_d2h_Breast|paired_distance_cnh
rung2,r2_a_breast_cn,Rung 2 A: Breast-only C/N,ridge_glmnet_multinomial,baseline_cn_benchmark,TRUE,FALSE,FALSE,FALSE,blocked_coordinate_cv,Fold4,NA,Fold4,11,45,ok,1.0793524263182623,0.33333333333333337,0.45454545454545453,0.2178226711560045,163.8576452288321,normalised_d13c_Breast|normalised_d15n_Breast
rung2,r2_b_breast_cnh,Rung 2 B: Breast-only C/N/H,ridge_glmnet_multinomial,breast_h_provisional_pending_triplicate_check,TRUE,TRUE,FALSE,FALSE,blocked_coordinate_cv,Fold4,NA,Fold4,11,45,ok,1.0793524263182623,0.33333333333333337,0.45454545454545453,0.2178226711560045,163.8576452288321,normalised_d13c_Breast|normalised_d15n_Breast|normalised_d2h_Breast
rung2,r2_c_breast_cnh_plus_paired_contrast,Rung 2 C: Breast C/N/H + paired contrasts,ridge_glmnet_multinomial,primary_h_provisional_pending_triplicate_check,TRUE,TRUE,TRUE,FALSE,blocked_coordinate_cv,Fold4,NA,Fold4,11,45,ok,0.8432261815577599,0.7777777777777778,0.8181818181818182,0.16580586464644123,0.37618297732713235,normalised_d13c_Breast|normalised_d15n_Breast|normalised_d2h_Breast|abs_delta_d13c|abs_delta_d15n|abs_delta_d2h
rung2,r2_d_breast_cnh_plus_paired_distance,Rung 2 D: Breast C/N/H + paired distance,ridge_glmnet_multinomial,primary_h_provisional_pending_triplicate_check,FALSE,TRUE,TRUE,TRUE,blocked_coordinate_cv,Fold4,NA,Fold4,11,45,ok,1.0793524263182623,0.33333333333333337,0.45454545454545453,0.2178226711560045,163.8576452288321,normalised_d13c_Breast|normalised_d15n_Breast|normalised_d2h_Breast|paired_distance_cnh
rung2,r2_a_breast_cn,Rung 2 A: Breast-only C/N,ridge_glmnet_multinomial,baseline_cn_benchmark,TRUE,FALSE,FALSE,FALSE,blocked_coordinate_cv,Fold5,NA,Fold5,11,45,ok,1.0793524263182623,0.33333333333333337,0.45454545454545453,0.21782267115600448,176.97654620732186,normalised_d13c_Breast|normalised_d15n_Breast
rung2,r2_b_breast_cnh,Rung 2 B: Breast-only C/N/H,ridge_glmnet_multinomial,breast_h_provisional_pending_triplicate_check,TRUE,TRUE,FALSE,FALSE,blocked_coordinate_cv,Fold5,NA,Fold5,11,45,ok,1.0793524263182623,0.33333333333333337,0.45454545454545453,0.21782267115600448,176.97654620732186,normalised_d13c_Breast|normalised_d15n_Breast|normalised_d2h_Breast
rung2,r2_c_breast_cnh_plus_paired_contrast,Rung 2 C: Breast C/N/H + paired contrasts,ridge_glmnet_multinomial,primary_h_provisional_pending_triplicate_check,TRUE,TRUE,TRUE,FALSE,blocked_coordinate_cv,Fold5,NA,Fold5,11,45,ok,0.8303825799061244,0.6666666666666666,0.7272727272727273,0.16045736281237138,0.28891076290934564,normalised_d13c_Breast|normalised_d15n_Breast|normalised_d2h_Breast|abs_delta_d13c|abs_delta_d15n|abs_delta_d2h
rung2,r2_d_breast_cnh_plus_paired_distance,Rung 2 D: Breast C/N/H + paired distance,ridge_glmnet_multinomial,primary_h_provisional_pending_triplicate_check,FALSE,TRUE,TRUE,TRUE,blocked_coordinate_cv,Fold5,NA,Fold5,11,45,ok,1.0793524263182623,0.33333333333333337,0.45454545454545453,0.21782267115600448,176.97654620732186,normalised_d13c_Breast|normalised_d15n_Breast|normalised_d2h_Breast|paired_distance_cnh
