candidate_id,candidate_label,strategy_family,caution_level,uses_r1_upstream,uses_breast_h,uses_primary_h,uses_hard_or_soft_staging,validation_layer,split_id,repeat_id,fold_id,n_analysis,n_assessment,log_loss,balanced_accuracy,accuracy,brier,mean_top_prob,weak_support_rate
r2s_a_breast_cnh_plus_r1c_prob,Rung 2 S1: Breast C/N/H + out-of-fold R1 migrant probability,probability_augmented_direct,staged_r1c_prob_plus_breast_cnh_no_primary_h,TRUE,TRUE,FALSE,stacked_direct,blocked_coordinate_cv,Fold1,NA,Fold1,44,12,0.8848592208344606,0.5,0.5,0.17509382425631795,0.48105439911849274,0.8333333333333334
r2s_a_breast_cnh_plus_r1c_prob,Rung 2 S1: Breast C/N/H + out-of-fold R1 migrant probability,probability_augmented_direct,staged_r1c_prob_plus_breast_cnh_no_primary_h,TRUE,TRUE,FALSE,stacked_direct,blocked_coordinate_cv,Fold2,NA,Fold2,45,11,0.9729096227800079,0.5277777777777778,0.5454545454545454,0.20058966046348503,0.49176782387887297,0.5454545454545454
r2s_a_breast_cnh_plus_r1c_prob,Rung 2 S1: Breast C/N/H + out-of-fold R1 migrant probability,probability_augmented_direct,staged_r1c_prob_plus_breast_cnh_no_primary_h,TRUE,TRUE,FALSE,stacked_direct,blocked_coordinate_cv,Fold3,NA,Fold3,45,11,1.032625700286108,0.6388888888888888,0.6363636363636364,0.2070032004470183,0.4249718235898469,0.8181818181818182
r2s_a_breast_cnh_plus_r1c_prob,Rung 2 S1: Breast C/N/H + out-of-fold R1 migrant probability,probability_augmented_direct,staged_r1c_prob_plus_breast_cnh_no_primary_h,TRUE,TRUE,FALSE,stacked_direct,blocked_coordinate_cv,Fold4,NA,Fold4,45,11,0.845081438412437,0.7111111111111111,0.7272727272727273,0.168976230016725,0.5060991114868346,0.45454545454545453
r2s_a_breast_cnh_plus_r1c_prob,Rung 2 S1: Breast C/N/H + out-of-fold R1 migrant probability,probability_augmented_direct,staged_r1c_prob_plus_breast_cnh_no_primary_h,TRUE,TRUE,FALSE,stacked_direct,blocked_coordinate_cv,Fold5,NA,Fold5,45,11,0.9488276169082753,0.6666666666666666,0.7272727272727273,0.1880065208918286,0.4259077069722043,1
r2s_b_soft_hierarchical_r1c_then_breast_cnh,Rung 2 S2: Soft hierarchical R1 C then breast C/N/H NZ-vs-AU,soft_hierarchical_two_step,staged_r1c_then_breast_cnh_no_primary_h,TRUE,TRUE,FALSE,soft_hierarchical,blocked_coordinate_cv,Fold1,NA,Fold1,44,12,0.887702896691632,0.5,0.5,0.18006678035717735,0.4891152115580094,0.6666666666666666
r2s_b_soft_hierarchical_r1c_then_breast_cnh,Rung 2 S2: Soft hierarchical R1 C then breast C/N/H NZ-vs-AU,soft_hierarchical_two_step,staged_r1c_then_breast_cnh_no_primary_h,TRUE,TRUE,FALSE,soft_hierarchical,blocked_coordinate_cv,Fold2,NA,Fold2,45,11,0.8609390785696428,0.8055555555555556,0.8181818181818182,0.1701732435749578,0.5058069957591361,0.5454545454545454
r2s_b_soft_hierarchical_r1c_then_breast_cnh,Rung 2 S2: Soft hierarchical R1 C then breast C/N/H NZ-vs-AU,soft_hierarchical_two_step,staged_r1c_then_breast_cnh_no_primary_h,TRUE,TRUE,FALSE,soft_hierarchical,blocked_coordinate_cv,Fold3,NA,Fold3,45,11,0.9998839765288744,0.5555555555555556,0.5454545454545454,0.20209270971059712,0.4794211815625117,0.6363636363636364
r2s_b_soft_hierarchical_r1c_then_breast_cnh,Rung 2 S2: Soft hierarchical R1 C then breast C/N/H NZ-vs-AU,soft_hierarchical_two_step,staged_r1c_then_breast_cnh_no_primary_h,TRUE,TRUE,FALSE,soft_hierarchical,blocked_coordinate_cv,Fold4,NA,Fold4,45,11,0.8796034279395895,0.6666666666666666,0.7272727272727273,0.1772994266972109,0.49249717347719824,0.6363636363636364
r2s_b_soft_hierarchical_r1c_then_breast_cnh,Rung 2 S2: Soft hierarchical R1 C then breast C/N/H NZ-vs-AU,soft_hierarchical_two_step,staged_r1c_then_breast_cnh_no_primary_h,TRUE,TRUE,FALSE,soft_hierarchical,blocked_coordinate_cv,Fold5,NA,Fold5,45,11,0.8874390989161735,0.5555555555555556,0.6363636363636364,0.17352339785764334,0.5143164840171827,0.36363636363636365
r2s_a_breast_cnh_plus_r1c_prob,Rung 2 S1: Breast C/N/H + out-of-fold R1 migrant probability,probability_augmented_direct,staged_r1c_prob_plus_breast_cnh_no_primary_h,TRUE,TRUE,FALSE,stacked_direct,repeated_stratified_cv,Repeat01__Fold1,Repeat01,Fold1,43,13,1.090218254965357,0.5333333333333333,0.5384615384615384,0.22137900970847357,0.5199968261539254,0.6153846153846154
r2s_a_breast_cnh_plus_r1c_prob,Rung 2 S1: Breast C/N/H + out-of-fold R1 migrant probability,probability_augmented_direct,staged_r1c_prob_plus_breast_cnh_no_primary_h,TRUE,TRUE,FALSE,stacked_direct,repeated_stratified_cv,Repeat01__Fold2,Repeat01,Fold2,43,13,0.9420491438690084,0.75,0.7692307692307693,0.18735905839652425,0.40194638186670223,1
r2s_a_breast_cnh_plus_r1c_prob,Rung 2 S1: Breast C/N/H + out-of-fold R1 migrant probability,probability_augmented_direct,staged_r1c_prob_plus_breast_cnh_no_primary_h,TRUE,TRUE,FALSE,stacked_direct,repeated_stratified_cv,Repeat01__Fold3,Repeat01,Fold3,46,10,1.0453347675984122,0.4444444444444444,0.5,0.20987755749778442,0.3995369528028669,1
r2s_a_breast_cnh_plus_r1c_prob,Rung 2 S1: Breast C/N/H + out-of-fold R1 migrant probability,probability_augmented_direct,staged_r1c_prob_plus_breast_cnh_no_primary_h,TRUE,TRUE,FALSE,stacked_direct,repeated_stratified_cv,Repeat01__Fold4,Repeat01,Fold4,46,10,0.9922295954974425,0.5555555555555556,0.6,0.19822153001349183,0.4225959345130094,0.9
r2s_a_breast_cnh_plus_r1c_prob,Rung 2 S1: Breast C/N/H + out-of-fold R1 migrant probability,probability_augmented_direct,staged_r1c_prob_plus_breast_cnh_no_primary_h,TRUE,TRUE,FALSE,stacked_direct,repeated_stratified_cv,Repeat01__Fold5,Repeat01,Fold5,46,10,1.0525311534082784,0.33333333333333337,0.4,0.21369038921401307,0.4331517002059218,1
r2s_a_breast_cnh_plus_r1c_prob,Rung 2 S1: Breast C/N/H + out-of-fold R1 migrant probability,probability_augmented_direct,staged_r1c_prob_plus_breast_cnh_no_primary_h,TRUE,TRUE,FALSE,stacked_direct,repeated_stratified_cv,Repeat02__Fold1,Repeat02,Fold1,43,13,0.9930058504562652,0.5,0.5384615384615384,0.20140430107140142,0.5423726425390071,0.38461538461538464
r2s_a_breast_cnh_plus_r1c_prob,Rung 2 S1: Breast C/N/H + out-of-fold R1 migrant probability,probability_augmented_direct,staged_r1c_prob_plus_breast_cnh_no_primary_h,TRUE,TRUE,FALSE,stacked_direct,repeated_stratified_cv,Repeat02__Fold2,Repeat02,Fold2,43,13,0.9446464192046762,0.5,0.5384615384615384,0.186826374488403,0.4319484996629088,0.9230769230769231
r2s_a_breast_cnh_plus_r1c_prob,Rung 2 S1: Breast C/N/H + out-of-fold R1 migrant probability,probability_augmented_direct,staged_r1c_prob_plus_breast_cnh_no_primary_h,TRUE,TRUE,FALSE,stacked_direct,repeated_stratified_cv,Repeat02__Fold3,Repeat02,Fold3,46,10,0.9773404623143883,0.5555555555555556,0.6,0.194002962401476,0.4927653764884506,0.6
r2s_a_breast_cnh_plus_r1c_prob,Rung 2 S1: Breast C/N/H + out-of-fold R1 migrant probability,probability_augmented_direct,staged_r1c_prob_plus_breast_cnh_no_primary_h,TRUE,TRUE,FALSE,stacked_direct,repeated_stratified_cv,Repeat02__Fold4,Repeat02,Fold4,46,10,1.0147196056019492,0.5555555555555556,0.6,0.20389772181201532,0.40043017360446015,1
r2s_a_breast_cnh_plus_r1c_prob,Rung 2 S1: Breast C/N/H + out-of-fold R1 migrant probability,probability_augmented_direct,staged_r1c_prob_plus_breast_cnh_no_primary_h,TRUE,TRUE,FALSE,stacked_direct,repeated_stratified_cv,Repeat02__Fold5,Repeat02,Fold5,46,10,1.033652690043692,0.33333333333333337,0.4,0.2073513137585072,0.3833744645483651,1
r2s_a_breast_cnh_plus_r1c_prob,Rung 2 S1: Breast C/N/H + out-of-fold R1 migrant probability,probability_augmented_direct,staged_r1c_prob_plus_breast_cnh_no_primary_h,TRUE,TRUE,FALSE,stacked_direct,repeated_stratified_cv,Repeat03__Fold1,Repeat03,Fold1,43,13,1.174970361806693,0.43333333333333335,0.46153846153846156,0.23510834332494304,0.52564355737389,0.38461538461538464
r2s_a_breast_cnh_plus_r1c_prob,Rung 2 S1: Breast C/N/H + out-of-fold R1 migrant probability,probability_augmented_direct,staged_r1c_prob_plus_breast_cnh_no_primary_h,TRUE,TRUE,FALSE,stacked_direct,repeated_stratified_cv,Repeat03__Fold2,Repeat03,Fold2,43,13,0.7886444039915212,0.6666666666666666,0.6923076923076923,0.155549753882554,0.5344309902740869,0.38461538461538464
r2s_a_breast_cnh_plus_r1c_prob,Rung 2 S1: Breast C/N/H + out-of-fold R1 migrant probability,probability_augmented_direct,staged_r1c_prob_plus_breast_cnh_no_primary_h,TRUE,TRUE,FALSE,stacked_direct,repeated_stratified_cv,Repeat03__Fold3,Repeat03,Fold3,46,10,1.089058295561474,0.33333333333333337,0.4,0.22003780718336483,0.39130434782608686,1
r2s_a_breast_cnh_plus_r1c_prob,Rung 2 S1: Breast C/N/H + out-of-fold R1 migrant probability,probability_augmented_direct,staged_r1c_prob_plus_breast_cnh_no_primary_h,TRUE,TRUE,FALSE,stacked_direct,repeated_stratified_cv,Repeat03__Fold4,Repeat03,Fold4,46,10,0.8777799667793522,0.6944444444444444,0.7,0.17412986480579823,0.46495556167434904,0.7
r2s_a_breast_cnh_plus_r1c_prob,Rung 2 S1: Breast C/N/H + out-of-fold R1 migrant probability,probability_augmented_direct,staged_r1c_prob_plus_breast_cnh_no_primary_h,TRUE,TRUE,FALSE,stacked_direct,repeated_stratified_cv,Repeat03__Fold5,Repeat03,Fold5,46,10,0.901053345210802,0.6666666666666666,0.7,0.1777304888865992,0.48251917868799005,0.5
r2s_a_breast_cnh_plus_r1c_prob,Rung 2 S1: Breast C/N/H + out-of-fold R1 migrant probability,probability_augmented_direct,staged_r1c_prob_plus_breast_cnh_no_primary_h,TRUE,TRUE,FALSE,stacked_direct,repeated_stratified_cv,Repeat04__Fold1,Repeat04,Fold1,43,13,0.9952007768059198,0.43333333333333335,0.46153846153846156,0.19982297941165045,0.43631806991293726,0.9230769230769231
r2s_a_breast_cnh_plus_r1c_prob,Rung 2 S1: Breast C/N/H + out-of-fold R1 migrant probability,probability_augmented_direct,staged_r1c_prob_plus_breast_cnh_no_primary_h,TRUE,TRUE,FALSE,stacked_direct,repeated_stratified_cv,Repeat04__Fold2,Repeat04,Fold2,43,13,1.0637244823761247,0.41666666666666663,0.46153846153846156,0.21431647896724737,0.44486298292683324,0.8461538461538461
r2s_a_breast_cnh_plus_r1c_prob,Rung 2 S1: Breast C/N/H + out-of-fold R1 migrant probability,probability_augmented_direct,staged_r1c_prob_plus_breast_cnh_no_primary_h,TRUE,TRUE,FALSE,stacked_direct,repeated_stratified_cv,Repeat04__Fold3,Repeat04,Fold3,46,10,1.089058295561474,0.33333333333333337,0.4,0.22003780718336483,0.39130434782608686,1
r2s_a_breast_cnh_plus_r1c_prob,Rung 2 S1: Breast C/N/H + out-of-fold R1 migrant probability,probability_augmented_direct,staged_r1c_prob_plus_breast_cnh_no_primary_h,TRUE,TRUE,FALSE,stacked_direct,repeated_stratified_cv,Repeat04__Fold4,Repeat04,Fold4,46,10,0.9906134830752896,0.5555555555555556,0.6,0.19850993441263837,0.41495398651375304,0.9
r2s_a_breast_cnh_plus_r1c_prob,Rung 2 S1: Breast C/N/H + out-of-fold R1 migrant probability,probability_augmented_direct,staged_r1c_prob_plus_breast_cnh_no_primary_h,TRUE,TRUE,FALSE,stacked_direct,repeated_stratified_cv,Repeat04__Fold5,Repeat04,Fold5,46,10,0.9758406991646145,0.6666666666666666,0.7,0.19467511089312445,0.4036005647863845,1
r2s_a_breast_cnh_plus_r1c_prob,Rung 2 S1: Breast C/N/H + out-of-fold R1 migrant probability,probability_augmented_direct,staged_r1c_prob_plus_breast_cnh_no_primary_h,TRUE,TRUE,FALSE,stacked_direct,repeated_stratified_cv,Repeat05__Fold1,Repeat05,Fold1,43,13,0.9735571899813039,0.5833333333333334,0.6153846153846154,0.19416534949545433,0.42444645440521767,1
r2s_a_breast_cnh_plus_r1c_prob,Rung 2 S1: Breast C/N/H + out-of-fold R1 migrant probability,probability_augmented_direct,staged_r1c_prob_plus_breast_cnh_no_primary_h,TRUE,TRUE,FALSE,stacked_direct,repeated_stratified_cv,Repeat05__Fold2,Repeat05,Fold2,43,13,1.0723054405956673,0.36666666666666664,0.38461538461538464,0.2176430481061763,0.46045023637218385,0.7692307692307693
r2s_a_breast_cnh_plus_r1c_prob,Rung 2 S1: Breast C/N/H + out-of-fold R1 migrant probability,probability_augmented_direct,staged_r1c_prob_plus_breast_cnh_no_primary_h,TRUE,TRUE,FALSE,stacked_direct,repeated_stratified_cv,Repeat05__Fold3,Repeat05,Fold3,46,10,0.9840394410825367,0.4444444444444444,0.5,0.20180497377831133,0.5286079880377552,0.3
r2s_a_breast_cnh_plus_r1c_prob,Rung 2 S1: Breast C/N/H + out-of-fold R1 migrant probability,probability_augmented_direct,staged_r1c_prob_plus_breast_cnh_no_primary_h,TRUE,TRUE,FALSE,stacked_direct,repeated_stratified_cv,Repeat05__Fold4,Repeat05,Fold4,46,10,0.9375269450925963,0.5555555555555556,0.6,0.18857682781167445,0.45472126522637235,0.8
r2s_a_breast_cnh_plus_r1c_prob,Rung 2 S1: Breast C/N/H + out-of-fold R1 migrant probability,probability_augmented_direct,staged_r1c_prob_plus_breast_cnh_no_primary_h,TRUE,TRUE,FALSE,stacked_direct,repeated_stratified_cv,Repeat05__Fold5,Repeat05,Fold5,46,10,0.9597243953428346,0.6666666666666666,0.7,0.19024044636342732,0.4071916472618153,1
r2s_a_breast_cnh_plus_r1c_prob,Rung 2 S1: Breast C/N/H + out-of-fold R1 migrant probability,probability_augmented_direct,staged_r1c_prob_plus_breast_cnh_no_primary_h,TRUE,TRUE,FALSE,stacked_direct,repeated_stratified_cv,Repeat06__Fold1,Repeat06,Fold1,43,13,1.0273383189721688,0.33333333333333337,0.38461538461538464,0.2058805345308458,0.3995059444329904,1
r2s_a_breast_cnh_plus_r1c_prob,Rung 2 S1: Breast C/N/H + out-of-fold R1 migrant probability,probability_augmented_direct,staged_r1c_prob_plus_breast_cnh_no_primary_h,TRUE,TRUE,FALSE,stacked_direct,repeated_stratified_cv,Repeat06__Fold2,Repeat06,Fold2,43,13,1.0081992364047827,0.5,0.5384615384615384,0.202615697856231,0.40378202987017314,1
r2s_a_breast_cnh_plus_r1c_prob,Rung 2 S1: Breast C/N/H + out-of-fold R1 migrant probability,probability_augmented_direct,staged_r1c_prob_plus_breast_cnh_no_primary_h,TRUE,TRUE,FALSE,stacked_direct,repeated_stratified_cv,Repeat06__Fold3,Repeat06,Fold3,46,10,0.9737373500924633,0.6666666666666666,0.7,0.19394683763058945,0.40195291489512247,1
r2s_a_breast_cnh_plus_r1c_prob,Rung 2 S1: Breast C/N/H + out-of-fold R1 migrant probability,probability_augmented_direct,staged_r1c_prob_plus_breast_cnh_no_primary_h,TRUE,TRUE,FALSE,stacked_direct,repeated_stratified_cv,Repeat06__Fold4,Repeat06,Fold4,46,10,1.0528949679961481,0.3611111111111111,0.4,0.21374648001603627,0.5857620155979542,0.3
r2s_a_breast_cnh_plus_r1c_prob,Rung 2 S1: Breast C/N/H + out-of-fold R1 migrant probability,probability_augmented_direct,staged_r1c_prob_plus_breast_cnh_no_primary_h,TRUE,TRUE,FALSE,stacked_direct,repeated_stratified_cv,Repeat06__Fold5,Repeat06,Fold5,46,10,0.9948534447851379,0.3611111111111111,0.4,0.2004761408014254,0.4388762576229231,1
r2s_a_breast_cnh_plus_r1c_prob,Rung 2 S1: Breast C/N/H + out-of-fold R1 migrant probability,probability_augmented_direct,staged_r1c_prob_plus_breast_cnh_no_primary_h,TRUE,TRUE,FALSE,stacked_direct,repeated_stratified_cv,Repeat07__Fold1,Repeat07,Fold1,43,13,0.9812929637434817,0.6666666666666666,0.6923076923076923,0.19533575999787287,0.3891881345378977,1
r2s_a_breast_cnh_plus_r1c_prob,Rung 2 S1: Breast C/N/H + out-of-fold R1 migrant probability,probability_augmented_direct,staged_r1c_prob_plus_breast_cnh_no_primary_h,TRUE,TRUE,FALSE,stacked_direct,repeated_stratified_cv,Repeat07__Fold2,Repeat07,Fold2,43,13,1.1461542308588268,0.35000000000000003,0.38461538461538464,0.23192326167134542,0.521715188614207,0.5384615384615384
r2s_a_breast_cnh_plus_r1c_prob,Rung 2 S1: Breast C/N/H + out-of-fold R1 migrant probability,probability_augmented_direct,staged_r1c_prob_plus_breast_cnh_no_primary_h,TRUE,TRUE,FALSE,stacked_direct,repeated_stratified_cv,Repeat07__Fold3,Repeat07,Fold3,46,10,1.0339469932199332,0.6666666666666666,0.7,0.20807867683202233,0.4062577622869902,1
r2s_a_breast_cnh_plus_r1c_prob,Rung 2 S1: Breast C/N/H + out-of-fold R1 migrant probability,probability_augmented_direct,staged_r1c_prob_plus_breast_cnh_no_primary_h,TRUE,TRUE,FALSE,stacked_direct,repeated_stratified_cv,Repeat07__Fold4,Repeat07,Fold4,46,10,0.8703807928094854,0.4444444444444444,0.5,0.17259578254771396,0.48294429354421753,0.8
r2s_a_breast_cnh_plus_r1c_prob,Rung 2 S1: Breast C/N/H + out-of-fold R1 migrant probability,probability_augmented_direct,staged_r1c_prob_plus_breast_cnh_no_primary_h,TRUE,TRUE,FALSE,stacked_direct,repeated_stratified_cv,Repeat07__Fold5,Repeat07,Fold5,46,10,0.9744700353660448,0.5833333333333333,0.6,0.19571896732264596,0.4460518799948221,0.8
r2s_a_breast_cnh_plus_r1c_prob,Rung 2 S1: Breast C/N/H + out-of-fold R1 migrant probability,probability_augmented_direct,staged_r1c_prob_plus_breast_cnh_no_primary_h,TRUE,TRUE,FALSE,stacked_direct,repeated_stratified_cv,Repeat08__Fold1,Repeat08,Fold1,43,13,1.0367655058066518,0.35000000000000003,0.38461538461538464,0.2095645503466462,0.5049298176045294,0.5384615384615384
r2s_a_breast_cnh_plus_r1c_prob,Rung 2 S1: Breast C/N/H + out-of-fold R1 migrant probability,probability_augmented_direct,staged_r1c_prob_plus_breast_cnh_no_primary_h,TRUE,TRUE,FALSE,stacked_direct,repeated_stratified_cv,Repeat08__Fold2,Repeat08,Fold2,43,13,0.8957812274573175,0.6666666666666666,0.6923076923076923,0.176572935780993,0.451928314741892,0.9230769230769231
r2s_a_breast_cnh_plus_r1c_prob,Rung 2 S1: Breast C/N/H + out-of-fold R1 migrant probability,probability_augmented_direct,staged_r1c_prob_plus_breast_cnh_no_primary_h,TRUE,TRUE,FALSE,stacked_direct,repeated_stratified_cv,Repeat08__Fold3,Repeat08,Fold3,46,10,0.860520981404006,0.7777777777777778,0.8,0.1681233530385549,0.4335800485712601,0.9
r2s_a_breast_cnh_plus_r1c_prob,Rung 2 S1: Breast C/N/H + out-of-fold R1 migrant probability,probability_augmented_direct,staged_r1c_prob_plus_breast_cnh_no_primary_h,TRUE,TRUE,FALSE,stacked_direct,repeated_stratified_cv,Repeat08__Fold4,Repeat08,Fold4,46,10,0.9626639012852826,0.5555555555555556,0.6,0.19141559542149963,0.4628547718540627,0.7
r2s_a_breast_cnh_plus_r1c_prob,Rung 2 S1: Breast C/N/H + out-of-fold R1 migrant probability,probability_augmented_direct,staged_r1c_prob_plus_breast_cnh_no_primary_h,TRUE,TRUE,FALSE,stacked_direct,repeated_stratified_cv,Repeat08__Fold5,Repeat08,Fold5,46,10,0.9766220439764604,0.5833333333333333,0.6,0.19740245085851205,0.5250453214090989,0.5
r2s_a_breast_cnh_plus_r1c_prob,Rung 2 S1: Breast C/N/H + out-of-fold R1 migrant probability,probability_augmented_direct,staged_r1c_prob_plus_breast_cnh_no_primary_h,TRUE,TRUE,FALSE,stacked_direct,repeated_stratified_cv,Repeat09__Fold1,Repeat09,Fold1,43,13,0.9236358904693094,0.6833333333333333,0.6923076923076923,0.18256048035492972,0.4370501679386334,0.8461538461538461
r2s_a_breast_cnh_plus_r1c_prob,Rung 2 S1: Breast C/N/H + out-of-fold R1 migrant probability,probability_augmented_direct,staged_r1c_prob_plus_breast_cnh_no_primary_h,TRUE,TRUE,FALSE,stacked_direct,repeated_stratified_cv,Repeat09__Fold2,Repeat09,Fold2,43,13,1.0151990707711307,0.6666666666666666,0.6923076923076923,0.20152602809422543,0.42952785594450155,0.9230769230769231
r2s_a_breast_cnh_plus_r1c_prob,Rung 2 S1: Breast C/N/H + out-of-fold R1 migrant probability,probability_augmented_direct,staged_r1c_prob_plus_breast_cnh_no_primary_h,TRUE,TRUE,FALSE,stacked_direct,repeated_stratified_cv,Repeat09__Fold3,Repeat09,Fold3,46,10,1.0091650008471664,0.4444444444444444,0.5,0.20159416521217277,0.41133997645376386,1
r2s_a_breast_cnh_plus_r1c_prob,Rung 2 S1: Breast C/N/H + out-of-fold R1 migrant probability,probability_augmented_direct,staged_r1c_prob_plus_breast_cnh_no_primary_h,TRUE,TRUE,FALSE,stacked_direct,repeated_stratified_cv,Repeat09__Fold4,Repeat09,Fold4,46,10,1.1196752983431788,0.4444444444444444,0.5,0.2280123841436328,0.44800939361149217,0.8
r2s_a_breast_cnh_plus_r1c_prob,Rung 2 S1: Breast C/N/H + out-of-fold R1 migrant probability,probability_augmented_direct,staged_r1c_prob_plus_breast_cnh_no_primary_h,TRUE,TRUE,FALSE,stacked_direct,repeated_stratified_cv,Repeat09__Fold5,Repeat09,Fold5,46,10,1.0434838717359487,0.33333333333333337,0.4,0.2097148612480004,0.39625460959397696,1
r2s_a_breast_cnh_plus_r1c_prob,Rung 2 S1: Breast C/N/H + out-of-fold R1 migrant probability,probability_augmented_direct,staged_r1c_prob_plus_breast_cnh_no_primary_h,TRUE,TRUE,FALSE,stacked_direct,repeated_stratified_cv,Repeat10__Fold1,Repeat10,Fold1,43,13,0.8047872946616236,0.6666666666666666,0.6923076923076923,0.1514197068143713,0.6068094538088442,0.3076923076923077
r2s_a_breast_cnh_plus_r1c_prob,Rung 2 S1: Breast C/N/H + out-of-fold R1 migrant probability,probability_augmented_direct,staged_r1c_prob_plus_breast_cnh_no_primary_h,TRUE,TRUE,FALSE,stacked_direct,repeated_stratified_cv,Repeat10__Fold2,Repeat10,Fold2,43,13,1.0150927770160891,0.5833333333333334,0.6153846153846154,0.202749728551166,0.38988951427920504,1
r2s_a_breast_cnh_plus_r1c_prob,Rung 2 S1: Breast C/N/H + out-of-fold R1 migrant probability,probability_augmented_direct,staged_r1c_prob_plus_breast_cnh_no_primary_h,TRUE,TRUE,FALSE,stacked_direct,repeated_stratified_cv,Repeat10__Fold3,Repeat10,Fold3,46,10,1.0437596538966258,0.4444444444444444,0.5,0.21036473603684475,0.4159705634290667,1
r2s_a_breast_cnh_plus_r1c_prob,Rung 2 S1: Breast C/N/H + out-of-fold R1 migrant probability,probability_augmented_direct,staged_r1c_prob_plus_breast_cnh_no_primary_h,TRUE,TRUE,FALSE,stacked_direct,repeated_stratified_cv,Repeat10__Fold4,Repeat10,Fold4,46,10,1.089058295561474,0.33333333333333337,0.4,0.22003780718336483,0.39130434782608686,1
r2s_a_breast_cnh_plus_r1c_prob,Rung 2 S1: Breast C/N/H + out-of-fold R1 migrant probability,probability_augmented_direct,staged_r1c_prob_plus_breast_cnh_no_primary_h,TRUE,TRUE,FALSE,stacked_direct,repeated_stratified_cv,Repeat10__Fold5,Repeat10,Fold5,46,10,1.0114410063545982,0.5555555555555556,0.6,0.20202395236128856,0.4094676468475248,1
r2s_b_soft_hierarchical_r1c_then_breast_cnh,Rung 2 S2: Soft hierarchical R1 C then breast C/N/H NZ-vs-AU,soft_hierarchical_two_step,staged_r1c_then_breast_cnh_no_primary_h,TRUE,TRUE,FALSE,soft_hierarchical,repeated_stratified_cv,Repeat01__Fold1,Repeat01,Fold1,43,13,1.101264467104817,0.5166666666666667,0.5384615384615384,0.22392969978064145,0.5224098342044745,0.6153846153846154
r2s_b_soft_hierarchical_r1c_then_breast_cnh,Rung 2 S2: Soft hierarchical R1 C then breast C/N/H NZ-vs-AU,soft_hierarchical_two_step,staged_r1c_then_breast_cnh_no_primary_h,TRUE,TRUE,FALSE,soft_hierarchical,repeated_stratified_cv,Repeat01__Fold2,Repeat01,Fold2,43,13,0.8010902348293204,0.9166666666666666,0.9230769230769231,0.1553722102458179,0.45511838594172294,0.6923076923076923
r2s_b_soft_hierarchical_r1c_then_breast_cnh,Rung 2 S2: Soft hierarchical R1 C then breast C/N/H NZ-vs-AU,soft_hierarchical_two_step,staged_r1c_then_breast_cnh_no_primary_h,TRUE,TRUE,FALSE,soft_hierarchical,repeated_stratified_cv,Repeat01__Fold3,Repeat01,Fold3,46,10,0.9159037002712339,0.5555555555555556,0.6,0.1810386526356787,0.5204792894364333,0.4
r2s_b_soft_hierarchical_r1c_then_breast_cnh,Rung 2 S2: Soft hierarchical R1 C then breast C/N/H NZ-vs-AU,soft_hierarchical_two_step,staged_r1c_then_breast_cnh_no_primary_h,TRUE,TRUE,FALSE,soft_hierarchical,repeated_stratified_cv,Repeat01__Fold4,Repeat01,Fold4,46,10,0.8486610032241857,0.5555555555555556,0.6,0.16863668475259844,0.49035038663686814,0.6
r2s_b_soft_hierarchical_r1c_then_breast_cnh,Rung 2 S2: Soft hierarchical R1 C then breast C/N/H NZ-vs-AU,soft_hierarchical_two_step,staged_r1c_then_breast_cnh_no_primary_h,TRUE,TRUE,FALSE,soft_hierarchical,repeated_stratified_cv,Repeat01__Fold5,Repeat01,Fold5,46,10,0.9625697297824909,0.5555555555555556,0.6,0.19303134423391816,0.4521077788542696,0.6
r2s_b_soft_hierarchical_r1c_then_breast_cnh,Rung 2 S2: Soft hierarchical R1 C then breast C/N/H NZ-vs-AU,soft_hierarchical_two_step,staged_r1c_then_breast_cnh_no_primary_h,TRUE,TRUE,FALSE,soft_hierarchical,repeated_stratified_cv,Repeat02__Fold1,Repeat02,Fold1,43,13,0.9924678102706481,0.5,0.5384615384615384,0.1994951077928202,0.6053725226693693,0.3076923076923077
r2s_b_soft_hierarchical_r1c_then_breast_cnh,Rung 2 S2: Soft hierarchical R1 C then breast C/N/H NZ-vs-AU,soft_hierarchical_two_step,staged_r1c_then_breast_cnh_no_primary_h,TRUE,TRUE,FALSE,soft_hierarchical,repeated_stratified_cv,Repeat02__Fold2,Repeat02,Fold2,43,13,0.9220718070118242,0.41666666666666663,0.46153846153846156,0.18204449597938527,0.4592212456205105,0.6153846153846154
r2s_b_soft_hierarchical_r1c_then_breast_cnh,Rung 2 S2: Soft hierarchical R1 C then breast C/N/H NZ-vs-AU,soft_hierarchical_two_step,staged_r1c_then_breast_cnh_no_primary_h,TRUE,TRUE,FALSE,soft_hierarchical,repeated_stratified_cv,Repeat02__Fold3,Repeat02,Fold3,46,10,0.9269381901856396,0.5555555555555556,0.6,0.186140952171273,0.48079572498160755,0.5
r2s_b_soft_hierarchical_r1c_then_breast_cnh,Rung 2 S2: Soft hierarchical R1 C then breast C/N/H NZ-vs-AU,soft_hierarchical_two_step,staged_r1c_then_breast_cnh_no_primary_h,TRUE,TRUE,FALSE,soft_hierarchical,repeated_stratified_cv,Repeat02__Fold4,Repeat02,Fold4,46,10,0.8697297630508187,0.5,0.5,0.1809062007754492,0.525443987045676,0.4
r2s_b_soft_hierarchical_r1c_then_breast_cnh,Rung 2 S2: Soft hierarchical R1 C then breast C/N/H NZ-vs-AU,soft_hierarchical_two_step,staged_r1c_then_breast_cnh_no_primary_h,TRUE,TRUE,FALSE,soft_hierarchical,repeated_stratified_cv,Repeat02__Fold5,Repeat02,Fold5,46,10,0.8796353369140837,0.5555555555555556,0.6,0.17251654426017882,0.4356910221825664,0.7
r2s_b_soft_hierarchical_r1c_then_breast_cnh,Rung 2 S2: Soft hierarchical R1 C then breast C/N/H NZ-vs-AU,soft_hierarchical_two_step,staged_r1c_then_breast_cnh_no_primary_h,TRUE,TRUE,FALSE,soft_hierarchical,repeated_stratified_cv,Repeat03__Fold1,Repeat03,Fold1,43,13,1.1125297251746338,0.2666666666666667,0.3076923076923077,0.2263753148535237,0.4847625502665847,0.6153846153846154
r2s_b_soft_hierarchical_r1c_then_breast_cnh,Rung 2 S2: Soft hierarchical R1 C then breast C/N/H NZ-vs-AU,soft_hierarchical_two_step,staged_r1c_then_breast_cnh_no_primary_h,TRUE,TRUE,FALSE,soft_hierarchical,repeated_stratified_cv,Repeat03__Fold2,Repeat03,Fold2,43,13,0.8583136098723378,0.5,0.5384615384615384,0.17097854411846983,0.5209909567018762,0.46153846153846156
r2s_b_soft_hierarchical_r1c_then_breast_cnh,Rung 2 S2: Soft hierarchical R1 C then breast C/N/H NZ-vs-AU,soft_hierarchical_two_step,staged_r1c_then_breast_cnh_no_primary_h,TRUE,TRUE,FALSE,soft_hierarchical,repeated_stratified_cv,Repeat03__Fold3,Repeat03,Fold3,46,10,0.8090404143527234,0.5555555555555556,0.6,0.16138590790620103,0.4678739124386742,0.8
r2s_b_soft_hierarchical_r1c_then_breast_cnh,Rung 2 S2: Soft hierarchical R1 C then breast C/N/H NZ-vs-AU,soft_hierarchical_two_step,staged_r1c_then_breast_cnh_no_primary_h,TRUE,TRUE,FALSE,soft_hierarchical,repeated_stratified_cv,Repeat03__Fold4,Repeat03,Fold4,46,10,0.8762191874381842,0.4722222222222222,0.5,0.1796168336257401,0.477270422659517,0.7
r2s_b_soft_hierarchical_r1c_then_breast_cnh,Rung 2 S2: Soft hierarchical R1 C then breast C/N/H NZ-vs-AU,soft_hierarchical_two_step,staged_r1c_then_breast_cnh_no_primary_h,TRUE,TRUE,FALSE,soft_hierarchical,repeated_stratified_cv,Repeat03__Fold5,Repeat03,Fold5,46,10,0.8431301952789458,0.6666666666666666,0.7,0.16362107342670232,0.49022858447510903,0.4
r2s_b_soft_hierarchical_r1c_then_breast_cnh,Rung 2 S2: Soft hierarchical R1 C then breast C/N/H NZ-vs-AU,soft_hierarchical_two_step,staged_r1c_then_breast_cnh_no_primary_h,TRUE,TRUE,FALSE,soft_hierarchical,repeated_stratified_cv,Repeat04__Fold1,Repeat04,Fold1,43,13,0.9846222287316773,0.33333333333333337,0.38461538461538464,0.19677685050470015,0.4815084028026766,0.6153846153846154
r2s_b_soft_hierarchical_r1c_then_breast_cnh,Rung 2 S2: Soft hierarchical R1 C then breast C/N/H NZ-vs-AU,soft_hierarchical_two_step,staged_r1c_then_breast_cnh_no_primary_h,TRUE,TRUE,FALSE,soft_hierarchical,repeated_stratified_cv,Repeat04__Fold2,Repeat04,Fold2,43,13,0.9941832658097453,0.6666666666666666,0.6923076923076923,0.19708096020743424,0.5129520364175675,0.38461538461538464
r2s_b_soft_hierarchical_r1c_then_breast_cnh,Rung 2 S2: Soft hierarchical R1 C then breast C/N/H NZ-vs-AU,soft_hierarchical_two_step,staged_r1c_then_breast_cnh_no_primary_h,TRUE,TRUE,FALSE,soft_hierarchical,repeated_stratified_cv,Repeat04__Fold3,Repeat04,Fold3,46,10,0.9252987102264318,0.6666666666666666,0.7,0.18279368381673713,0.4388800603713453,0.9
r2s_b_soft_hierarchical_r1c_then_breast_cnh,Rung 2 S2: Soft hierarchical R1 C then breast C/N/H NZ-vs-AU,soft_hierarchical_two_step,staged_r1c_then_breast_cnh_no_primary_h,TRUE,TRUE,FALSE,soft_hierarchical,repeated_stratified_cv,Repeat04__Fold4,Repeat04,Fold4,46,10,0.8944172471975059,0.5555555555555556,0.6,0.179825066706498,0.4845863799396689,0.7
r2s_b_soft_hierarchical_r1c_then_breast_cnh,Rung 2 S2: Soft hierarchical R1 C then breast C/N/H NZ-vs-AU,soft_hierarchical_two_step,staged_r1c_then_breast_cnh_no_primary_h,TRUE,TRUE,FALSE,soft_hierarchical,repeated_stratified_cv,Repeat04__Fold5,Repeat04,Fold5,46,10,0.8177876928686159,0.6666666666666666,0.7,0.1671422869722783,0.46221900374108743,0.7
r2s_b_soft_hierarchical_r1c_then_breast_cnh,Rung 2 S2: Soft hierarchical R1 C then breast C/N/H NZ-vs-AU,soft_hierarchical_two_step,staged_r1c_then_breast_cnh_no_primary_h,TRUE,TRUE,FALSE,soft_hierarchical,repeated_stratified_cv,Repeat05__Fold1,Repeat05,Fold1,43,13,0.9532157155183819,0.41666666666666663,0.46153846153846156,0.18852343406115418,0.4362918615531631,0.8461538461538461
r2s_b_soft_hierarchical_r1c_then_breast_cnh,Rung 2 S2: Soft hierarchical R1 C then breast C/N/H NZ-vs-AU,soft_hierarchical_two_step,staged_r1c_then_breast_cnh_no_primary_h,TRUE,TRUE,FALSE,soft_hierarchical,repeated_stratified_cv,Repeat05__Fold2,Repeat05,Fold2,43,13,1.0319621638224468,0.43333333333333335,0.46153846153846156,0.20969566581119967,0.48720695648820983,0.6923076923076923
r2s_b_soft_hierarchical_r1c_then_breast_cnh,Rung 2 S2: Soft hierarchical R1 C then breast C/N/H NZ-vs-AU,soft_hierarchical_two_step,staged_r1c_then_breast_cnh_no_primary_h,TRUE,TRUE,FALSE,soft_hierarchical,repeated_stratified_cv,Repeat05__Fold3,Repeat05,Fold3,46,10,1.0127457105274114,0.33333333333333337,0.4,0.20246445136078017,0.5103198914900793,0.5
r2s_b_soft_hierarchical_r1c_then_breast_cnh,Rung 2 S2: Soft hierarchical R1 C then breast C/N/H NZ-vs-AU,soft_hierarchical_two_step,staged_r1c_then_breast_cnh_no_primary_h,TRUE,TRUE,FALSE,soft_hierarchical,repeated_stratified_cv,Repeat05__Fold4,Repeat05,Fold4,46,10,0.8643752005540294,0.5555555555555556,0.6,0.17101050345832597,0.44473048111991903,0.9
r2s_b_soft_hierarchical_r1c_then_breast_cnh,Rung 2 S2: Soft hierarchical R1 C then breast C/N/H NZ-vs-AU,soft_hierarchical_two_step,staged_r1c_then_breast_cnh_no_primary_h,TRUE,TRUE,FALSE,soft_hierarchical,repeated_stratified_cv,Repeat05__Fold5,Repeat05,Fold5,46,10,0.8229515316934464,0.5555555555555556,0.6,0.16454611929816423,0.4664851223742907,0.8
r2s_b_soft_hierarchical_r1c_then_breast_cnh,Rung 2 S2: Soft hierarchical R1 C then breast C/N/H NZ-vs-AU,soft_hierarchical_two_step,staged_r1c_then_breast_cnh_no_primary_h,TRUE,TRUE,FALSE,soft_hierarchical,repeated_stratified_cv,Repeat06__Fold1,Repeat06,Fold1,43,13,0.9137861700299315,0.41666666666666663,0.46153846153846156,0.18016928890715822,0.4926127475299804,0.5384615384615384
r2s_b_soft_hierarchical_r1c_then_breast_cnh,Rung 2 S2: Soft hierarchical R1 C then breast C/N/H NZ-vs-AU,soft_hierarchical_two_step,staged_r1c_then_breast_cnh_no_primary_h,TRUE,TRUE,FALSE,soft_hierarchical,repeated_stratified_cv,Repeat06__Fold2,Repeat06,Fold2,43,13,0.9350229647861323,0.6666666666666666,0.6923076923076923,0.18719167205505352,0.44733920536301763,0.9230769230769231
r2s_b_soft_hierarchical_r1c_then_breast_cnh,Rung 2 S2: Soft hierarchical R1 C then breast C/N/H NZ-vs-AU,soft_hierarchical_two_step,staged_r1c_then_breast_cnh_no_primary_h,TRUE,TRUE,FALSE,soft_hierarchical,repeated_stratified_cv,Repeat06__Fold3,Repeat06,Fold3,46,10,0.8961536102715789,0.4444444444444444,0.5,0.1782718752952413,0.45558986246070104,0.7
r2s_b_soft_hierarchical_r1c_then_breast_cnh,Rung 2 S2: Soft hierarchical R1 C then breast C/N/H NZ-vs-AU,soft_hierarchical_two_step,staged_r1c_then_breast_cnh_no_primary_h,TRUE,TRUE,FALSE,soft_hierarchical,repeated_stratified_cv,Repeat06__Fold4,Repeat06,Fold4,46,10,0.9468594524703572,0.5555555555555556,0.6,0.1905557917750302,0.5642880881603036,0.4
r2s_b_soft_hierarchical_r1c_then_breast_cnh,Rung 2 S2: Soft hierarchical R1 C then breast C/N/H NZ-vs-AU,soft_hierarchical_two_step,staged_r1c_then_breast_cnh_no_primary_h,TRUE,TRUE,FALSE,soft_hierarchical,repeated_stratified_cv,Repeat06__Fold5,Repeat06,Fold5,46,10,1.0074803299266677,0.4444444444444444,0.5,0.20380090485931956,0.4297903562092582,0.8
r2s_b_soft_hierarchical_r1c_then_breast_cnh,Rung 2 S2: Soft hierarchical R1 C then breast C/N/H NZ-vs-AU,soft_hierarchical_two_step,staged_r1c_then_breast_cnh_no_primary_h,TRUE,TRUE,FALSE,soft_hierarchical,repeated_stratified_cv,Repeat07__Fold1,Repeat07,Fold1,43,13,0.8354528175087709,0.6666666666666666,0.6923076923076923,0.1688863361309267,0.438406111295706,0.9230769230769231
r2s_b_soft_hierarchical_r1c_then_breast_cnh,Rung 2 S2: Soft hierarchical R1 C then breast C/N/H NZ-vs-AU,soft_hierarchical_two_step,staged_r1c_then_breast_cnh_no_primary_h,TRUE,TRUE,FALSE,soft_hierarchical,repeated_stratified_cv,Repeat07__Fold2,Repeat07,Fold2,43,13,1.0493609024570192,0.41666666666666663,0.46153846153846156,0.2113420305741673,0.5814121795523022,0.3076923076923077
r2s_b_soft_hierarchical_r1c_then_breast_cnh,Rung 2 S2: Soft hierarchical R1 C then breast C/N/H NZ-vs-AU,soft_hierarchical_two_step,staged_r1c_then_breast_cnh_no_primary_h,TRUE,TRUE,FALSE,soft_hierarchical,repeated_stratified_cv,Repeat07__Fold3,Repeat07,Fold3,46,10,0.9162927165931601,0.6666666666666666,0.7,0.17954733032284706,0.48988258046740296,0.5
r2s_b_soft_hierarchical_r1c_then_breast_cnh,Rung 2 S2: Soft hierarchical R1 C then breast C/N/H NZ-vs-AU,soft_hierarchical_two_step,staged_r1c_then_breast_cnh_no_primary_h,TRUE,TRUE,FALSE,soft_hierarchical,repeated_stratified_cv,Repeat07__Fold4,Repeat07,Fold4,46,10,0.8057375096190104,0.5555555555555556,0.6,0.15998246728342444,0.5198497637012156,0.6
r2s_b_soft_hierarchical_r1c_then_breast_cnh,Rung 2 S2: Soft hierarchical R1 C then breast C/N/H NZ-vs-AU,soft_hierarchical_two_step,staged_r1c_then_breast_cnh_no_primary_h,TRUE,TRUE,FALSE,soft_hierarchical,repeated_stratified_cv,Repeat07__Fold5,Repeat07,Fold5,46,10,1.0499625446565286,0.4444444444444444,0.5,0.2120222858516261,0.44421304975125236,0.7
r2s_b_soft_hierarchical_r1c_then_breast_cnh,Rung 2 S2: Soft hierarchical R1 C then breast C/N/H NZ-vs-AU,soft_hierarchical_two_step,staged_r1c_then_breast_cnh_no_primary_h,TRUE,TRUE,FALSE,soft_hierarchical,repeated_stratified_cv,Repeat08__Fold1,Repeat08,Fold1,43,13,1.0311173842976773,0.5,0.5384615384615384,0.20737263581975268,0.5103240795484724,0.46153846153846156
r2s_b_soft_hierarchical_r1c_then_breast_cnh,Rung 2 S2: Soft hierarchical R1 C then breast C/N/H NZ-vs-AU,soft_hierarchical_two_step,staged_r1c_then_breast_cnh_no_primary_h,TRUE,TRUE,FALSE,soft_hierarchical,repeated_stratified_cv,Repeat08__Fold2,Repeat08,Fold2,43,13,0.8570585401776893,0.5833333333333334,0.6153846153846154,0.17225302706893222,0.46152253506057433,0.6923076923076923
r2s_b_soft_hierarchical_r1c_then_breast_cnh,Rung 2 S2: Soft hierarchical R1 C then breast C/N/H NZ-vs-AU,soft_hierarchical_two_step,staged_r1c_then_breast_cnh_no_primary_h,TRUE,TRUE,FALSE,soft_hierarchical,repeated_stratified_cv,Repeat08__Fold3,Repeat08,Fold3,46,10,0.8095321483541341,0.4444444444444444,0.5,0.16227952948653046,0.4600121603099614,0.8
r2s_b_soft_hierarchical_r1c_then_breast_cnh,Rung 2 S2: Soft hierarchical R1 C then breast C/N/H NZ-vs-AU,soft_hierarchical_two_step,staged_r1c_then_breast_cnh_no_primary_h,TRUE,TRUE,FALSE,soft_hierarchical,repeated_stratified_cv,Repeat08__Fold4,Repeat08,Fold4,46,10,0.9436573372605359,0.5555555555555556,0.6,0.18792586792625351,0.516495780823542,0.6
r2s_b_soft_hierarchical_r1c_then_breast_cnh,Rung 2 S2: Soft hierarchical R1 C then breast C/N/H NZ-vs-AU,soft_hierarchical_two_step,staged_r1c_then_breast_cnh_no_primary_h,TRUE,TRUE,FALSE,soft_hierarchical,repeated_stratified_cv,Repeat08__Fold5,Repeat08,Fold5,46,10,0.9027020927939307,0.5555555555555556,0.6,0.18028310405322853,0.5275503666319437,0.3
r2s_b_soft_hierarchical_r1c_then_breast_cnh,Rung 2 S2: Soft hierarchical R1 C then breast C/N/H NZ-vs-AU,soft_hierarchical_two_step,staged_r1c_then_breast_cnh_no_primary_h,TRUE,TRUE,FALSE,soft_hierarchical,repeated_stratified_cv,Repeat09__Fold1,Repeat09,Fold1,43,13,0.8267289259818082,0.6833333333333333,0.6923076923076923,0.16502346188085437,0.5123762571920335,0.38461538461538464
r2s_b_soft_hierarchical_r1c_then_breast_cnh,Rung 2 S2: Soft hierarchical R1 C then breast C/N/H NZ-vs-AU,soft_hierarchical_two_step,staged_r1c_then_breast_cnh_no_primary_h,TRUE,TRUE,FALSE,soft_hierarchical,repeated_stratified_cv,Repeat09__Fold2,Repeat09,Fold2,43,13,0.9494992807114826,0.75,0.7692307692307693,0.18688640026976622,0.4292087977563631,0.9230769230769231
r2s_b_soft_hierarchical_r1c_then_breast_cnh,Rung 2 S2: Soft hierarchical R1 C then breast C/N/H NZ-vs-AU,soft_hierarchical_two_step,staged_r1c_then_breast_cnh_no_primary_h,TRUE,TRUE,FALSE,soft_hierarchical,repeated_stratified_cv,Repeat09__Fold3,Repeat09,Fold3,46,10,0.917166676989651,0.4444444444444444,0.5,0.18181533894845067,0.5107026572864388,0.6
r2s_b_soft_hierarchical_r1c_then_breast_cnh,Rung 2 S2: Soft hierarchical R1 C then breast C/N/H NZ-vs-AU,soft_hierarchical_two_step,staged_r1c_then_breast_cnh_no_primary_h,TRUE,TRUE,FALSE,soft_hierarchical,repeated_stratified_cv,Repeat09__Fold4,Repeat09,Fold4,46,10,1.1117634297720587,0.25,0.3,0.22630535590084067,0.5214058357860917,0.4
r2s_b_soft_hierarchical_r1c_then_breast_cnh,Rung 2 S2: Soft hierarchical R1 C then breast C/N/H NZ-vs-AU,soft_hierarchical_two_step,staged_r1c_then_breast_cnh_no_primary_h,TRUE,TRUE,FALSE,soft_hierarchical,repeated_stratified_cv,Repeat09__Fold5,Repeat09,Fold5,46,10,0.8577960099460353,0.5555555555555556,0.6,0.16611113847881182,0.48376319154268943,0.6
r2s_b_soft_hierarchical_r1c_then_breast_cnh,Rung 2 S2: Soft hierarchical R1 C then breast C/N/H NZ-vs-AU,soft_hierarchical_two_step,staged_r1c_then_breast_cnh_no_primary_h,TRUE,TRUE,FALSE,soft_hierarchical,repeated_stratified_cv,Repeat10__Fold1,Repeat10,Fold1,43,13,0.8204835939076395,0.6666666666666666,0.6923076923076923,0.16214587428794133,0.5080966971038314,0.46153846153846156
r2s_b_soft_hierarchical_r1c_then_breast_cnh,Rung 2 S2: Soft hierarchical R1 C then breast C/N/H NZ-vs-AU,soft_hierarchical_two_step,staged_r1c_then_breast_cnh_no_primary_h,TRUE,TRUE,FALSE,soft_hierarchical,repeated_stratified_cv,Repeat10__Fold2,Repeat10,Fold2,43,13,0.8706030938487165,0.5,0.5384615384615384,0.1733051258367418,0.43454978420137946,0.8461538461538461
r2s_b_soft_hierarchical_r1c_then_breast_cnh,Rung 2 S2: Soft hierarchical R1 C then breast C/N/H NZ-vs-AU,soft_hierarchical_two_step,staged_r1c_then_breast_cnh_no_primary_h,TRUE,TRUE,FALSE,soft_hierarchical,repeated_stratified_cv,Repeat10__Fold3,Repeat10,Fold3,46,10,1.0364989966942944,0.4444444444444444,0.5,0.20992102605679672,0.5214004258527767,0.4
r2s_b_soft_hierarchical_r1c_then_breast_cnh,Rung 2 S2: Soft hierarchical R1 C then breast C/N/H NZ-vs-AU,soft_hierarchical_two_step,staged_r1c_then_breast_cnh_no_primary_h,TRUE,TRUE,FALSE,soft_hierarchical,repeated_stratified_cv,Repeat10__Fold4,Repeat10,Fold4,46,10,0.9515027147683649,0.5555555555555556,0.6,0.18882134079030755,0.457047048912019,0.8
r2s_b_soft_hierarchical_r1c_then_breast_cnh,Rung 2 S2: Soft hierarchical R1 C then breast C/N/H NZ-vs-AU,soft_hierarchical_two_step,staged_r1c_then_breast_cnh_no_primary_h,TRUE,TRUE,FALSE,soft_hierarchical,repeated_stratified_cv,Repeat10__Fold5,Repeat10,Fold5,46,10,0.9352972421155176,0.5833333333333333,0.6,0.18440144246685952,0.4779646527908799,0.7
