"source_branch","source_file","source_sheet","source_sheet_row","source_record_label","source_sia_id","specimen_id_raw","specimen_id","feather_type_raw","feather_type","feather_replicate","region_raw","region","amount_mg","isotope","raw_value","measurement_id","specimen_id_from_sia","measurement_harmonization_flags","assay_qc_decision_id","assay_qc_action","assay_qc_reason","assay_qc_evidence_source","assay_qc_decision_class","assay_qc_rule_basis","assay_qc_notes","qc_adjudicated_value","value","included_in_canonical","assay_qc_explicit","assay_qc_value_changed","assay_qc_value_excluded"
"museum_triplicate_cn","data/old file versions/Master_SI_Feathers_LEH_Sept24_v1_SB_v3_sample wts added.xls","Sample results_C&N",12,"AV314-OMNZ Breast_B","AV314-OMNZ Breast","AV314-OMNZ","AV314-OMNZ","Breast","Breast","B","homogenate","homogenate",0.837,"normalised_d15n",10.2733086735714,"museum_measurement_0001",,,,"keep",,,,,,,10.2733086735714,TRUE,FALSE,FALSE,FALSE
"museum_triplicate_cn","data/old file versions/Master_SI_Feathers_LEH_Sept24_v1_SB_v3_sample wts added.xls","Sample results_C&N",12,"AV314-OMNZ Breast_B","AV314-OMNZ Breast","AV314-OMNZ","AV314-OMNZ","Breast","Breast","B","homogenate","homogenate",0.837,"normalised_d13c",-11.7379385311811,"museum_measurement_0002",,,,"keep",,,,,,,-11.7379385311811,TRUE,FALSE,FALSE,FALSE
"museum_triplicate_cn","data/old file versions/Master_SI_Feathers_LEH_Sept24_v1_SB_v3_sample wts added.xls","Sample results_C&N",13,"AV314-OMNZ Breast_D",,"AV314-OMNZ","AV314-OMNZ","Breast","Breast","D","homogenate","homogenate",0.828,"normalised_d15n",10.6391786299836,"museum_measurement_0003",,,,"keep",,,,,,,10.6391786299836,TRUE,FALSE,FALSE,FALSE
"museum_triplicate_cn","data/old file versions/Master_SI_Feathers_LEH_Sept24_v1_SB_v3_sample wts added.xls","Sample results_C&N",13,"AV314-OMNZ Breast_D",,"AV314-OMNZ","AV314-OMNZ","Breast","Breast","D","homogenate","homogenate",0.828,"normalised_d13c",-11.1088587765799,"museum_measurement_0004",,,,"keep",,,,,,,-11.1088587765799,TRUE,FALSE,FALSE,FALSE
"museum_triplicate_cn","data/old file versions/Master_SI_Feathers_LEH_Sept24_v1_SB_v3_sample wts added.xls","Sample results_C&N",14,"AV314-OMNZ Breast_E",,"AV314-OMNZ","AV314-OMNZ","Breast","Breast","E","homogenate","homogenate",0.846,"normalised_d15n",10.3072039828848,"museum_measurement_0005",,,,"keep",,,,,,,10.3072039828848,TRUE,FALSE,FALSE,FALSE
"museum_triplicate_cn","data/old file versions/Master_SI_Feathers_LEH_Sept24_v1_SB_v3_sample wts added.xls","Sample results_C&N",14,"AV314-OMNZ Breast_E",,"AV314-OMNZ","AV314-OMNZ","Breast","Breast","E","homogenate","homogenate",0.846,"normalised_d13c",-11.9995461313956,"museum_measurement_0006",,,,"keep",,,,,,,-11.9995461313956,TRUE,FALSE,FALSE,FALSE
"museum_triplicate_cn","data/old file versions/Master_SI_Feathers_LEH_Sept24_v1_SB_v3_sample wts added.xls","Sample results_C&N",15,"AV706 Breast_A","AV706 Breast","AV706","AV706","Breast","Breast","A","homogenate","homogenate",0.749,"normalised_d15n",8.86565641620346,"museum_measurement_0007",,,,"keep",,,,,,,8.86565641620346,TRUE,FALSE,FALSE,FALSE
"museum_triplicate_cn","data/old file versions/Master_SI_Feathers_LEH_Sept24_v1_SB_v3_sample wts added.xls","Sample results_C&N",15,"AV706 Breast_A","AV706 Breast","AV706","AV706","Breast","Breast","A","homogenate","homogenate",0.749,"normalised_d13c",-15.3342795878254,"museum_measurement_0008",,,,"keep",,,,,,,-15.3342795878254,TRUE,FALSE,FALSE,FALSE
"museum_triplicate_cn","data/old file versions/Master_SI_Feathers_LEH_Sept24_v1_SB_v3_sample wts added.xls","Sample results_C&N",16,"AV706 Breast_G",,"AV706","AV706","Breast","Breast","G","homogenate","homogenate",0.789,"normalised_d15n",9.65422081817091,"museum_measurement_0009",,,,"keep",,,,,,,9.65422081817091,TRUE,FALSE,FALSE,FALSE
"museum_triplicate_cn","data/old file versions/Master_SI_Feathers_LEH_Sept24_v1_SB_v3_sample wts added.xls","Sample results_C&N",16,"AV706 Breast_G",,"AV706","AV706","Breast","Breast","G","homogenate","homogenate",0.789,"normalised_d13c",-16.926319614033,"museum_measurement_0010",,,,"keep",,,,,,,-16.926319614033,TRUE,FALSE,FALSE,FALSE
"museum_triplicate_cn","data/old file versions/Master_SI_Feathers_LEH_Sept24_v1_SB_v3_sample wts added.xls","Sample results_C&N",17,"AV706 Breast_I",,"AV706","AV706","Breast","Breast","I","homogenate","homogenate",0.853,"normalised_d15n",8.50277722237773,"museum_measurement_0011",,,,"keep",,,,,,,8.50277722237773,TRUE,FALSE,FALSE,FALSE
"museum_triplicate_cn","data/old file versions/Master_SI_Feathers_LEH_Sept24_v1_SB_v3_sample wts added.xls","Sample results_C&N",17,"AV706 Breast_I",,"AV706","AV706","Breast","Breast","I","homogenate","homogenate",0.853,"normalised_d13c",-18.2343576151051,"museum_measurement_0012",,,,"keep",,,,,,,-18.2343576151051,TRUE,FALSE,FALSE,FALSE
"museum_triplicate_cn","data/old file versions/Master_SI_Feathers_LEH_Sept24_v1_SB_v3_sample wts added.xls","Sample results_C&N",18,"AV1740 Breast_C","AV1740 Breast","AV1740","AV1740","Breast","Breast","C","homogenate","homogenate",0.702,"normalised_d15n",11.1675466869277,"museum_measurement_0013",,,,"keep",,,,,,,11.1675466869277,TRUE,FALSE,FALSE,FALSE
"museum_triplicate_cn","data/old file versions/Master_SI_Feathers_LEH_Sept24_v1_SB_v3_sample wts added.xls","Sample results_C&N",18,"AV1740 Breast_C","AV1740 Breast","AV1740","AV1740","Breast","Breast","C","homogenate","homogenate",0.702,"normalised_d13c",-18.0613097861695,"museum_measurement_0014",,,,"keep",,,,,,,-18.0613097861695,TRUE,FALSE,FALSE,FALSE
"museum_triplicate_cn","data/old file versions/Master_SI_Feathers_LEH_Sept24_v1_SB_v3_sample wts added.xls","Sample results_C&N",19,"AV1740 Breast_D",,"AV1740","AV1740","Breast","Breast","D","homogenate","homogenate",0.754,"normalised_d15n",10.6930123565402,"museum_measurement_0015",,,,"keep",,,,,,,10.6930123565402,TRUE,FALSE,FALSE,FALSE
"museum_triplicate_cn","data/old file versions/Master_SI_Feathers_LEH_Sept24_v1_SB_v3_sample wts added.xls","Sample results_C&N",19,"AV1740 Breast_D",,"AV1740","AV1740","Breast","Breast","D","homogenate","homogenate",0.754,"normalised_d13c",-18.2374114003216,"museum_measurement_0016",,,,"keep",,,,,,,-18.2374114003216,TRUE,FALSE,FALSE,FALSE
"museum_triplicate_cn","data/old file versions/Master_SI_Feathers_LEH_Sept24_v1_SB_v3_sample wts added.xls","Sample results_C&N",20,"AV1740 Breast_E",,"AV1740","AV1740","Breast","Breast","E","homogenate","homogenate",0.807,"normalised_d15n",10.8256028312073,"museum_measurement_0017",,,,"keep",,,,,,,10.8256028312073,TRUE,FALSE,FALSE,FALSE
"museum_triplicate_cn","data/old file versions/Master_SI_Feathers_LEH_Sept24_v1_SB_v3_sample wts added.xls","Sample results_C&N",20,"AV1740 Breast_E",,"AV1740","AV1740","Breast","Breast","E","homogenate","homogenate",0.807,"normalised_d13c",-18.4359074393948,"museum_measurement_0018",,,,"keep",,,,,,,-18.4359074393948,TRUE,FALSE,FALSE,FALSE
"museum_triplicate_cn","data/old file versions/Master_SI_Feathers_LEH_Sept24_v1_SB_v3_sample wts added.xls","Sample results_C&N",21,"AV1747 Breast_A","AV1747 Breast","AV1747","AV1747","Breast","Breast","A","homogenate","homogenate",0.719,"normalised_d15n",14.1383708561603,"museum_measurement_0019",,,,"keep",,,,,,,14.1383708561603,TRUE,FALSE,FALSE,FALSE
"museum_triplicate_cn","data/old file versions/Master_SI_Feathers_LEH_Sept24_v1_SB_v3_sample wts added.xls","Sample results_C&N",21,"AV1747 Breast_A","AV1747 Breast","AV1747","AV1747","Breast","Breast","A","homogenate","homogenate",0.719,"normalised_d13c",-15.0441699922568,"museum_measurement_0020",,,,"keep",,,,,,,-15.0441699922568,TRUE,FALSE,FALSE,FALSE
"museum_triplicate_cn","data/old file versions/Master_SI_Feathers_LEH_Sept24_v1_SB_v3_sample wts added.xls","Sample results_C&N",22,"AV1747 Breast_C",,"AV1747","AV1747","Breast","Breast","C","homogenate","homogenate",0.861,"normalised_d15n",13.8582360938937,"museum_measurement_0021",,,,"keep",,,,,,,13.8582360938937,TRUE,FALSE,FALSE,FALSE
"museum_triplicate_cn","data/old file versions/Master_SI_Feathers_LEH_Sept24_v1_SB_v3_sample wts added.xls","Sample results_C&N",22,"AV1747 Breast_C",,"AV1747","AV1747","Breast","Breast","C","homogenate","homogenate",0.861,"normalised_d13c",-15.4686461373518,"museum_measurement_0022",,,,"keep",,,,,,,-15.4686461373518,TRUE,FALSE,FALSE,FALSE
"museum_triplicate_cn","data/old file versions/Master_SI_Feathers_LEH_Sept24_v1_SB_v3_sample wts added.xls","Sample results_C&N",23,"AV1747 Breast_F",,"AV1747","AV1747","Breast","Breast","F","homogenate","homogenate",0.906,"normalised_d15n",14.8262462510497,"museum_measurement_0023",,,,"keep",,,,,,,14.8262462510497,TRUE,FALSE,FALSE,FALSE
"museum_triplicate_cn","data/old file versions/Master_SI_Feathers_LEH_Sept24_v1_SB_v3_sample wts added.xls","Sample results_C&N",23,"AV1747 Breast_F",,"AV1747","AV1747","Breast","Breast","F","homogenate","homogenate",0.906,"normalised_d13c",-14.1504288522247,"museum_measurement_0024",,,,"keep",,,,,,,-14.1504288522247,TRUE,FALSE,FALSE,FALSE
"museum_triplicate_cn","data/old file versions/Master_SI_Feathers_LEH_Sept24_v1_SB_v3_sample wts added.xls","Sample results_C&N",24,"AV21986 Breast_A","AV21986 Breast","AV21986","AV21986","Breast","Breast","A","homogenate","homogenate",0.729,"normalised_d15n",15.6995489263006,"museum_measurement_0025",,,,"keep",,,,,,,15.6995489263006,TRUE,FALSE,FALSE,FALSE
"museum_triplicate_cn","data/old file versions/Master_SI_Feathers_LEH_Sept24_v1_SB_v3_sample wts added.xls","Sample results_C&N",24,"AV21986 Breast_A","AV21986 Breast","AV21986","AV21986","Breast","Breast","A","homogenate","homogenate",0.729,"normalised_d13c",-14.9688432902496,"museum_measurement_0026",,,,"keep",,,,,,,-14.9688432902496,TRUE,FALSE,FALSE,FALSE
"museum_triplicate_cn","data/old file versions/Master_SI_Feathers_LEH_Sept24_v1_SB_v3_sample wts added.xls","Sample results_C&N",25,"AV21986 Breast_B",,"AV21986","AV21986","Breast","Breast","B","homogenate","homogenate",0.806,"normalised_d15n",15.8072163794138,"museum_measurement_0027",,,,"keep",,,,,,,15.8072163794138,TRUE,FALSE,FALSE,FALSE
"museum_triplicate_cn","data/old file versions/Master_SI_Feathers_LEH_Sept24_v1_SB_v3_sample wts added.xls","Sample results_C&N",25,"AV21986 Breast_B",,"AV21986","AV21986","Breast","Breast","B","homogenate","homogenate",0.806,"normalised_d13c",-15.099138126154,"museum_measurement_0028",,,,"keep",,,,,,,-15.099138126154,TRUE,FALSE,FALSE,FALSE
"museum_triplicate_cn","data/old file versions/Master_SI_Feathers_LEH_Sept24_v1_SB_v3_sample wts added.xls","Sample results_C&N",26,"AV21986 Breast_C",,"AV21986","AV21986","Breast","Breast","C","homogenate","homogenate",0.735,"normalised_d15n",16.273775342904,"museum_measurement_0029",,,,"keep",,,,,,,16.273775342904,TRUE,FALSE,FALSE,FALSE
"museum_triplicate_cn","data/old file versions/Master_SI_Feathers_LEH_Sept24_v1_SB_v3_sample wts added.xls","Sample results_C&N",26,"AV21986 Breast_C",,"AV21986","AV21986","Breast","Breast","C","homogenate","homogenate",0.735,"normalised_d13c",-14.937287509679,"museum_measurement_0030",,,,"keep",,,,,,,-14.937287509679,TRUE,FALSE,FALSE,FALSE
"museum_triplicate_cn","data/old file versions/Master_SI_Feathers_LEH_Sept24_v1_SB_v3_sample wts added.xls","Sample results_C&N",27,"AV1755 Breast_B","AV1755 Breast","AV1755","AV1755","Breast","Breast","B","homogenate","homogenate",0.87,"normalised_d15n",9.40100291918263,"museum_measurement_0031",,,,"keep",,,,,,,9.40100291918263,TRUE,FALSE,FALSE,FALSE
"museum_triplicate_cn","data/old file versions/Master_SI_Feathers_LEH_Sept24_v1_SB_v3_sample wts added.xls","Sample results_C&N",27,"AV1755 Breast_B","AV1755 Breast","AV1755","AV1755","Breast","Breast","B","homogenate","homogenate",0.87,"normalised_d13c",-22.8018023705998,"museum_measurement_0032",,,,"keep",,,,,,,-22.8018023705998,TRUE,FALSE,FALSE,FALSE
"museum_triplicate_cn","data/old file versions/Master_SI_Feathers_LEH_Sept24_v1_SB_v3_sample wts added.xls","Sample results_C&N",28,"AV1755 Breast_E",,"AV1755","AV1755","Breast","Breast","E","homogenate","homogenate",0.825,"normalised_d15n",9.2066033510617,"museum_measurement_0033",,,,"keep",,,,,,,9.2066033510617,TRUE,FALSE,FALSE,FALSE
"museum_triplicate_cn","data/old file versions/Master_SI_Feathers_LEH_Sept24_v1_SB_v3_sample wts added.xls","Sample results_C&N",28,"AV1755 Breast_E",,"AV1755","AV1755","Breast","Breast","E","homogenate","homogenate",0.825,"normalised_d13c",-22.8313222943594,"museum_measurement_0034",,,,"keep",,,,,,,-22.8313222943594,TRUE,FALSE,FALSE,FALSE
"museum_triplicate_cn","data/old file versions/Master_SI_Feathers_LEH_Sept24_v1_SB_v3_sample wts added.xls","Sample results_C&N",29,"AV1755 Breast_G",,"AV1755","AV1755","Breast","Breast","G","homogenate","homogenate",0.83,"normalised_d15n",9.41795057383933,"museum_measurement_0035",,,,"keep",,,,,,,9.41795057383933,TRUE,FALSE,FALSE,FALSE
"museum_triplicate_cn","data/old file versions/Master_SI_Feathers_LEH_Sept24_v1_SB_v3_sample wts added.xls","Sample results_C&N",29,"AV1755 Breast_G",,"AV1755","AV1755","Breast","Breast","G","homogenate","homogenate",0.83,"normalised_d13c",-22.858806361308,"museum_measurement_0036",,,,"keep",,,,,,,-22.858806361308,TRUE,FALSE,FALSE,FALSE
"museum_triplicate_cn","data/old file versions/Master_SI_Feathers_LEH_Sept24_v1_SB_v3_sample wts added.xls","Sample results_C&N",30,"AV21987 Breast_A","AV21987 Breast","AV21987","AV21987","Breast","Breast","A","homogenate","homogenate",0.776,"normalised_d15n",15.4862078617987,"museum_measurement_0037",,,,"keep",,,,,,,15.4862078617987,TRUE,FALSE,FALSE,FALSE
"museum_triplicate_cn","data/old file versions/Master_SI_Feathers_LEH_Sept24_v1_SB_v3_sample wts added.xls","Sample results_C&N",30,"AV21987 Breast_A","AV21987 Breast","AV21987","AV21987","Breast","Breast","A","homogenate","homogenate",0.776,"normalised_d13c",-15.4645744237298,"museum_measurement_0038",,,,"keep",,,,,,,-15.4645744237298,TRUE,FALSE,FALSE,FALSE
"museum_triplicate_cn","data/old file versions/Master_SI_Feathers_LEH_Sept24_v1_SB_v3_sample wts added.xls","Sample results_C&N",31,"AV21987 Breast_E",,"AV21987","AV21987","Breast","Breast","E","homogenate","homogenate",0.803,"normalised_d15n",15.7793025952733,"museum_measurement_0039",,,,"keep",,,,,,,15.7793025952733,TRUE,FALSE,FALSE,FALSE
"museum_triplicate_cn","data/old file versions/Master_SI_Feathers_LEH_Sept24_v1_SB_v3_sample wts added.xls","Sample results_C&N",31,"AV21987 Breast_E",,"AV21987","AV21987","Breast","Breast","E","homogenate","homogenate",0.803,"normalised_d13c",-14.2766519745071,"museum_measurement_0040",,,,"keep",,,,,,,-14.2766519745071,TRUE,FALSE,FALSE,FALSE
"museum_triplicate_cn","data/old file versions/Master_SI_Feathers_LEH_Sept24_v1_SB_v3_sample wts added.xls","Sample results_C&N",32,"AV21987 Breast_H",,"AV21987","AV21987","Breast","Breast","H","homogenate","homogenate",0.91,"normalised_d15n",16.091338825129,"museum_measurement_0041",,,,"keep",,,,,,,16.091338825129,TRUE,FALSE,FALSE,FALSE
"museum_triplicate_cn","data/old file versions/Master_SI_Feathers_LEH_Sept24_v1_SB_v3_sample wts added.xls","Sample results_C&N",32,"AV21987 Breast_H",,"AV21987","AV21987","Breast","Breast","H","homogenate","homogenate",0.91,"normalised_d13c",-18.1132241348502,"museum_measurement_0042",,,,"keep",,,,,,,-18.1132241348502,TRUE,FALSE,FALSE,FALSE
"museum_triplicate_cn","data/old file versions/Master_SI_Feathers_LEH_Sept24_v1_SB_v3_sample wts added.xls","Sample results_C&N",33,"AV705 Breast_A","AV705 Breast","AV705","AV705","Breast","Breast","A","homogenate","homogenate",0.728,"normalised_d15n",11.0239900827768,"museum_measurement_0043",,,,"keep",,,,,,,11.0239900827768,TRUE,FALSE,FALSE,FALSE
"museum_triplicate_cn","data/old file versions/Master_SI_Feathers_LEH_Sept24_v1_SB_v3_sample wts added.xls","Sample results_C&N",33,"AV705 Breast_A","AV705 Breast","AV705","AV705","Breast","Breast","A","homogenate","homogenate",0.728,"normalised_d13c",-22.6969557448329,"museum_measurement_0044",,,,"keep",,,,,,,-22.6969557448329,TRUE,FALSE,FALSE,FALSE
"museum_triplicate_cn","data/old file versions/Master_SI_Feathers_LEH_Sept24_v1_SB_v3_sample wts added.xls","Sample results_C&N",34,"AV705 Breast_B",,"AV705","AV705","Breast","Breast","B","homogenate","homogenate",0.773,"normalised_d15n",12.4784976206662,"museum_measurement_0045",,,,"keep",,,,,,,12.4784976206662,TRUE,FALSE,FALSE,FALSE
"museum_triplicate_cn","data/old file versions/Master_SI_Feathers_LEH_Sept24_v1_SB_v3_sample wts added.xls","Sample results_C&N",34,"AV705 Breast_B",,"AV705","AV705","Breast","Breast","B","homogenate","homogenate",0.773,"normalised_d13c",-21.8480034546429,"museum_measurement_0046",,,,"keep",,,,,,,-21.8480034546429,TRUE,FALSE,FALSE,FALSE
"museum_triplicate_cn","data/old file versions/Master_SI_Feathers_LEH_Sept24_v1_SB_v3_sample wts added.xls","Sample results_C&N",35,"AV705 Breast_E",,"AV705","AV705","Breast","Breast","E","homogenate","homogenate",0.885,"normalised_d15n",10.8265997520694,"museum_measurement_0047",,,,"keep",,,,,,,10.8265997520694,TRUE,FALSE,FALSE,FALSE
"museum_triplicate_cn","data/old file versions/Master_SI_Feathers_LEH_Sept24_v1_SB_v3_sample wts added.xls","Sample results_C&N",35,"AV705 Breast_E",,"AV705","AV705","Breast","Breast","E","homogenate","homogenate",0.885,"normalised_d13c",-22.0169795699565,"museum_measurement_0048",,,,"keep",,,,,,,-22.0169795699565,TRUE,FALSE,FALSE,FALSE
"museum_triplicate_cn","data/old file versions/Master_SI_Feathers_LEH_Sept24_v1_SB_v3_sample wts added.xls","Sample results_C&N",36,"AV2421 Breast_B","AV2421 Breast","AV2421","AV2421","Breast","Breast","B","homogenate","homogenate",0.802,"normalised_d15n",10.7059723277482,"museum_measurement_0049",,,,"keep",,,,,,,10.7059723277482,TRUE,FALSE,FALSE,FALSE
"museum_triplicate_cn","data/old file versions/Master_SI_Feathers_LEH_Sept24_v1_SB_v3_sample wts added.xls","Sample results_C&N",36,"AV2421 Breast_B","AV2421 Breast","AV2421","AV2421","Breast","Breast","B","homogenate","homogenate",0.802,"normalised_d13c",-19.177977247007,"museum_measurement_0050",,,,"keep",,,,,,,-19.177977247007,TRUE,FALSE,FALSE,FALSE
"museum_triplicate_cn","data/old file versions/Master_SI_Feathers_LEH_Sept24_v1_SB_v3_sample wts added.xls","Sample results_C&N",37,"AV2421 Breast_C",,"AV2421","AV2421","Breast","Breast","C","homogenate","homogenate",0.844,"normalised_d15n",11.5453796936858,"museum_measurement_0051",,,,"keep",,,,,,,11.5453796936858,TRUE,FALSE,FALSE,FALSE
"museum_triplicate_cn","data/old file versions/Master_SI_Feathers_LEH_Sept24_v1_SB_v3_sample wts added.xls","Sample results_C&N",37,"AV2421 Breast_C",,"AV2421","AV2421","Breast","Breast","C","homogenate","homogenate",0.844,"normalised_d13c",-18.7840389540771,"museum_measurement_0052",,,,"keep",,,,,,,-18.7840389540771,TRUE,FALSE,FALSE,FALSE
"museum_triplicate_cn","data/old file versions/Master_SI_Feathers_LEH_Sept24_v1_SB_v3_sample wts added.xls","Sample results_C&N",38,"AV2421 Breast_D",,"AV2421","AV2421","Breast","Breast","D","homogenate","homogenate",0.889,"normalised_d15n",10.50359739273,"museum_measurement_0053",,,,"keep",,,,,,,10.50359739273,TRUE,FALSE,FALSE,FALSE
"museum_triplicate_cn","data/old file versions/Master_SI_Feathers_LEH_Sept24_v1_SB_v3_sample wts added.xls","Sample results_C&N",38,"AV2421 Breast_D",,"AV2421","AV2421","Breast","Breast","D","homogenate","homogenate",0.889,"normalised_d13c",-21.5599297158854,"museum_measurement_0054",,,,"keep",,,,,,,-21.5599297158854,TRUE,FALSE,FALSE,FALSE
"museum_triplicate_h","data/Master_TCEA_H_SI_Batch 1_triplicate breast feathers_LEH_Nov25_SB.xls","Sample results_H",11,"AV21986_B feather","AV21986 Breast_B","AV21986","AV21986",,"Breast","B","homogenate","homogenate",0.254,"normalised_d2h",-3.08431812672696,"museum_measurement_0055","AV21986",,,"keep",,,,,,,-3.08431812672696,TRUE,FALSE,FALSE,FALSE
"museum_triplicate_h","data/Master_TCEA_H_SI_Batch 1_triplicate breast feathers_LEH_Nov25_SB.xls","Sample results_H",12,"AV21986_D feather","AV21986 Breast_D","AV21986","AV21986",,"Breast","D","homogenate","homogenate",0.165,"normalised_d2h",0.183912810675667,"museum_measurement_0056","AV21986",,,"keep",,,,,,,0.183912810675667,TRUE,FALSE,FALSE,FALSE
"museum_triplicate_h","data/Master_TCEA_H_SI_Batch 1_triplicate breast feathers_LEH_Nov25_SB.xls","Sample results_H",13,"AV21986_E feather","AV21986 Breast_E","AV21986","AV21986",,"Breast","E","homogenate","homogenate",0.14,"normalised_d2h",4.05669880737923,"museum_measurement_0057","AV21986",,,"keep",,,,,,,4.05669880737923,TRUE,FALSE,FALSE,FALSE
"museum_triplicate_h","data/Master_TCEA_H_SI_Batch 1_triplicate breast feathers_LEH_Nov25_SB.xls","Sample results_H",14,"AV21987_F feather","AV21987 Breast_F","AV21987","AV21987",,"Breast","F","homogenate","homogenate",0.161,"normalised_d2h",-8.25799243530993,"museum_measurement_0058","AV21987",,,"keep",,,,,,,-8.25799243530993,TRUE,FALSE,FALSE,FALSE
"museum_triplicate_h","data/Master_TCEA_H_SI_Batch 1_triplicate breast feathers_LEH_Nov25_SB.xls","Sample results_H",15,"AV21987_H feather","AV21987 Breast_H","AV21987","AV21987",,"Breast","H","homogenate","homogenate",0.121,"normalised_d2h",-7.93260522491936,"museum_measurement_0059","AV21987",,,"keep",,,,,,,-7.93260522491936,TRUE,FALSE,FALSE,FALSE
"museum_triplicate_h","data/Master_TCEA_H_SI_Batch 1_triplicate breast feathers_LEH_Nov25_SB.xls","Sample results_H",16,"AV2421_B feather","AV2421 Breast_B","AV2421","AV2421",,"Breast","B","homogenate","homogenate",0.155,"normalised_d2h",-16.8703083767061,"museum_measurement_0060","AV2421",,,"keep",,,,,,,-16.8703083767061,TRUE,FALSE,FALSE,FALSE
"museum_triplicate_h","data/Master_TCEA_H_SI_Batch 1_triplicate breast feathers_LEH_Nov25_SB.xls","Sample results_H",17,"AV2421_A feather","AV2421 Breast_A","AV2421","AV2421",,"Breast","A","homogenate","homogenate",0.192,"normalised_d2h",-19.9952829358012,"museum_measurement_0061","AV2421",,,"keep",,,,,,,-19.9952829358012,TRUE,FALSE,FALSE,FALSE
"museum_triplicate_h","data/Master_TCEA_H_SI_Batch 1_triplicate breast feathers_LEH_Nov25_SB.xls","Sample results_H",18,"AV2421_E feather","AV2421 Breast_E","AV2421","AV2421",,"Breast","E","homogenate","homogenate",0.191,"normalised_d2h",-22.1478477921735,"museum_measurement_0062","AV2421",,,"keep",,,,,,,-22.1478477921735,TRUE,FALSE,FALSE,FALSE
"museum_triplicate_h","data/Master_TCEA_H_SI_Batch 1_triplicate breast feathers_LEH_Nov25_SB.xls","Sample results_H",19,"AV705_A feather","AV705 Breast_A","AV705","AV705",,"Breast","A","homogenate","homogenate",0.248,"normalised_d2h",4.70056229400749,"museum_measurement_0063","AV705",,,"keep",,,,,,,4.70056229400749,TRUE,FALSE,FALSE,FALSE
"museum_triplicate_h","data/Master_TCEA_H_SI_Batch 1_triplicate breast feathers_LEH_Nov25_SB.xls","Sample results_H",20,"AV705_C feather","AV705 Breast_C","AV705","AV705",,"Breast","C","homogenate","homogenate",0.167,"normalised_d2h",-2.84742098790851,"museum_measurement_0064","AV705",,,"keep",,,,,,,-2.84742098790851,TRUE,FALSE,FALSE,FALSE
"museum_triplicate_h","data/Master_TCEA_H_SI_Batch 1_triplicate breast feathers_LEH_Nov25_SB.xls","Sample results_H",21,"AV705_D feather","AV2421 Breast_D","AV705","AV705",,"Breast","D","homogenate","homogenate",0.152,"normalised_d2h",15.8521938641714,"museum_measurement_0065","AV2421",,"aqc_rule_0002","exclude","do not use data - voltage too low","sheet note|red font|comment column","rule_based","sheet_note_red_font_exclusion","do not use values in red font",,,FALSE,TRUE,FALSE,TRUE
"museum_triplicate_h","data/Master_TCEA_H_SI_Batch 1_triplicate breast feathers_LEH_Nov25_SB.xls","Sample results_H",22,"AV706_E feather","AV706 Breast_E","AV706","AV706",,"Breast","E","homogenate","homogenate",0.174,"normalised_d2h",-74.8204088793002,"museum_measurement_0066","AV706",,,"keep",,,,,,,-74.8204088793002,TRUE,FALSE,FALSE,FALSE
"museum_triplicate_h","data/Master_TCEA_H_SI_Batch 1_triplicate breast feathers_LEH_Nov25_SB.xls","Sample results_H",23,"AV706_F feather","AV706 Breast_F","AV706","AV706",,"Breast","F","homogenate","homogenate",0.224,"normalised_d2h",-66.2327248293228,"museum_measurement_0067","AV706",,,"keep",,,,,,,-66.2327248293228,TRUE,FALSE,FALSE,FALSE
"museum_triplicate_h","data/Master_TCEA_H_SI_Batch 1_triplicate breast feathers_LEH_Nov25_SB.xls","Sample results_H",24,"AV706_H feather","AV706 Breast_H","AV706","AV706",,"Breast","H","homogenate","homogenate",0.143,"normalised_d2h",-73.6345542707527,"museum_measurement_0068","AV706",,,"keep",,,,,,,-73.6345542707527,TRUE,FALSE,FALSE,FALSE
"museum_triplicate_o","data/Master_TCEA_O_SI_Breast Feathers_Replication_Batch 4_LEH_Sept25_SB.xls","Sample results_O",9,"AV21986_A feather","AV21986 Breast_A","AV21986","AV21986",,"Breast","A","homogenate","homogenate",0.185,"normalised_d18o",21.9037948245524,"museum_measurement_0069",,,"aqc_rule_0001","exclude","Low voltage, do not use d18O","sheet note|red font|comment column","rule_based","sheet_note_red_font_exclusion","do not use values in red font",,,FALSE,TRUE,FALSE,TRUE
"museum_triplicate_o","data/Master_TCEA_O_SI_Breast Feathers_Replication_Batch 4_LEH_Sept25_SB.xls","Sample results_O",10,"AV21986_C feather","AV21986 Breast_C","AV21986","AV21986",,"Breast","C","homogenate","homogenate",0.385,"normalised_d18o",15.9519540721763,"museum_measurement_0070",,,,"keep",,,,,,,15.9519540721763,TRUE,FALSE,FALSE,FALSE
"museum_triplicate_o","data/Master_TCEA_O_SI_Breast Feathers_Replication_Batch 4_LEH_Sept25_SB.xls","Sample results_O",11,"AV21986_E feather","AV21986 Breast_E","AV21986","AV21986",,"Breast","E","homogenate","homogenate",0.305,"normalised_d18o",16.0430700053634,"museum_measurement_0071",,,,"keep",,,,,,,16.0430700053634,TRUE,FALSE,FALSE,FALSE
"museum_triplicate_o","data/Master_TCEA_O_SI_Breast Feathers_Replication_Batch 4_LEH_Sept25_SB.xls","Sample results_O",12,"AV21987_B feather","AV21987 Breast_B","AV21987","AV21987",,"Breast","B","homogenate","homogenate",0.612,"normalised_d18o",15.7693896154151,"museum_measurement_0072",,,,"keep",,,,,,,15.7693896154151,TRUE,FALSE,FALSE,FALSE
"museum_triplicate_o","data/Master_TCEA_O_SI_Breast Feathers_Replication_Batch 4_LEH_Sept25_SB.xls","Sample results_O",13,"AV21987_D feather","AV21987 Breast_D","AV21987","AV21987",,"Breast","D","homogenate","homogenate",0.392,"normalised_d18o",14.220205469779,"museum_measurement_0073",,,,"keep",,,,,,,14.220205469779,TRUE,FALSE,FALSE,FALSE
"museum_triplicate_o","data/Master_TCEA_O_SI_Breast Feathers_Replication_Batch 4_LEH_Sept25_SB.xls","Sample results_O",14,"AV21987_G feather","AV21987 Breast_G","AV21987","AV21987",,"Breast","G","homogenate","homogenate",0.312,"normalised_d18o",14.5657274483956,"museum_measurement_0074",,,,"keep",,,,,,,14.5657274483956,TRUE,FALSE,FALSE,FALSE
"museum_triplicate_o","data/Master_TCEA_O_SI_Breast Feathers_Replication_Batch 4_LEH_Sept25_SB.xls","Sample results_O",15,"AV2421_B feather","AV2421 Breast_B","AV2421","AV2421",,"Breast","B","homogenate","homogenate",0.353,"normalised_d18o",13.6019829091576,"museum_measurement_0075",,,,"keep",,,,,,,13.6019829091576,TRUE,FALSE,FALSE,FALSE
"museum_triplicate_o","data/Master_TCEA_O_SI_Breast Feathers_Replication_Batch 4_LEH_Sept25_SB.xls","Sample results_O",16,"AV2421_C feather","AV2421 Breast_C","AV2421","AV2421",,"Breast","C","homogenate","homogenate",0.574,"normalised_d18o",14.5132224435233,"museum_measurement_0076",,,,"keep",,,,,,,14.5132224435233,TRUE,FALSE,FALSE,FALSE
"museum_triplicate_o","data/Master_TCEA_O_SI_Breast Feathers_Replication_Batch 4_LEH_Sept25_SB.xls","Sample results_O",17,"AV2421_D feather","AV2421 Breast_D","AV2421","AV2421",,"Breast","D","homogenate","homogenate",0.35,"normalised_d18o",15.5229416330264,"museum_measurement_0077",,,,"keep",,,,,,,15.5229416330264,TRUE,FALSE,FALSE,FALSE
"museum_triplicate_o","data/Master_TCEA_O_SI_Breast Feathers_Replication_Batch 4_LEH_Sept25_SB.xls","Sample results_O",18,"AV705_A feather","AV705 Breast_A","AV705","AV705",,"Breast","A","homogenate","homogenate",0.426,"normalised_d18o",13.5409156616211,"museum_measurement_0078",,,,"keep",,,,,,,13.5409156616211,TRUE,FALSE,FALSE,FALSE
"museum_triplicate_o","data/Master_TCEA_O_SI_Breast Feathers_Replication_Batch 4_LEH_Sept25_SB.xls","Sample results_O",19,"AV705_C feather","AV705 Breast_C","AV705","AV705",,"Breast","C","homogenate","homogenate",0.382,"normalised_d18o",12.699246035195,"museum_measurement_0079",,,,"keep",,,,,,,12.699246035195,TRUE,FALSE,FALSE,FALSE
"museum_triplicate_o","data/Master_TCEA_O_SI_Breast Feathers_Replication_Batch 4_LEH_Sept25_SB.xls","Sample results_O",20,"AV705_D feather","AV2421 Breast_D","AV705","AV705",,"Breast","D","homogenate","homogenate",0.526,"normalised_d18o",13.3343442138345,"museum_measurement_0080",,,,"keep",,,,,,,13.3343442138345,TRUE,FALSE,FALSE,FALSE
"museum_triplicate_o","data/Master_TCEA_O_SI_Breast Feathers_Replication_Batch 4_LEH_Sept25_SB.xls","Sample results_O",21,"AV706_C feather","AV706 Breast_C","AV706","AV706",,"Breast","C","homogenate","homogenate",0.216,"normalised_d18o",14.8569735728912,"museum_measurement_0081",,,,"keep",,,,,,,14.8569735728912,TRUE,FALSE,FALSE,FALSE
"museum_triplicate_o","data/Master_TCEA_O_SI_Breast Feathers_Replication_Batch 4_LEH_Sept25_SB.xls","Sample results_O",22,"AV706_F feather","AV706 Breast_F","AV706","AV706",,"Breast","F","homogenate","homogenate",0.434,"normalised_d18o",14.5602943094852,"museum_measurement_0082",,,,"keep",,,,,,,14.5602943094852,TRUE,FALSE,FALSE,FALSE
"museum_triplicate_o","data/Master_TCEA_O_SI_Breast Feathers_Replication_Batch 4_LEH_Sept25_SB.xls","Sample results_O",23,"AV706_H feather","AV706 Breast_H","AV706","AV706",,"Breast","H","homogenate","homogenate",0.472,"normalised_d18o",14.1374357913519,"museum_measurement_0083",,,,"keep",,,,,,,14.1374357913519,TRUE,FALSE,FALSE,FALSE
"museum_batch_cn","data/Master_EA_C_N_SI_Batch 3 vane_barb and Batch 4 Breast Feathers_LEH_Sept25_v1_SB.xls","Sample results_C&N",11,"AV708_Breast","AV708","AV708","AV708","Breast","Breast",,,"homogenate",0.188,"normalised_d15n",12.0290894939972,"museum_measurement_0084",,"region_missing_harmonized_to_homogenate",,"keep",,,,,,,12.0290894939972,TRUE,FALSE,FALSE,FALSE
"museum_batch_cn","data/Master_EA_C_N_SI_Batch 3 vane_barb and Batch 4 Breast Feathers_LEH_Sept25_v1_SB.xls","Sample results_C&N",11,"AV708_Breast","AV708","AV708","AV708","Breast","Breast",,,"homogenate",0.188,"normalised_d13c",-15.8626244183992,"museum_measurement_0085",,"region_missing_harmonized_to_homogenate",,"keep",,,,,,,-15.8626244183992,TRUE,FALSE,FALSE,FALSE
"museum_batch_cn","data/Master_EA_C_N_SI_Batch 3 vane_barb and Batch 4 Breast Feathers_LEH_Sept25_v1_SB.xls","Sample results_C&N",12,"MNHN-Z0-M0-2003-799_Breast","MNHN-Z0-M0-2003-799","MNHN-Z0-M0-2003-799","MNHN-Z0-M0-2003-799","Breast","Breast",,,"homogenate",0.186,"normalised_d15n",10.9057898504353,"museum_measurement_0086",,"region_missing_harmonized_to_homogenate",,"keep",,,,,,,10.9057898504353,TRUE,FALSE,FALSE,FALSE
"museum_batch_cn","data/Master_EA_C_N_SI_Batch 3 vane_barb and Batch 4 Breast Feathers_LEH_Sept25_v1_SB.xls","Sample results_C&N",12,"MNHN-Z0-M0-2003-799_Breast","MNHN-Z0-M0-2003-799","MNHN-Z0-M0-2003-799","MNHN-Z0-M0-2003-799","Breast","Breast",,,"homogenate",0.186,"normalised_d13c",-17.632117321397,"museum_measurement_0087",,"region_missing_harmonized_to_homogenate",,"keep",,,,,,,-17.632117321397,TRUE,FALSE,FALSE,FALSE
"museum_batch_cn","data/Master_EA_C_N_SI_Batch 3 vane_barb and Batch 4 Breast Feathers_LEH_Sept25_v1_SB.xls","Sample results_C&N",13,"2291_Breast","2291","2291","2291","Breast","Breast",,,"homogenate",0.214,"normalised_d15n",17.1768799423845,"museum_measurement_0088",,"region_missing_harmonized_to_homogenate",,"keep",,,,,,,17.1768799423845,TRUE,FALSE,FALSE,FALSE
"museum_batch_cn","data/Master_EA_C_N_SI_Batch 3 vane_barb and Batch 4 Breast Feathers_LEH_Sept25_v1_SB.xls","Sample results_C&N",13,"2291_Breast","2291","2291","2291","Breast","Breast",,,"homogenate",0.214,"normalised_d13c",-18.0729807409152,"museum_measurement_0089",,"region_missing_harmonized_to_homogenate",,"keep",,,,,,,-18.0729807409152,TRUE,FALSE,FALSE,FALSE
"museum_batch_cn","data/Master_EA_C_N_SI_Batch 3 vane_barb and Batch 4 Breast Feathers_LEH_Sept25_v1_SB.xls","Sample results_C&N",14,"6257_Breast","6257","6257","6257","Breast","Breast",,,"homogenate",0.256,"normalised_d15n",8.36537375262893,"museum_measurement_0090",,"region_missing_harmonized_to_homogenate",,"keep",,,,,,,8.36537375262893,TRUE,FALSE,FALSE,FALSE
"museum_batch_cn","data/Master_EA_C_N_SI_Batch 3 vane_barb and Batch 4 Breast Feathers_LEH_Sept25_v1_SB.xls","Sample results_C&N",14,"6257_Breast","6257","6257","6257","Breast","Breast",,,"homogenate",0.256,"normalised_d13c",-12.7091424701101,"museum_measurement_0091",,"region_missing_harmonized_to_homogenate",,"keep",,,,,,,-12.7091424701101,TRUE,FALSE,FALSE,FALSE
"museum_batch_cn","data/Master_EA_C_N_SI_Batch 3 vane_barb and Batch 4 Breast Feathers_LEH_Sept25_v1_SB.xls","Sample results_C&N",15,"6260_Breast","6260 - back up","6260","6260","Breast","Breast",,,"homogenate",0.255,"normalised_d15n",11.9361474416384,"museum_measurement_0092",,"region_missing_harmonized_to_homogenate",,"keep",,,,,,,11.9361474416384,TRUE,FALSE,FALSE,FALSE
"museum_batch_cn","data/Master_EA_C_N_SI_Batch 3 vane_barb and Batch 4 Breast Feathers_LEH_Sept25_v1_SB.xls","Sample results_C&N",15,"6260_Breast","6260 - back up","6260","6260","Breast","Breast",,,"homogenate",0.255,"normalised_d13c",-16.5370045350138,"museum_measurement_0093",,"region_missing_harmonized_to_homogenate",,"keep",,,,,,,-16.5370045350138,TRUE,FALSE,FALSE,FALSE
"museum_batch_cn","data/Master_EA_C_N_SI_Batch 3 vane_barb and Batch 4 Breast Feathers_LEH_Sept25_v1_SB.xls","Sample results_C&N",16,"11580_Breast","11580","11580","11580","Breast","Breast",,,"homogenate",0.248,"normalised_d15n",12.6297150151544,"museum_measurement_0094",,"region_missing_harmonized_to_homogenate",,"keep",,,,,,,12.6297150151544,TRUE,FALSE,FALSE,FALSE
"museum_batch_cn","data/Master_EA_C_N_SI_Batch 3 vane_barb and Batch 4 Breast Feathers_LEH_Sept25_v1_SB.xls","Sample results_C&N",16,"11580_Breast","11580","11580","11580","Breast","Breast",,,"homogenate",0.248,"normalised_d13c",-17.0141033040815,"museum_measurement_0095",,"region_missing_harmonized_to_homogenate",,"keep",,,,,,,-17.0141033040815,TRUE,FALSE,FALSE,FALSE
"museum_batch_cn","data/Master_EA_C_N_SI_Batch 3 vane_barb and Batch 4 Breast Feathers_LEH_Sept25_v1_SB.xls","Sample results_C&N",17,"14944_Breast","14944","14944","14944","Breast","Breast",,,"homogenate",0.217,"normalised_d15n",11.4204689575833,"museum_measurement_0096",,"region_missing_harmonized_to_homogenate",,"keep",,,,,,,11.4204689575833,TRUE,FALSE,FALSE,FALSE
"museum_batch_cn","data/Master_EA_C_N_SI_Batch 3 vane_barb and Batch 4 Breast Feathers_LEH_Sept25_v1_SB.xls","Sample results_C&N",17,"14944_Breast","14944","14944","14944","Breast","Breast",,,"homogenate",0.217,"normalised_d13c",-22.9778379174274,"museum_measurement_0097",,"region_missing_harmonized_to_homogenate",,"keep",,,,,,,-22.9778379174274,TRUE,FALSE,FALSE,FALSE
"museum_batch_cn","data/Master_EA_C_N_SI_Batch 3 vane_barb and Batch 4 Breast Feathers_LEH_Sept25_v1_SB.xls","Sample results_C&N",18,"15201_Breast","15201","15201","15201","Breast","Breast",,,"homogenate",0.204,"normalised_d15n",10.7408926607665,"museum_measurement_0098",,"region_missing_harmonized_to_homogenate",,"keep",,,,,,,10.7408926607665,TRUE,FALSE,FALSE,FALSE
"museum_batch_cn","data/Master_EA_C_N_SI_Batch 3 vane_barb and Batch 4 Breast Feathers_LEH_Sept25_v1_SB.xls","Sample results_C&N",18,"15201_Breast","15201","15201","15201","Breast","Breast",,,"homogenate",0.204,"normalised_d13c",-21.5354696978621,"museum_measurement_0099",,"region_missing_harmonized_to_homogenate",,"keep",,,,,,,-21.5354696978621,TRUE,FALSE,FALSE,FALSE
"museum_batch_cn","data/Master_EA_C_N_SI_Batch 3 vane_barb and Batch 4 Breast Feathers_LEH_Sept25_v1_SB.xls","Sample results_C&N",19,"15202_Breast","15202","15202","15202","Breast","Breast",,,"homogenate",0.203,"normalised_d15n",9.60060360978418,"museum_measurement_0100",,"region_missing_harmonized_to_homogenate",,"keep",,,,,,,9.60060360978418,TRUE,FALSE,FALSE,FALSE
"museum_batch_cn","data/Master_EA_C_N_SI_Batch 3 vane_barb and Batch 4 Breast Feathers_LEH_Sept25_v1_SB.xls","Sample results_C&N",19,"15202_Breast","15202","15202","15202","Breast","Breast",,,"homogenate",0.203,"normalised_d13c",-20.3527881500677,"museum_measurement_0101",,"region_missing_harmonized_to_homogenate",,"keep",,,,,,,-20.3527881500677,TRUE,FALSE,FALSE,FALSE
"museum_batch_cn","data/Master_EA_C_N_SI_Batch 3 vane_barb and Batch 4 Breast Feathers_LEH_Sept25_v1_SB.xls","Sample results_C&N",20,"15209_Breast","15209","15209","15209","Breast","Breast",,,"homogenate",0.242,"normalised_d15n",9.82746216769214,"museum_measurement_0102",,"region_missing_harmonized_to_homogenate",,"keep",,,,,,,9.82746216769214,TRUE,FALSE,FALSE,FALSE
"museum_batch_cn","data/Master_EA_C_N_SI_Batch 3 vane_barb and Batch 4 Breast Feathers_LEH_Sept25_v1_SB.xls","Sample results_C&N",20,"15209_Breast","15209","15209","15209","Breast","Breast",,,"homogenate",0.242,"normalised_d13c",-19.6019111844043,"museum_measurement_0103",,"region_missing_harmonized_to_homogenate",,"keep",,,,,,,-19.6019111844043,TRUE,FALSE,FALSE,FALSE
"museum_batch_cn","data/Master_EA_C_N_SI_Batch 3 vane_barb and Batch 4 Breast Feathers_LEH_Sept25_v1_SB.xls","Sample results_C&N",21,"15210_Breast","15210","15210","15210","Breast","Breast",,,"homogenate",0.199,"normalised_d15n",8.83508089895819,"museum_measurement_0104",,"region_missing_harmonized_to_homogenate",,"keep",,,,,,,8.83508089895819,TRUE,FALSE,FALSE,FALSE
"museum_batch_cn","data/Master_EA_C_N_SI_Batch 3 vane_barb and Batch 4 Breast Feathers_LEH_Sept25_v1_SB.xls","Sample results_C&N",21,"15210_Breast","15210","15210","15210","Breast","Breast",,,"homogenate",0.199,"normalised_d13c",-23.0120601920019,"museum_measurement_0105",,"region_missing_harmonized_to_homogenate",,"keep",,,,,,,-23.0120601920019,TRUE,FALSE,FALSE,FALSE
"museum_batch_cn","data/Master_EA_C_N_SI_Batch 3 vane_barb and Batch 4 Breast Feathers_LEH_Sept25_v1_SB.xls","Sample results_C&N",22,"15261_Breast","15261","15261","15261","Breast","Breast",,,"homogenate",0.242,"normalised_d15n",10.161254054658,"museum_measurement_0106",,"region_missing_harmonized_to_homogenate",,"keep",,,,,,,10.161254054658,TRUE,FALSE,FALSE,FALSE
"museum_batch_cn","data/Master_EA_C_N_SI_Batch 3 vane_barb and Batch 4 Breast Feathers_LEH_Sept25_v1_SB.xls","Sample results_C&N",22,"15261_Breast","15261","15261","15261","Breast","Breast",,,"homogenate",0.242,"normalised_d13c",-23.2133676894988,"museum_measurement_0107",,"region_missing_harmonized_to_homogenate",,"keep",,,,,,,-23.2133676894988,TRUE,FALSE,FALSE,FALSE
"museum_batch_cn","data/Master_EA_C_N_SI_Batch 3 vane_barb and Batch 4 Breast Feathers_LEH_Sept25_v1_SB.xls","Sample results_C&N",24,"16886_Breast","16886","16886","16886","Breast","Breast",,,"homogenate",0.2,"normalised_d15n",11.0976702165953,"museum_measurement_0108",,"region_missing_harmonized_to_homogenate",,"keep",,,,,,,11.0976702165953,TRUE,FALSE,FALSE,FALSE
"museum_batch_cn","data/Master_EA_C_N_SI_Batch 3 vane_barb and Batch 4 Breast Feathers_LEH_Sept25_v1_SB.xls","Sample results_C&N",24,"16886_Breast","16886","16886","16886","Breast","Breast",,,"homogenate",0.2,"normalised_d13c",-21.635116909123,"museum_measurement_0109",,"region_missing_harmonized_to_homogenate",,"keep",,,,,,,-21.635116909123,TRUE,FALSE,FALSE,FALSE
"museum_batch_cn","data/Master_EA_C_N_SI_Batch 3 vane_barb and Batch 4 Breast Feathers_LEH_Sept25_v1_SB.xls","Sample results_C&N",26,"17371_Breast","17371","17371","17371","Breast","Breast",,,"homogenate",0.222,"normalised_d15n",10.4150957890573,"museum_measurement_0110",,"region_missing_harmonized_to_homogenate",,"keep",,,,,,,10.4150957890573,TRUE,FALSE,FALSE,FALSE
"museum_batch_cn","data/Master_EA_C_N_SI_Batch 3 vane_barb and Batch 4 Breast Feathers_LEH_Sept25_v1_SB.xls","Sample results_C&N",26,"17371_Breast","17371","17371","17371","Breast","Breast",,,"homogenate",0.222,"normalised_d13c",-20.9466452676836,"museum_measurement_0111",,"region_missing_harmonized_to_homogenate",,"keep",,,,,,,-20.9466452676836,TRUE,FALSE,FALSE,FALSE
"museum_batch_cn","data/Master_EA_C_N_SI_Batch 3 vane_barb and Batch 4 Breast Feathers_LEH_Sept25_v1_SB.xls","Sample results_C&N",27,"35514_Breast","35514","35514","35514","Breast","Breast",,,"homogenate",0.227,"normalised_d15n",13.2303405363116,"museum_measurement_0112",,"region_missing_harmonized_to_homogenate",,"keep",,,,,,,13.2303405363116,TRUE,FALSE,FALSE,FALSE
"museum_batch_cn","data/Master_EA_C_N_SI_Batch 3 vane_barb and Batch 4 Breast Feathers_LEH_Sept25_v1_SB.xls","Sample results_C&N",27,"35514_Breast","35514","35514","35514","Breast","Breast",,,"homogenate",0.227,"normalised_d13c",-23.3734071500088,"museum_measurement_0113",,"region_missing_harmonized_to_homogenate",,"keep",,,,,,,-23.3734071500088,TRUE,FALSE,FALSE,FALSE
"museum_batch_cn","data/Master_EA_C_N_SI_Batch 3 vane_barb and Batch 4 Breast Feathers_LEH_Sept25_v1_SB.xls","Sample results_C&N",30,"AV3132-OMNZ_Breast","AV3132-OMNZ","AV3132-OMNZ","AV3132-OMNZ","Breast","Breast",,,"homogenate",0.288,"normalised_d15n",10.3661263206102,"museum_measurement_0114",,"region_missing_harmonized_to_homogenate",,"keep",,,,,,,10.3661263206102,TRUE,FALSE,FALSE,FALSE
"museum_batch_cn","data/Master_EA_C_N_SI_Batch 3 vane_barb and Batch 4 Breast Feathers_LEH_Sept25_v1_SB.xls","Sample results_C&N",30,"AV3132-OMNZ_Breast","AV3132-OMNZ","AV3132-OMNZ","AV3132-OMNZ","Breast","Breast",,,"homogenate",0.288,"normalised_d13c",-13.3432610872254,"museum_measurement_0115",,"region_missing_harmonized_to_homogenate",,"keep",,,,,,,-13.3432610872254,TRUE,FALSE,FALSE,FALSE
"museum_batch_cn","data/Master_EA_C_N_SI_Batch 3 vane_barb and Batch 4 Breast Feathers_LEH_Sept25_v1_SB.xls","Sample results_C&N",31,"AV3132-OMNZ_Breast Feather_Shaft test",,"AV3132-OMNZ","AV3132-OMNZ","Breast","Breast",,"Shaft","Rachis",0.196,"normalised_d15n",11.9509547104556,"museum_measurement_0116",,"region_shaft_harmonized_to_rachis",,"keep",,,,,,,11.9509547104556,TRUE,FALSE,FALSE,FALSE
"museum_batch_cn","data/Master_EA_C_N_SI_Batch 3 vane_barb and Batch 4 Breast Feathers_LEH_Sept25_v1_SB.xls","Sample results_C&N",31,"AV3132-OMNZ_Breast Feather_Shaft test",,"AV3132-OMNZ","AV3132-OMNZ","Breast","Breast",,"Shaft","Rachis",0.196,"normalised_d13c",-12.3621447494597,"museum_measurement_0117",,"region_shaft_harmonized_to_rachis",,"keep",,,,,,,-12.3621447494597,TRUE,FALSE,FALSE,FALSE
"museum_batch_cn","data/Master_EA_C_N_SI_Batch 3 vane_barb and Batch 4 Breast Feathers_LEH_Sept25_v1_SB.xls","Sample results_C&N",32,"AV3132-OMNZ_Breast Feather_Barb test",,"AV3132-OMNZ","AV3132-OMNZ","Breast","Breast",,"Barb","Barb",0.189,"normalised_d15n",12.1953607566875,"museum_measurement_0118",,,,"keep",,,,,,,12.1953607566875,TRUE,FALSE,FALSE,FALSE
"museum_batch_cn","data/Master_EA_C_N_SI_Batch 3 vane_barb and Batch 4 Breast Feathers_LEH_Sept25_v1_SB.xls","Sample results_C&N",32,"AV3132-OMNZ_Breast Feather_Barb test",,"AV3132-OMNZ","AV3132-OMNZ","Breast","Breast",,"Barb","Barb",0.189,"normalised_d13c",-12.4658061045878,"museum_measurement_0119",,,,"keep",,,,,,,-12.4658061045878,TRUE,FALSE,FALSE,FALSE
"museum_batch_cn","data/Master_EA_C_N_SI_Batch 3 vane_barb and Batch 4 Breast Feathers_LEH_Sept25_v1_SB.xls","Sample results_C&N",33,"2423-136221_Breast","2423-136221","2423-136221","2423-136221","Breast","Breast",,,"homogenate",0.201,"normalised_d15n",10.2302110612468,"museum_measurement_0120",,"region_missing_harmonized_to_homogenate",,"keep",,,,,,,10.2302110612468,TRUE,FALSE,FALSE,FALSE
"museum_batch_cn","data/Master_EA_C_N_SI_Batch 3 vane_barb and Batch 4 Breast Feathers_LEH_Sept25_v1_SB.xls","Sample results_C&N",33,"2423-136221_Breast","2423-136221","2423-136221","2423-136221","Breast","Breast",,,"homogenate",0.201,"normalised_d13c",-21.7850909947582,"museum_measurement_0121",,"region_missing_harmonized_to_homogenate",,"keep",,,,,,,-21.7850909947582,TRUE,FALSE,FALSE,FALSE
"museum_batch_cn","data/Master_EA_C_N_SI_Batch 3 vane_barb and Batch 4 Breast Feathers_LEH_Sept25_v1_SB.xls","Sample results_C&N",34,"244-111733_Breast","244-111733","244-111733","244-111733","Breast","Breast",,,"homogenate",0.225,"normalised_d15n",9.143888363247,"museum_measurement_0122",,"region_missing_harmonized_to_homogenate",,"keep",,,,,,,9.143888363247,TRUE,FALSE,FALSE,FALSE
"museum_batch_cn","data/Master_EA_C_N_SI_Batch 3 vane_barb and Batch 4 Breast Feathers_LEH_Sept25_v1_SB.xls","Sample results_C&N",34,"244-111733_Breast","244-111733","244-111733","244-111733","Breast","Breast",,,"homogenate",0.225,"normalised_d13c",-20.7745273573238,"museum_measurement_0123",,"region_missing_harmonized_to_homogenate",,"keep",,,,,,,-20.7745273573238,TRUE,FALSE,FALSE,FALSE
"museum_batch_cn","data/Master_EA_C_N_SI_Batch 3 vane_barb and Batch 4 Breast Feathers_LEH_Sept25_v1_SB.xls","Sample results_C&N",35,"244-111733_Breast Feather_Shaft test",,"244-111733","244-111733","Breast","Breast",,"Shaft","Rachis",0.147,"normalised_d15n",12.242211077898,"museum_measurement_0124",,"region_shaft_harmonized_to_rachis",,"keep",,,,,,,12.242211077898,TRUE,FALSE,FALSE,FALSE
"museum_batch_cn","data/Master_EA_C_N_SI_Batch 3 vane_barb and Batch 4 Breast Feathers_LEH_Sept25_v1_SB.xls","Sample results_C&N",35,"244-111733_Breast Feather_Shaft test",,"244-111733","244-111733","Breast","Breast",,"Shaft","Rachis",0.147,"normalised_d13c",-21.5392235416826,"museum_measurement_0125",,"region_shaft_harmonized_to_rachis",,"keep",,,,,,,-21.5392235416826,TRUE,FALSE,FALSE,FALSE
"museum_batch_cn","data/Master_EA_C_N_SI_Batch 3 vane_barb and Batch 4 Breast Feathers_LEH_Sept25_v1_SB.xls","Sample results_C&N",36,"244-111733_Breast Feather_Barb test",,"244-111733","244-111733","Breast","Breast",,"Barb","Barb",0.426,"normalised_d15n",9.82146798785107,"museum_measurement_0126",,,,"keep",,,,,,,9.82146798785107,TRUE,FALSE,FALSE,FALSE
"museum_batch_cn","data/Master_EA_C_N_SI_Batch 3 vane_barb and Batch 4 Breast Feathers_LEH_Sept25_v1_SB.xls","Sample results_C&N",36,"244-111733_Breast Feather_Barb test",,"244-111733","244-111733","Breast","Breast",,"Barb","Barb",0.426,"normalised_d13c",-20.664199749866,"museum_measurement_0127",,,,"keep",,,,,,,-20.664199749866,TRUE,FALSE,FALSE,FALSE
"museum_batch_cn","data/Master_EA_C_N_SI_Batch 3 vane_barb and Batch 4 Breast Feathers_LEH_Sept25_v1_SB.xls","Sample results_C&N",37,"2448-136246_Breast","2448-136246","2448-136246","2448-136246","Breast","Breast",,,"homogenate",0.213,"normalised_d15n",7.64382362571462,"museum_measurement_0128",,"region_missing_harmonized_to_homogenate",,"keep",,,,,,,7.64382362571462,TRUE,FALSE,FALSE,FALSE
"museum_batch_cn","data/Master_EA_C_N_SI_Batch 3 vane_barb and Batch 4 Breast Feathers_LEH_Sept25_v1_SB.xls","Sample results_C&N",37,"2448-136246_Breast","2448-136246","2448-136246","2448-136246","Breast","Breast",,,"homogenate",0.213,"normalised_d13c",-23.0633936038636,"museum_measurement_0129",,"region_missing_harmonized_to_homogenate",,"keep",,,,,,,-23.0633936038636,TRUE,FALSE,FALSE,FALSE
"museum_batch_cn","data/Master_EA_C_N_SI_Batch 3 vane_barb and Batch 4 Breast Feathers_LEH_Sept25_v1_SB.xls","Sample results_C&N",41,"391-122990_Breast","391-122990","391-122990","391-122990","Breast","Breast",,,"homogenate",0.196,"normalised_d15n",13.0534508237578,"museum_measurement_0130",,"region_missing_harmonized_to_homogenate",,"keep",,,,,,,13.0534508237578,TRUE,FALSE,FALSE,FALSE
"museum_batch_cn","data/Master_EA_C_N_SI_Batch 3 vane_barb and Batch 4 Breast Feathers_LEH_Sept25_v1_SB.xls","Sample results_C&N",41,"391-122990_Breast","391-122990","391-122990","391-122990","Breast","Breast",,,"homogenate",0.196,"normalised_d13c",-14.1364126273632,"museum_measurement_0131",,"region_missing_harmonized_to_homogenate",,"keep",,,,,,,-14.1364126273632,TRUE,FALSE,FALSE,FALSE
"museum_batch_cn","data/Master_EA_C_N_SI_Batch 3 vane_barb and Batch 4 Breast Feathers_LEH_Sept25_v1_SB.xls","Sample results_C&N",42,"392-122991_Breast","392-122991","392-122991","392-122991","Breast","Breast",,,"homogenate",0.203,"normalised_d15n",12.3608826271489,"museum_measurement_0132",,"region_missing_harmonized_to_homogenate",,"keep",,,,,,,12.3608826271489,TRUE,FALSE,FALSE,FALSE
"museum_batch_cn","data/Master_EA_C_N_SI_Batch 3 vane_barb and Batch 4 Breast Feathers_LEH_Sept25_v1_SB.xls","Sample results_C&N",42,"392-122991_Breast","392-122991","392-122991","392-122991","Breast","Breast",,,"homogenate",0.203,"normalised_d13c",-15.7609641321633,"museum_measurement_0133",,"region_missing_harmonized_to_homogenate",,"keep",,,,,,,-15.7609641321633,TRUE,FALSE,FALSE,FALSE
"museum_batch_cn","data/Master_EA_C_N_SI_Batch 3 vane_barb and Batch 4 Breast Feathers_LEH_Sept25_v1_SB.xls","Sample results_C&N",43,"585-122580_Breast","585-122580","585-122580","585-122580","Breast","Breast",,,"homogenate",0.212,"normalised_d15n",10.949762434347,"museum_measurement_0134",,"region_missing_harmonized_to_homogenate",,"keep",,,,,,,10.949762434347,TRUE,FALSE,FALSE,FALSE
"museum_batch_cn","data/Master_EA_C_N_SI_Batch 3 vane_barb and Batch 4 Breast Feathers_LEH_Sept25_v1_SB.xls","Sample results_C&N",43,"585-122580_Breast","585-122580","585-122580","585-122580","Breast","Breast",,,"homogenate",0.212,"normalised_d13c",-21.6320972966606,"museum_measurement_0135",,"region_missing_harmonized_to_homogenate",,"keep",,,,,,,-21.6320972966606,TRUE,FALSE,FALSE,FALSE
"museum_batch_cn","data/Master_EA_C_N_SI_Batch 3 vane_barb and Batch 4 Breast Feathers_LEH_Sept25_v1_SB.xls","Sample results_C&N",44,"586-122581_Breast","586-122581","586-122581","586-122581","Breast","Breast",,,"homogenate",0.195,"normalised_d15n",10.7958583906561,"museum_measurement_0136",,"region_missing_harmonized_to_homogenate",,"keep",,,,,,,10.7958583906561,TRUE,FALSE,FALSE,FALSE
"museum_batch_cn","data/Master_EA_C_N_SI_Batch 3 vane_barb and Batch 4 Breast Feathers_LEH_Sept25_v1_SB.xls","Sample results_C&N",44,"586-122581_Breast","586-122581","586-122581","586-122581","Breast","Breast",,,"homogenate",0.195,"normalised_d13c",-22.2823205135756,"museum_measurement_0137",,"region_missing_harmonized_to_homogenate",,"keep",,,,,,,-22.2823205135756,TRUE,FALSE,FALSE,FALSE
"museum_batch_cn","data/Master_EA_C_N_SI_Batch 3 vane_barb and Batch 4 Breast Feathers_LEH_Sept25_v1_SB.xls","Sample results_C&N",45,"587-122582_Breast","587-122582","587-122582","587-122582","Breast","Breast",,,"homogenate",0.237,"normalised_d15n",10.4660640113185,"museum_measurement_0138",,"region_missing_harmonized_to_homogenate",,"keep",,,,,,,10.4660640113185,TRUE,FALSE,FALSE,FALSE
"museum_batch_cn","data/Master_EA_C_N_SI_Batch 3 vane_barb and Batch 4 Breast Feathers_LEH_Sept25_v1_SB.xls","Sample results_C&N",45,"587-122582_Breast","587-122582","587-122582","587-122582","Breast","Breast",,,"homogenate",0.237,"normalised_d13c",-23.0855374285883,"museum_measurement_0139",,"region_missing_harmonized_to_homogenate",,"keep",,,,,,,-23.0855374285883,TRUE,FALSE,FALSE,FALSE
"museum_batch_cn","data/Master_EA_C_N_SI_Batch 3 vane_barb and Batch 4 Breast Feathers_LEH_Sept25_v1_SB.xls","Sample results_C&N",47,"588-122583_Breast Feather_Shaft test",,"588-122583","588-122583","Breast","Breast",,"Shaft","Rachis",0.097,"normalised_d15n",13.1705924620554,"museum_measurement_0140",,"region_shaft_harmonized_to_rachis",,"keep",,,,,,,13.1705924620554,TRUE,FALSE,FALSE,FALSE
"museum_batch_cn","data/Master_EA_C_N_SI_Batch 3 vane_barb and Batch 4 Breast Feathers_LEH_Sept25_v1_SB.xls","Sample results_C&N",47,"588-122583_Breast Feather_Shaft test",,"588-122583","588-122583","Breast","Breast",,"Shaft","Rachis",0.097,"normalised_d13c",-22.359367792549,"museum_measurement_0141",,"region_shaft_harmonized_to_rachis",,"keep",,,,,,,-22.359367792549,TRUE,FALSE,FALSE,FALSE
"museum_batch_cn","data/Master_EA_C_N_SI_Batch 3 vane_barb and Batch 4 Breast Feathers_LEH_Sept25_v1_SB.xls","Sample results_C&N",48,"588-122583_Breast Feather_Barb test",,"588-122583","588-122583","Breast","Breast",,"Barb","Barb",0.103,"normalised_d15n",12.5659358213156,"museum_measurement_0142",,,,"keep",,,,,,,12.5659358213156,TRUE,FALSE,FALSE,FALSE
"museum_batch_cn","data/Master_EA_C_N_SI_Batch 3 vane_barb and Batch 4 Breast Feathers_LEH_Sept25_v1_SB.xls","Sample results_C&N",48,"588-122583_Breast Feather_Barb test",,"588-122583","588-122583","Breast","Breast",,"Barb","Barb",0.103,"normalised_d13c",-21.4040572648979,"museum_measurement_0143",,,,"keep",,,,,,,-21.4040572648979,TRUE,FALSE,FALSE,FALSE
"museum_batch_cn","data/Master_EA_C_N_SI_Batch 3 vane_barb and Batch 4 Breast Feathers_LEH_Sept25_v1_SB.xls","Sample results_C&N",51,"591-122586_Breast","591-122586","591-122586","591-122586","Breast","Breast",,,"homogenate",0.194,"normalised_d15n",8.93202045894529,"museum_measurement_0144",,"region_missing_harmonized_to_homogenate",,"keep",,,,,,,8.93202045894529,TRUE,FALSE,FALSE,FALSE
"museum_batch_cn","data/Master_EA_C_N_SI_Batch 3 vane_barb and Batch 4 Breast Feathers_LEH_Sept25_v1_SB.xls","Sample results_C&N",51,"591-122586_Breast","591-122586","591-122586","591-122586","Breast","Breast",,,"homogenate",0.194,"normalised_d13c",-15.7841144943754,"museum_measurement_0145",,"region_missing_harmonized_to_homogenate",,"keep",,,,,,,-15.7841144943754,TRUE,FALSE,FALSE,FALSE
"museum_batch_cn","data/Master_EA_C_N_SI_Batch 3 vane_barb and Batch 4 Breast Feathers_LEH_Sept25_v1_SB.xls","Sample results_C&N",52,"592-122587_Breast","592-122587","592-122587","592-122587","Breast","Breast",,,"homogenate",0.218,"normalised_d15n",10.1832403466139,"museum_measurement_0146",,"region_missing_harmonized_to_homogenate",,"keep",,,,,,,10.1832403466139,TRUE,FALSE,FALSE,FALSE
"museum_batch_cn","data/Master_EA_C_N_SI_Batch 3 vane_barb and Batch 4 Breast Feathers_LEH_Sept25_v1_SB.xls","Sample results_C&N",52,"592-122587_Breast","592-122587","592-122587","592-122587","Breast","Breast",,,"homogenate",0.218,"normalised_d13c",-19.717662995465,"museum_measurement_0147",,"region_missing_harmonized_to_homogenate",,"keep",,,,,,,-19.717662995465,TRUE,FALSE,FALSE,FALSE
"museum_batch_cn","data/Master_EA_C_N_SI_Batch 3 vane_barb and Batch 4 Breast Feathers_LEH_Sept25_v1_SB.xls","Sample results_C&N",53,"593-122588_Breast","593-122588","593-122588","593-122588","Breast","Breast",,,"homogenate",0.189,"normalised_d15n",9.63058491699669,"museum_measurement_0148",,"region_missing_harmonized_to_homogenate",,"keep",,,,,,,9.63058491699669,TRUE,FALSE,FALSE,FALSE
"museum_batch_cn","data/Master_EA_C_N_SI_Batch 3 vane_barb and Batch 4 Breast Feathers_LEH_Sept25_v1_SB.xls","Sample results_C&N",53,"593-122588_Breast","593-122588","593-122588","593-122588","Breast","Breast",,,"homogenate",0.189,"normalised_d13c",-18.8288903940161,"museum_measurement_0149",,"region_missing_harmonized_to_homogenate",,"keep",,,,,,,-18.8288903940161,TRUE,FALSE,FALSE,FALSE
"museum_batch_cn","data/Master_EA_C_N_SI_Batch 3 vane_barb and Batch 4 Breast Feathers_LEH_Sept25_v1_SB.xls","Sample results_C&N",57,"A28886_Breast","A28886","A28886","A28886","Breast","Breast",,,"homogenate",0.214,"normalised_d15n",10.1872378542422,"museum_measurement_0150",,"region_missing_harmonized_to_homogenate",,"keep",,,,,,,10.1872378542422,TRUE,FALSE,FALSE,FALSE
"museum_batch_cn","data/Master_EA_C_N_SI_Batch 3 vane_barb and Batch 4 Breast Feathers_LEH_Sept25_v1_SB.xls","Sample results_C&N",57,"A28886_Breast","A28886","A28886","A28886","Breast","Breast",,,"homogenate",0.214,"normalised_d13c",-13.4197579362742,"museum_measurement_0151",,"region_missing_harmonized_to_homogenate",,"keep",,,,,,,-13.4197579362742,TRUE,FALSE,FALSE,FALSE
"museum_batch_cn","data/Master_EA_C_N_SI_Batch 3 vane_barb and Batch 4 Breast Feathers_LEH_Sept25_v1_SB.xls","Sample results_C&N",58,"A9452_Breast","A9452","A9452","A9452","Breast","Breast",,,"homogenate",0.252,"normalised_d15n",7.06118688888492,"museum_measurement_0152",,"region_missing_harmonized_to_homogenate",,"keep",,,,,,,7.06118688888492,TRUE,FALSE,FALSE,FALSE
"museum_batch_cn","data/Master_EA_C_N_SI_Batch 3 vane_barb and Batch 4 Breast Feathers_LEH_Sept25_v1_SB.xls","Sample results_C&N",58,"A9452_Breast","A9452","A9452","A9452","Breast","Breast",,,"homogenate",0.252,"normalised_d13c",-21.7820713822958,"museum_measurement_0153",,"region_missing_harmonized_to_homogenate",,"keep",,,,,,,-21.7820713822958,TRUE,FALSE,FALSE,FALSE
"museum_batch_cn","data/Master_EA_C_N_SI_Batch 3 vane_barb and Batch 4 Breast Feathers_LEH_Sept25_v1_SB.xls","Sample results_C&N",59,"A28886_Primary","A28886","A28886","A28886","Primary","Primary",,,"homogenate",0.195,"normalised_d15n",5.1683670268687,"museum_measurement_0154",,"region_missing_harmonized_to_homogenate",,"keep",,,,,,,5.1683670268687,TRUE,FALSE,FALSE,FALSE
"museum_batch_cn","data/Master_EA_C_N_SI_Batch 3 vane_barb and Batch 4 Breast Feathers_LEH_Sept25_v1_SB.xls","Sample results_C&N",59,"A28886_Primary","A28886","A28886","A28886","Primary","Primary",,,"homogenate",0.195,"normalised_d13c",-22.8016938571176,"museum_measurement_0155",,"region_missing_harmonized_to_homogenate",,"keep",,,,,,,-22.8016938571176,TRUE,FALSE,FALSE,FALSE
"museum_batch_cn","data/Master_EA_C_N_SI_Batch 3 vane_barb and Batch 4 Breast Feathers_LEH_Sept25_v1_SB.xls","Sample results_C&N",60,"A28886_Primary Feather_ Shaft test",,"A28886","A28886","Primary","Primary",,"Shaft","Rachis",0.676,"normalised_d15n",5.05744392686524,"museum_measurement_0156",,"region_shaft_harmonized_to_rachis",,"keep",,,,,,,5.05744392686524,TRUE,FALSE,FALSE,FALSE
"museum_batch_cn","data/Master_EA_C_N_SI_Batch 3 vane_barb and Batch 4 Breast Feathers_LEH_Sept25_v1_SB.xls","Sample results_C&N",60,"A28886_Primary Feather_ Shaft test",,"A28886","A28886","Primary","Primary",,"Shaft","Rachis",0.676,"normalised_d13c",-21.8756148019512,"museum_measurement_0157",,"region_shaft_harmonized_to_rachis",,"keep",,,,,,,-21.8756148019512,TRUE,FALSE,FALSE,FALSE
"museum_batch_cn","data/Master_EA_C_N_SI_Batch 3 vane_barb and Batch 4 Breast Feathers_LEH_Sept25_v1_SB.xls","Sample results_C&N",61,"A28886_Primary Feather_ Barb test",,"A28886","A28886","Primary","Primary",,"Barb","Barb",0.612,"normalised_d15n",5.25408662214848,"museum_measurement_0158",,,,"keep",,,,,,,5.25408662214848,TRUE,FALSE,FALSE,FALSE
"museum_batch_cn","data/Master_EA_C_N_SI_Batch 3 vane_barb and Batch 4 Breast Feathers_LEH_Sept25_v1_SB.xls","Sample results_C&N",61,"A28886_Primary Feather_ Barb test",,"A28886","A28886","Primary","Primary",,"Barb","Barb",0.612,"normalised_d13c",-21.8461424558854,"museum_measurement_0159",,,,"keep",,,,,,,-21.8461424558854,TRUE,FALSE,FALSE,FALSE
"museum_batch_cn","data/Master_EA_C_N_SI_Batch 3 vane_barb and Batch 4 Breast Feathers_LEH_Sept25_v1_SB.xls","Sample results_C&N",62,"A9452_Primary","A9452","A9452","A9452","Primary","Primary",,,"homogenate",0.274,"normalised_d15n",7.16612146412869,"museum_measurement_0160",,"region_missing_harmonized_to_homogenate",,"keep",,,,,,,7.16612146412869,TRUE,FALSE,FALSE,FALSE
"museum_batch_cn","data/Master_EA_C_N_SI_Batch 3 vane_barb and Batch 4 Breast Feathers_LEH_Sept25_v1_SB.xls","Sample results_C&N",62,"A9452_Primary","A9452","A9452","A9452","Primary","Primary",,,"homogenate",0.274,"normalised_d13c",-22.5319418104718,"museum_measurement_0161",,"region_missing_harmonized_to_homogenate",,"keep",,,,,,,-22.5319418104718,TRUE,FALSE,FALSE,FALSE
"museum_batch_cn","data/Master_EA_C_N_SI_Batch 3 vane_barb and Batch 4 Breast Feathers_LEH_Sept25_v1_SB.xls","Sample results_C&N",63,"A9452_Primary Feather_ Shaft test",,"A9452","A9452","Primary","Primary",,"Shaft","Rachis",0.635,"normalised_d15n",7.26004483846571,"museum_measurement_0162",,"region_shaft_harmonized_to_rachis",,"keep",,,,,,,7.26004483846571,TRUE,FALSE,FALSE,FALSE
"museum_batch_cn","data/Master_EA_C_N_SI_Batch 3 vane_barb and Batch 4 Breast Feathers_LEH_Sept25_v1_SB.xls","Sample results_C&N",63,"A9452_Primary Feather_ Shaft test",,"A9452","A9452","Primary","Primary",,"Shaft","Rachis",0.635,"normalised_d13c",-22.2780647689191,"museum_measurement_0163",,"region_shaft_harmonized_to_rachis",,"keep",,,,,,,-22.2780647689191,TRUE,FALSE,FALSE,FALSE
"museum_batch_cn","data/Master_EA_C_N_SI_Batch 3 vane_barb and Batch 4 Breast Feathers_LEH_Sept25_v1_SB.xls","Sample results_C&N",64,"A9452_Primary Feather_ Barb test",,"A9452","A9452","Primary","Primary",,"Barb","Barb",0.626,"normalised_d15n",7.62089432053187,"museum_measurement_0164",,,,"keep",,,,,,,7.62089432053187,TRUE,FALSE,FALSE,FALSE
"museum_batch_cn","data/Master_EA_C_N_SI_Batch 3 vane_barb and Batch 4 Breast Feathers_LEH_Sept25_v1_SB.xls","Sample results_C&N",64,"A9452_Primary Feather_ Barb test",,"A9452","A9452","Primary","Primary",,"Barb","Barb",0.626,"normalised_d13c",-22.1855825795401,"museum_measurement_0165",,,,"keep",,,,,,,-22.1855825795401,TRUE,FALSE,FALSE,FALSE
"museum_batch_o","data/Master_TCEA_O_SI_Breast Feathers_Replication_Batch 4_LEH_Sept25_SB.xls","Sample results_O",25,"111733_B feather","244-111733","244-111733","244-111733",,"Breast",,"homogenate","homogenate",0.586,"normalised_d18o",13.2199996764189,"museum_measurement_0166",,,,"keep",,,,,,,13.2199996764189,TRUE,FALSE,FALSE,FALSE
"museum_batch_o","data/Master_TCEA_O_SI_Breast Feathers_Replication_Batch 4_LEH_Sept25_SB.xls","Sample results_O",26,"122385_B feather","590-122585","590-122585","590-122585",,"Breast",,"homogenate","homogenate",0.583,"normalised_d18o",13.4742035803413,"museum_measurement_0167",,,,"keep",,,,,,,13.4742035803413,TRUE,FALSE,FALSE,FALSE
"museum_batch_o","data/Master_TCEA_O_SI_Breast Feathers_Replication_Batch 4_LEH_Sept25_SB.xls","Sample results_O",27,"122583_B feather","588-122583","588-122583","588-122583",,"Breast",,"homogenate","homogenate",0.472,"normalised_d18o",12.3157005427934,"museum_measurement_0168",,,,"keep",,,,,,,12.3157005427934,TRUE,FALSE,FALSE,FALSE
"museum_batch_o","data/Master_TCEA_O_SI_Breast Feathers_Replication_Batch 4_LEH_Sept25_SB.xls","Sample results_O",28,"122584_B feather","589-122584","589-122584","589-122584",,"Breast",,"homogenate","homogenate",0.597,"normalised_d18o",13.7690384361202,"museum_measurement_0169",,,,"keep",,,,,,,13.7690384361202,TRUE,FALSE,FALSE,FALSE
"museum_batch_o","data/Master_TCEA_O_SI_Breast Feathers_Replication_Batch 4_LEH_Sept25_SB.xls","Sample results_O",29,"122589_B feather","594-122589","594-122589","594-122589",,"Breast",,"homogenate","homogenate",0.501,"normalised_d18o",15.1744526426419,"museum_measurement_0170",,,,"keep",,,,,,,15.1744526426419,TRUE,FALSE,FALSE,FALSE
"museum_batch_o","data/Master_TCEA_O_SI_Breast Feathers_Replication_Batch 4_LEH_Sept25_SB.xls","Sample results_O",30,"122590_B feather","595-122590","595-122590","595-122590",,"Breast",,"homogenate","homogenate",0.515,"normalised_d18o",12.351122398258,"museum_measurement_0171",,,,"keep",,,,,,,12.351122398258,TRUE,FALSE,FALSE,FALSE
"museum_batch_o","data/Master_TCEA_O_SI_Breast Feathers_Replication_Batch 4_LEH_Sept25_SB.xls","Sample results_O",31,"122591_B feather","596-122591","596-122591","596-122591",,"Breast",,"homogenate","homogenate",0.429,"normalised_d18o",15.121319859445,"museum_measurement_0172",,,,"keep",,,,,,,15.121319859445,TRUE,FALSE,FALSE,FALSE
"museum_batch_o","data/Master_TCEA_O_SI_Breast Feathers_Replication_Batch 4_LEH_Sept25_SB.xls","Sample results_O",32,"122989_B feather","390-122989","390-122989","390-122989",,"Breast",,"homogenate","homogenate",0.684,"normalised_d18o",15.3328091729542,"museum_measurement_0173",,,,"keep",,,,,,,15.3328091729542,TRUE,FALSE,FALSE,FALSE
"museum_batch_o","data/Master_TCEA_O_SI_Breast Feathers_Replication_Batch 4_LEH_Sept25_SB.xls","Sample results_O",33,"136247_B feather","2449-136247","2449-136247","2449-136247",,"Breast",,"homogenate","homogenate",0.46,"normalised_d18o",14.4430955092259,"museum_measurement_0174",,,,"keep",,,,,,,14.4430955092259,TRUE,FALSE,FALSE,FALSE
"museum_batch_o","data/Master_TCEA_O_SI_Breast Feathers_Replication_Batch 4_LEH_Sept25_SB.xls","Sample results_O",34,"136248_B feather","2450-136248","2450-136248","2450-136248",,"Breast",,"homogenate","homogenate",0.506,"normalised_d18o",12.4511370489815,"museum_measurement_0175",,,,"keep",,,,,,,12.4511370489815,TRUE,FALSE,FALSE,FALSE
"museum_batch_o","data/Master_TCEA_O_SI_Breast Feathers_Replication_Batch 4_LEH_Sept25_SB.xls","Sample results_O",35,"799_B feather","MNHN-Z0-M0-2003-799","MNHN-Z0-M0-2003-799","MNHN-Z0-M0-2003-799",,"Breast",,"homogenate","homogenate",0.537,"normalised_d18o",15.8068369446128,"museum_measurement_0176",,,,"keep",,,,,,,15.8068369446128,TRUE,FALSE,FALSE,FALSE
"museum_batch_o","data/Master_TCEA_O_SI_Breast Feathers_Replication_Batch 4_LEH_Sept25_SB.xls","Sample results_O",36,"A28886_B feather","A28886","A28886","A28886",,"Breast",,"homogenate","homogenate",0.481,"normalised_d18o",14.9733815219164,"museum_measurement_0177",,,,"keep",,,,,,,14.9733815219164,TRUE,FALSE,FALSE,FALSE
"museum_batch_o","data/Master_TCEA_O_SI_Breast Feathers_Replication_Batch 4_LEH_Sept25_SB.xls","Sample results_O",37,"A9452_B feather","A9452","A9452","A9452",,"Breast",,"homogenate","homogenate",0.406,"normalised_d18o",11.0332210111193,"museum_measurement_0178",,,,"keep",,,,,,,11.0332210111193,TRUE,FALSE,FALSE,FALSE
"museum_batch_o","data/Master_TCEA_O_SI_Breast Feathers_Replication_Batch 4_LEH_Sept25_SB.xls","Sample results_O",38,"AV3132_B feather","AV3132-OMNZ","AV3132-OMNZ","AV3132-OMNZ",,"Breast",,"homogenate","homogenate",0.496,"normalised_d18o",17.4164477296952,"museum_measurement_0179",,,,"keep",,,,,,,17.4164477296952,TRUE,FALSE,FALSE,FALSE
"museum_batch_o","data/Master_TCEA_O_SI_Breast Feathers_Replication_Batch 4_LEH_Sept25_SB.xls","Sample results_O",39,"AV708_B_feather","AV708","AV708","AV708",,"Breast",,"homogenate","homogenate",0.43,"normalised_d18o",14.4222591236585,"museum_measurement_0180",,,,"keep",,,,,,,14.4222591236585,TRUE,FALSE,FALSE,FALSE
"museum_batch_o","data/Master_TCEA_O_SI_Breast Feathers_Replication_Batch 4_LEH_Sept25_SB.xls","Sample results_O",40,"B11580_B feather","11580","11580","11580",,"Breast",,"homogenate","homogenate",0.498,"normalised_d18o",16.3423320536952,"museum_measurement_0181",,,,"keep",,,,,,,16.3423320536952,TRUE,FALSE,FALSE,FALSE
"museum_batch_o","data/Master_TCEA_O_SI_Breast Feathers_Replication_Batch 4_LEH_Sept25_SB.xls","Sample results_O",41,"B15201_B feather","15201","15201","15201",,"Breast",,"homogenate","homogenate",0.397,"normalised_d18o",12.2834041451639,"museum_measurement_0182",,,,"keep",,,,,,,12.2834041451639,TRUE,FALSE,FALSE,FALSE
"museum_batch_o","data/Master_TCEA_O_SI_Breast Feathers_Replication_Batch 4_LEH_Sept25_SB.xls","Sample results_O",42,"B15202_B feather","15202","15202","15202",,"Breast",,"homogenate","homogenate",0.689,"normalised_d18o",14.1680552197361,"museum_measurement_0183",,,,"keep",,,,,,,14.1680552197361,TRUE,FALSE,FALSE,FALSE
"museum_batch_o","data/Master_TCEA_O_SI_Breast Feathers_Replication_Batch 4_LEH_Sept25_SB.xls","Sample results_O",43,"B15209_B feather","15209","15209","15209",,"Breast",,"homogenate","homogenate",0.414,"normalised_d18o",14.5597792684034,"museum_measurement_0184",,,,"keep",,,,,,,14.5597792684034,TRUE,FALSE,FALSE,FALSE
"museum_batch_o","data/Master_TCEA_O_SI_Breast Feathers_Replication_Batch 4_LEH_Sept25_SB.xls","Sample results_O",44,"B15210_B feather","15210","15210","15210",,"Breast",,"homogenate","homogenate",0.454,"normalised_d18o",14.6493757263432,"museum_measurement_0185",,,,"keep",,,,,,,14.6493757263432,TRUE,FALSE,FALSE,FALSE
"museum_batch_o","data/Master_TCEA_O_SI_Breast Feathers_Replication_Batch 4_LEH_Sept25_SB.xls","Sample results_O",45,"B15261_B feather","15261","15261","15261",,"Breast",,"homogenate","homogenate",0.583,"normalised_d18o",12.8928684230106,"museum_measurement_0186",,,,"keep",,,,,,,12.8928684230106,TRUE,FALSE,FALSE,FALSE
"museum_batch_o","data/Master_TCEA_O_SI_Breast Feathers_Replication_Batch 4_LEH_Sept25_SB.xls","Sample results_O",46,"B16885_B feather","16885","16885","16885",,"Breast",,"homogenate","homogenate",0.578,"normalised_d18o",11.7166544577304,"museum_measurement_0187",,,,"keep",,,,,,,11.7166544577304,TRUE,FALSE,FALSE,FALSE
"museum_batch_o","data/Master_TCEA_O_SI_Breast Feathers_Replication_Batch 4_LEH_Sept25_SB.xls","Sample results_O",47,"B16887_B feather","16887","16887","16887",,"Breast",,"homogenate","homogenate",0.387,"normalised_d18o",14.3597499669562,"museum_measurement_0188",,,,"keep",,,,,,,14.3597499669562,TRUE,FALSE,FALSE,FALSE
"museum_batch_o","data/Master_TCEA_O_SI_Breast Feathers_Replication_Batch 4_LEH_Sept25_SB.xls","Sample results_O",48,"B2291_B feather","2291","2291","2291",,"Breast",,"homogenate","homogenate",0.38,"normalised_d18o",14.3107844608728,"museum_measurement_0189",,,,"keep",,,,,,,14.3107844608728,TRUE,FALSE,FALSE,FALSE
"museum_batch_o","data/Master_TCEA_O_SI_Breast Feathers_Replication_Batch 4_LEH_Sept25_SB.xls","Sample results_O",49,"B35515_B feather","35515","35515","35515",,"Breast",,"homogenate","homogenate",0.419,"normalised_d18o",12.5907408322832,"museum_measurement_0190",,,,"keep",,,,,,,12.5907408322832,TRUE,FALSE,FALSE,FALSE
"museum_batch_o","data/Master_TCEA_O_SI_Breast Feathers_Replication_Batch 4_LEH_Sept25_SB.xls","Sample results_O",50,"B35577_B feather","35577","35577","35577",,"Breast",,"homogenate","homogenate",0.523,"normalised_d18o",13.239794242708,"museum_measurement_0191",,,,"keep",,,,,,,13.239794242708,TRUE,FALSE,FALSE,FALSE
"museum_batch_o","data/Master_TCEA_O_SI_Breast Feathers_Replication_Batch 4_LEH_Sept25_SB.xls","Sample results_O",51,"B6257_B feather","6257","6257","6257",,"Breast",,"homogenate","homogenate",0.425,"normalised_d18o",14.6212466058272,"museum_measurement_0192",,,,"keep",,,,,,,14.6212466058272,TRUE,FALSE,FALSE,FALSE
"museum_batch_o","data/Master_TCEA_O_SI_Breast Feathers_Replication_Batch 4_LEH_Sept25_SB.xls","Sample results_O",52,"B6260_B feather","6260","6260","6260",,"Breast",,"homogenate","homogenate",0.495,"normalised_d18o",15.8526769928611,"museum_measurement_0193",,,,"keep",,,,,,,15.8526769928611,TRUE,FALSE,FALSE,FALSE
"museum_batch_o","data/Master_TCEA_O_SI_Breast Feathers_Replication_Batch 4_LEH_Sept25_SB.xls","Sample results_O",53,"R14944_B feather","14944","14944","14944",,"Breast",,"homogenate","homogenate",0.429,"normalised_d18o",12.0719148316547,"museum_measurement_0194",,,,"keep",,,,,,,12.0719148316547,TRUE,FALSE,FALSE,FALSE
"museum_batch_h","data/Master_TCEA_H_SI_BATCH 4 BREAST Feathers_LE_Nov25_v1.xls","Sample results_H",11,"AV708_feather","AV708","AV708","AV708",,"Breast",,"homogenate","homogenate",,"normalised_d2h",-14.2597758600015,"museum_measurement_0195",,,,"keep",,,,,,,-14.2597758600015,TRUE,FALSE,FALSE,FALSE
"museum_batch_h","data/Master_TCEA_H_SI_BATCH 4 BREAST Feathers_LE_Nov25_v1.xls","Sample results_H",12,"MNHN-Z0-M0-2003-799_feather","MNHN-Z0-M0-2003-799","MNHN-Z0-M0-2003-799","MNHN-Z0-M0-2003-799",,"Breast",,"homogenate","homogenate",,"normalised_d2h",-31.1773792101271,"museum_measurement_0196",,,,"keep",,,,,,,-31.1773792101271,TRUE,FALSE,FALSE,FALSE
"museum_batch_h","data/Master_TCEA_H_SI_BATCH 4 BREAST Feathers_LE_Nov25_v1.xls","Sample results_H",13,"2291_feather","2291","2291","2291",,"Breast",,"homogenate","homogenate",,"normalised_d2h",-10.6272083778205,"museum_measurement_0197",,,,"keep",,,,,,,-10.6272083778205,TRUE,FALSE,FALSE,FALSE
"museum_batch_h","data/Master_TCEA_H_SI_BATCH 4 BREAST Feathers_LE_Nov25_v1.xls","Sample results_H",14,"6257_feather","6257","6257","6257",,"Breast",,"homogenate","homogenate",,"normalised_d2h",-24.6604750552352,"museum_measurement_0198",,,,"keep",,,,,,,-24.6604750552352,TRUE,FALSE,FALSE,FALSE
"museum_batch_h","data/Master_TCEA_H_SI_BATCH 4 BREAST Feathers_LE_Nov25_v1.xls","Sample results_H",15,"6260_feather","6260","6260","6260",,"Breast",,"homogenate","homogenate",,"normalised_d2h",7.48691923062304,"museum_measurement_0199",,,,"keep",,,,,,,7.48691923062304,TRUE,FALSE,FALSE,FALSE
"museum_batch_h","data/Master_TCEA_H_SI_BATCH 4 BREAST Feathers_LE_Nov25_v1.xls","Sample results_H",16,"11580_feather","11580","11580","11580",,"Breast",,"homogenate","homogenate",,"normalised_d2h",-4.34795293964586,"museum_measurement_0200",,,,"keep",,,,,,,-4.34795293964586,TRUE,FALSE,FALSE,FALSE
"museum_batch_h","data/Master_TCEA_H_SI_BATCH 4 BREAST Feathers_LE_Nov25_v1.xls","Sample results_H",17,"14944_feather","14944","14944","14944",,"Breast",,"homogenate","homogenate",,"normalised_d2h",0.124645614686057,"museum_measurement_0201",,,,"keep",,,,,,,0.124645614686057,TRUE,FALSE,FALSE,FALSE
"museum_batch_h","data/Master_TCEA_H_SI_BATCH 4 BREAST Feathers_LE_Nov25_v1.xls","Sample results_H",18,"15201_feather","15201","15201","15201",,"Breast",,"homogenate","homogenate",,"normalised_d2h",-9.63867206729241,"museum_measurement_0202",,,,"keep",,,,,,,-9.63867206729241,TRUE,FALSE,FALSE,FALSE
"museum_batch_h","data/Master_TCEA_H_SI_BATCH 4 BREAST Feathers_LE_Nov25_v1.xls","Sample results_H",19,"15202_feather","15202","15202","15202",,"Breast",,"homogenate","homogenate",,"normalised_d2h",-20.4704910979068,"museum_measurement_0203",,,,"keep",,,,,,,-20.4704910979068,TRUE,FALSE,FALSE,FALSE
"museum_batch_h","data/Master_TCEA_H_SI_BATCH 4 BREAST Feathers_LE_Nov25_v1.xls","Sample results_H",20,"15209_feather","15209","15209","15209",,"Breast",,"homogenate","homogenate",,"normalised_d2h",-16.8823969369959,"museum_measurement_0204",,,,"keep",,,,,,,-16.8823969369959,TRUE,FALSE,FALSE,FALSE
"museum_batch_h","data/Master_TCEA_H_SI_BATCH 4 BREAST Feathers_LE_Nov25_v1.xls","Sample results_H",21,"15210_feather","15210","15210","15210",,"Breast",,"homogenate","homogenate",,"normalised_d2h",-16.2538743819165,"museum_measurement_0205",,,,"keep",,,,,,,-16.2538743819165,TRUE,FALSE,FALSE,FALSE
"museum_batch_h","data/Master_TCEA_H_SI_BATCH 4 BREAST Feathers_LE_Nov25_v1.xls","Sample results_H",22,"15261_feather","15261","15261","15261",,"Breast",,"homogenate","homogenate",,"normalised_d2h",-13.4010814119772,"museum_measurement_0206",,,,"keep",,,,,,,-13.4010814119772,TRUE,FALSE,FALSE,FALSE
"museum_batch_h","data/Master_TCEA_H_SI_BATCH 4 BREAST Feathers_LE_Nov25_v1.xls","Sample results_H",23,"16885_feather","16885","16885","16885",,"Breast",,"homogenate","homogenate",,"normalised_d2h",-20.3116052535757,"museum_measurement_0207",,,,"keep",,,,,,,-20.3116052535757,TRUE,FALSE,FALSE,FALSE
"museum_batch_h","data/Master_TCEA_H_SI_BATCH 4 BREAST Feathers_LE_Nov25_v1.xls","Sample results_H",24,"16887_feather","16887","16887","16887",,"Breast",,"homogenate","homogenate",,"normalised_d2h",-2.11142720167909,"museum_measurement_0208",,,,"keep",,,,,,,-2.11142720167909,TRUE,FALSE,FALSE,FALSE
"museum_batch_h","data/Master_TCEA_H_SI_BATCH 4 BREAST Feathers_LE_Nov25_v1.xls","Sample results_H",25,"35515_feather","35515","35515","35515",,"Breast",,"homogenate","homogenate",,"normalised_d2h",-9.66919371881344,"museum_measurement_0209",,,,"keep",,,,,,,-9.66919371881344,TRUE,FALSE,FALSE,FALSE
"museum_batch_h","data/Master_TCEA_H_SI_BATCH 4 BREAST Feathers_LE_Nov25_v1.xls","Sample results_H",26,"35577_feather","35577","35577","35577",,"Breast",,"homogenate","homogenate",,"normalised_d2h",-19.3190555610164,"museum_measurement_0210",,,,"keep",,,,,,,-19.3190555610164,TRUE,FALSE,FALSE,FALSE
"museum_batch_h","data/Master_TCEA_H_SI_BATCH 4 BREAST Feathers_LE_Nov25_v1.xls","Sample results_H",27,"AV3132-OMNZ_feather","AV3132-OMNZ","AV3132-OMNZ","AV3132-OMNZ",,"Breast",,"homogenate","homogenate",,"normalised_d2h",-42.1045274571183,"museum_measurement_0211",,,,"keep",,,,,,,-42.1045274571183,TRUE,FALSE,FALSE,FALSE
"museum_batch_h","data/Master_TCEA_H_SI_BATCH 4 BREAST Feathers_LE_Nov25_v1.xls","Sample results_H",28,"244-111733_feather","244-111733","244-111733","244-111733",,"Breast",,"homogenate","homogenate",,"normalised_d2h",-34.695008059115,"museum_measurement_0212",,,,"keep",,,,,,,-34.695008059115,TRUE,FALSE,FALSE,FALSE
"museum_batch_h","data/Master_TCEA_H_SI_BATCH 4 BREAST Feathers_LE_Nov25_v1.xls","Sample results_H",29,"2449-136247_feather","2449-136247","2449-136247","2449-136247",,"Breast",,"homogenate","homogenate",,"normalised_d2h",-35.1676143429927,"museum_measurement_0213",,,,"keep",,,,,,,-35.1676143429927,TRUE,FALSE,FALSE,FALSE
"museum_batch_h","data/Master_TCEA_H_SI_BATCH 4 BREAST Feathers_LE_Nov25_v1.xls","Sample results_H",30,"2450-136248_feather","2450-136248","2450-136248","2450-136248",,"Breast",,"homogenate","homogenate",,"normalised_d2h",-56.9824380633887,"museum_measurement_0214",,,,"keep",,,,,,,-56.9824380633887,TRUE,FALSE,FALSE,FALSE
"museum_batch_h","data/Master_TCEA_H_SI_BATCH 4 BREAST Feathers_LE_Nov25_v1.xls","Sample results_H",31,"390-122989_feather","390-122989","390-122989","390-122989",,"Breast",,"homogenate","homogenate",,"normalised_d2h",-40.6280690876332,"museum_measurement_0215",,,,"keep",,,,,,,-40.6280690876332,TRUE,FALSE,FALSE,FALSE
"museum_batch_h","data/Master_TCEA_H_SI_BATCH 4 BREAST Feathers_LE_Nov25_v1.xls","Sample results_H",32,"588-122583_feather","588-122583","588-122583","588-122583",,"Breast",,"homogenate","homogenate",,"normalised_d2h",-9.9648246113549,"museum_measurement_0216",,,,"keep",,,,,,,-9.9648246113549,TRUE,FALSE,FALSE,FALSE
"museum_batch_h","data/Master_TCEA_H_SI_BATCH 4 BREAST Feathers_LE_Nov25_v1.xls","Sample results_H",33,"589-122584_feather","589-122584","589-122584","589-122584",,"Breast",,"homogenate","homogenate",,"normalised_d2h",-65.7353785035957,"museum_measurement_0217",,,,"keep",,,,,,,-65.7353785035957,TRUE,FALSE,FALSE,FALSE
"museum_batch_h","data/Master_TCEA_H_SI_BATCH 4 BREAST Feathers_LE_Nov25_v1.xls","Sample results_H",34,"590-122585_feather","590-122585","590-122585","590-122585",,"Breast",,"homogenate","homogenate",,"normalised_d2h",-10.0993706721725,"museum_measurement_0218",,,,"keep",,,,,,,-10.0993706721725,TRUE,FALSE,FALSE,FALSE
"museum_batch_h","data/Master_TCEA_H_SI_BATCH 4 BREAST Feathers_LE_Nov25_v1.xls","Sample results_H",35,"594-122589_feather","594-122589","594-122589","594-122589",,"Breast",,"homogenate","homogenate",,"normalised_d2h",-19.9894549561888,"museum_measurement_0219",,,,"keep",,,,,,,-19.9894549561888,TRUE,FALSE,FALSE,FALSE
"museum_batch_h","data/Master_TCEA_H_SI_BATCH 4 BREAST Feathers_LE_Nov25_v1.xls","Sample results_H",36,"595-122590_feather","595-122590","595-122590","595-122590",,"Breast",,"homogenate","homogenate",,"normalised_d2h",-25.3275145932584,"museum_measurement_0220",,,,"keep",,,,,,,-25.3275145932584,TRUE,FALSE,FALSE,FALSE
"museum_batch_h","data/Master_TCEA_H_SI_BATCH 4 BREAST Feathers_LE_Nov25_v1.xls","Sample results_H",37,"596-122591_feather","596-122591","596-122591","596-122591",,"Breast",,"homogenate","homogenate",,"normalised_d2h",-24.2966144154236,"museum_measurement_0221",,,,"keep",,,,,,,-24.2966144154236,TRUE,FALSE,FALSE,FALSE
"museum_batch_h","data/Master_TCEA_H_SI_BATCH 4 BREAST Feathers_LE_Nov25_v1.xls","Sample results_H",38,"A28886_feather","A28886","A28886","A28886",,"Breast",,"homogenate","homogenate",,"normalised_d2h",7.71006118315403,"museum_measurement_0222",,,,"keep",,,,,,,7.71006118315403,TRUE,FALSE,FALSE,FALSE
"museum_batch_h","data/Master_TCEA_H_SI_BATCH 4 BREAST Feathers_LE_Nov25_v1.xls","Sample results_H",39,"A9452_feather","A9452","A9452","A9452",,"Breast",,"homogenate","homogenate",,"normalised_d2h",-58.702910680479,"museum_measurement_0223",,,,"keep",,,,,,,-58.702910680479,TRUE,FALSE,FALSE,FALSE
