"specimen_id","feather_type","region","isotope","museum","species","general_collection_location","specific_collection_location","location_label","collection_date_raw","collection_month","collection_year","geo_region","geo_region_bin","lon","lat","value_mean","value_sd","n_measurements","source_measurement_ids","source_measurement_files","source_measurement_rows","source_branches","feather_replicates","source_metadata_row_ids","coordinate_row_ids","coordinate_source"
"11580","Breast","homogenate","normalised_d13c","Museums Victoria, Melbourne, Australia","Charadrius bicinctus","Victoria, Australia","Port Phillip Bay, Queenscliff (38 16 S, 144 39 E)","Port Phillip Bay, Queenscliff (38 16 S, 144 39 E), Victoria, Australia","19/01/1884",1,1884,"Australia",1,144.6601221,-38.2690339,-17.0141033040815,,1,"museum_measurement_0093","data/Master_EA_C_N_SI_Batch 3 vane_barb and Batch 4 Breast Feathers_LEH_Sept25_v1_SB.xls","16","museum_batch_cn",,"museum_meta_044","museum_coord_1","historical_checkpoint:data/CNOH_museum_samples_201125.rds"
"11580","Breast","homogenate","normalised_d15n","Museums Victoria, Melbourne, Australia","Charadrius bicinctus","Victoria, Australia","Port Phillip Bay, Queenscliff (38 16 S, 144 39 E)","Port Phillip Bay, Queenscliff (38 16 S, 144 39 E), Victoria, Australia","19/01/1884",1,1884,"Australia",1,144.6601221,-38.2690339,12.6297150151544,,1,"museum_measurement_0092","data/Master_EA_C_N_SI_Batch 3 vane_barb and Batch 4 Breast Feathers_LEH_Sept25_v1_SB.xls","16","museum_batch_cn",,"museum_meta_044","museum_coord_1","historical_checkpoint:data/CNOH_museum_samples_201125.rds"
"11580","Breast","homogenate","normalised_d18o","Museums Victoria, Melbourne, Australia","Charadrius bicinctus","Victoria, Australia","Port Phillip Bay, Queenscliff (38 16 S, 144 39 E)","Port Phillip Bay, Queenscliff (38 16 S, 144 39 E), Victoria, Australia","19/01/1884",1,1884,"Australia",1,144.6601221,-38.2690339,16.3423320536952,,1,"museum_measurement_0179","data/Master_TCEA_O_SI_Breast Feathers_Replication_Batch 4_LEH_Sept25_SB.xls","40","museum_batch_o",,"museum_meta_044","museum_coord_1","historical_checkpoint:data/CNOH_museum_samples_201125.rds"
"11580","Breast","homogenate","normalised_d2h","Museums Victoria, Melbourne, Australia","Charadrius bicinctus","Victoria, Australia","Port Phillip Bay, Queenscliff (38 16 S, 144 39 E)","Port Phillip Bay, Queenscliff (38 16 S, 144 39 E), Victoria, Australia","19/01/1884",1,1884,"Australia",1,144.6601221,-38.2690339,-4.34795293964586,,1,"museum_measurement_0198","data/Master_TCEA_H_SI_BATCH 4 BREAST Feathers_LE_Nov25_v1.xls","16","museum_batch_h",,"museum_meta_044","museum_coord_1","historical_checkpoint:data/CNOH_museum_samples_201125.rds"
"14944","Breast","homogenate","normalised_d13c","Museums Victoria, Melbourne, Australia","Charadrius bicinctus","Victoria, Australia","Fresh Lake, near top of dam (36 26 S, 144 49 E)","Fresh Lake, near top of dam (36 26 S, 144 49 E), Victoria, Australia","28344",8,1977,"Australia",1,142.3157801,-37.5864789,-22.9778379174274,,1,"museum_measurement_0095","data/Master_EA_C_N_SI_Batch 3 vane_barb and Batch 4 Breast Feathers_LEH_Sept25_v1_SB.xls","17","museum_batch_cn",,"museum_meta_053","museum_coord_2","historical_checkpoint:data/CNOH_museum_samples_201125.rds"
"14944","Breast","homogenate","normalised_d15n","Museums Victoria, Melbourne, Australia","Charadrius bicinctus","Victoria, Australia","Fresh Lake, near top of dam (36 26 S, 144 49 E)","Fresh Lake, near top of dam (36 26 S, 144 49 E), Victoria, Australia","28344",8,1977,"Australia",1,142.3157801,-37.5864789,11.4204689575833,,1,"museum_measurement_0094","data/Master_EA_C_N_SI_Batch 3 vane_barb and Batch 4 Breast Feathers_LEH_Sept25_v1_SB.xls","17","museum_batch_cn",,"museum_meta_053","museum_coord_2","historical_checkpoint:data/CNOH_museum_samples_201125.rds"
"14944","Breast","homogenate","normalised_d18o","Museums Victoria, Melbourne, Australia","Charadrius bicinctus","Victoria, Australia","Fresh Lake, near top of dam (36 26 S, 144 49 E)","Fresh Lake, near top of dam (36 26 S, 144 49 E), Victoria, Australia","28344",8,1977,"Australia",1,142.3157801,-37.5864789,12.0719148316547,,1,"museum_measurement_0192","data/Master_TCEA_O_SI_Breast Feathers_Replication_Batch 4_LEH_Sept25_SB.xls","53","museum_batch_o",,"museum_meta_053","museum_coord_2","historical_checkpoint:data/CNOH_museum_samples_201125.rds"
"14944","Breast","homogenate","normalised_d2h","Museums Victoria, Melbourne, Australia","Charadrius bicinctus","Victoria, Australia","Fresh Lake, near top of dam (36 26 S, 144 49 E)","Fresh Lake, near top of dam (36 26 S, 144 49 E), Victoria, Australia","28344",8,1977,"Australia",1,142.3157801,-37.5864789,0.124645614686057,,1,"museum_measurement_0199","data/Master_TCEA_H_SI_BATCH 4 BREAST Feathers_LE_Nov25_v1.xls","17","museum_batch_h",,"museum_meta_053","museum_coord_2","historical_checkpoint:data/CNOH_museum_samples_201125.rds"
"15201","Breast","homogenate","normalised_d13c","Museums Victoria, Melbourne, Australia","Charadrius bicinctus","Victoria, Australia","Port Phillip Bay, Queenscliff (38 16 S, 144 39 E)","Port Phillip Bay, Queenscliff (38 16 S, 144 39 E), Victoria, Australia","32118",12,1987,"Australia",1,144.6642029,-37.8997197,-21.5354696978621,,1,"museum_measurement_0097","data/Master_EA_C_N_SI_Batch 3 vane_barb and Batch 4 Breast Feathers_LEH_Sept25_v1_SB.xls","18","museum_batch_cn",,"museum_meta_051","museum_coord_3","historical_checkpoint:data/CNOH_museum_samples_201125.rds"
"15201","Breast","homogenate","normalised_d15n","Museums Victoria, Melbourne, Australia","Charadrius bicinctus","Victoria, Australia","Port Phillip Bay, Queenscliff (38 16 S, 144 39 E)","Port Phillip Bay, Queenscliff (38 16 S, 144 39 E), Victoria, Australia","32118",12,1987,"Australia",1,144.6642029,-37.8997197,10.7408926607665,,1,"museum_measurement_0096","data/Master_EA_C_N_SI_Batch 3 vane_barb and Batch 4 Breast Feathers_LEH_Sept25_v1_SB.xls","18","museum_batch_cn",,"museum_meta_051","museum_coord_3","historical_checkpoint:data/CNOH_museum_samples_201125.rds"
"15201","Breast","homogenate","normalised_d18o","Museums Victoria, Melbourne, Australia","Charadrius bicinctus","Victoria, Australia","Port Phillip Bay, Queenscliff (38 16 S, 144 39 E)","Port Phillip Bay, Queenscliff (38 16 S, 144 39 E), Victoria, Australia","32118",12,1987,"Australia",1,144.6642029,-37.8997197,12.2834041451639,,1,"museum_measurement_0180","data/Master_TCEA_O_SI_Breast Feathers_Replication_Batch 4_LEH_Sept25_SB.xls","41","museum_batch_o",,"museum_meta_051","museum_coord_3","historical_checkpoint:data/CNOH_museum_samples_201125.rds"
"15201","Breast","homogenate","normalised_d2h","Museums Victoria, Melbourne, Australia","Charadrius bicinctus","Victoria, Australia","Port Phillip Bay, Queenscliff (38 16 S, 144 39 E)","Port Phillip Bay, Queenscliff (38 16 S, 144 39 E), Victoria, Australia","32118",12,1987,"Australia",1,144.6642029,-37.8997197,-9.63867206729241,,1,"museum_measurement_0200","data/Master_TCEA_H_SI_BATCH 4 BREAST Feathers_LE_Nov25_v1.xls","18","museum_batch_h",,"museum_meta_051","museum_coord_3","historical_checkpoint:data/CNOH_museum_samples_201125.rds"
"15202","Breast","homogenate","normalised_d13c","Museums Victoria, Melbourne, Australia","Charadrius bicinctus","Victoria, Australia","Western Port, Yallock Creek (38 12 S, 145 32 E)","Western Port, Yallock Creek (38 12 S, 145 32 E), Victoria, Australia","28/08/1988",8,1988,"Australia",1,145.484897529636,-38.230407699365,-20.3527881500677,,1,"museum_measurement_0099","data/Master_EA_C_N_SI_Batch 3 vane_barb and Batch 4 Breast Feathers_LEH_Sept25_v1_SB.xls","19","museum_batch_cn",,"museum_meta_059","museum_coord_4","historical_checkpoint:data/CNOH_museum_samples_201125.rds"
"15202","Breast","homogenate","normalised_d15n","Museums Victoria, Melbourne, Australia","Charadrius bicinctus","Victoria, Australia","Western Port, Yallock Creek (38 12 S, 145 32 E)","Western Port, Yallock Creek (38 12 S, 145 32 E), Victoria, Australia","28/08/1988",8,1988,"Australia",1,145.484897529636,-38.230407699365,9.60060360978418,,1,"museum_measurement_0098","data/Master_EA_C_N_SI_Batch 3 vane_barb and Batch 4 Breast Feathers_LEH_Sept25_v1_SB.xls","19","museum_batch_cn",,"museum_meta_059","museum_coord_4","historical_checkpoint:data/CNOH_museum_samples_201125.rds"
"15202","Breast","homogenate","normalised_d18o","Museums Victoria, Melbourne, Australia","Charadrius bicinctus","Victoria, Australia","Western Port, Yallock Creek (38 12 S, 145 32 E)","Western Port, Yallock Creek (38 12 S, 145 32 E), Victoria, Australia","28/08/1988",8,1988,"Australia",1,145.484897529636,-38.230407699365,14.1680552197361,,1,"museum_measurement_0181","data/Master_TCEA_O_SI_Breast Feathers_Replication_Batch 4_LEH_Sept25_SB.xls","42","museum_batch_o",,"museum_meta_059","museum_coord_4","historical_checkpoint:data/CNOH_museum_samples_201125.rds"
"15202","Breast","homogenate","normalised_d2h","Museums Victoria, Melbourne, Australia","Charadrius bicinctus","Victoria, Australia","Western Port, Yallock Creek (38 12 S, 145 32 E)","Western Port, Yallock Creek (38 12 S, 145 32 E), Victoria, Australia","28/08/1988",8,1988,"Australia",1,145.484897529636,-38.230407699365,-20.4704910979068,,1,"museum_measurement_0201","data/Master_TCEA_H_SI_BATCH 4 BREAST Feathers_LE_Nov25_v1.xls","19","museum_batch_h",,"museum_meta_059","museum_coord_4","historical_checkpoint:data/CNOH_museum_samples_201125.rds"
"15209","Breast","homogenate","normalised_d13c","Museums Victoria, Melbourne, Australia","Charadrius bicinctus","Victoria, Australia","Western Port, Stockyard Point (38 25 S, 145 23 E)","Western Port, Stockyard Point (38 25 S, 145 23 E), Victoria, Australia","26/06/1988",6,1988,"Australia",1,145.5167602,-38.3376816,-19.6019111844043,,1,"museum_measurement_0101","data/Master_EA_C_N_SI_Batch 3 vane_barb and Batch 4 Breast Feathers_LEH_Sept25_v1_SB.xls","20","museum_batch_cn",,"museum_meta_046","museum_coord_5","historical_checkpoint:data/CNOH_museum_samples_201125.rds"
"15209","Breast","homogenate","normalised_d15n","Museums Victoria, Melbourne, Australia","Charadrius bicinctus","Victoria, Australia","Western Port, Stockyard Point (38 25 S, 145 23 E)","Western Port, Stockyard Point (38 25 S, 145 23 E), Victoria, Australia","26/06/1988",6,1988,"Australia",1,145.5167602,-38.3376816,9.82746216769214,,1,"museum_measurement_0100","data/Master_EA_C_N_SI_Batch 3 vane_barb and Batch 4 Breast Feathers_LEH_Sept25_v1_SB.xls","20","museum_batch_cn",,"museum_meta_046","museum_coord_5","historical_checkpoint:data/CNOH_museum_samples_201125.rds"
"15209","Breast","homogenate","normalised_d18o","Museums Victoria, Melbourne, Australia","Charadrius bicinctus","Victoria, Australia","Western Port, Stockyard Point (38 25 S, 145 23 E)","Western Port, Stockyard Point (38 25 S, 145 23 E), Victoria, Australia","26/06/1988",6,1988,"Australia",1,145.5167602,-38.3376816,14.5597792684034,,1,"museum_measurement_0182","data/Master_TCEA_O_SI_Breast Feathers_Replication_Batch 4_LEH_Sept25_SB.xls","43","museum_batch_o",,"museum_meta_046","museum_coord_5","historical_checkpoint:data/CNOH_museum_samples_201125.rds"
"15209","Breast","homogenate","normalised_d2h","Museums Victoria, Melbourne, Australia","Charadrius bicinctus","Victoria, Australia","Western Port, Stockyard Point (38 25 S, 145 23 E)","Western Port, Stockyard Point (38 25 S, 145 23 E), Victoria, Australia","26/06/1988",6,1988,"Australia",1,145.5167602,-38.3376816,-16.8823969369959,,1,"museum_measurement_0202","data/Master_TCEA_H_SI_BATCH 4 BREAST Feathers_LE_Nov25_v1.xls","20","museum_batch_h",,"museum_meta_046","museum_coord_5","historical_checkpoint:data/CNOH_museum_samples_201125.rds"
"15210","Breast","homogenate","normalised_d13c","Museums Victoria, Melbourne, Australia","Charadrius bicinctus","Victoria, Australia","Werribee (37 50 S, 144 34 E)","Werribee (37 50 S, 144 34 E), Victoria, Australia","29/05/1988",5,1988,"Australia",1,144.6642029,-37.8997197,-23.0120601920019,,1,"museum_measurement_0103","data/Master_EA_C_N_SI_Batch 3 vane_barb and Batch 4 Breast Feathers_LEH_Sept25_v1_SB.xls","21","museum_batch_cn",,"museum_meta_045","museum_coord_6","historical_checkpoint:data/CNOH_museum_samples_201125.rds"
"15210","Breast","homogenate","normalised_d15n","Museums Victoria, Melbourne, Australia","Charadrius bicinctus","Victoria, Australia","Werribee (37 50 S, 144 34 E)","Werribee (37 50 S, 144 34 E), Victoria, Australia","29/05/1988",5,1988,"Australia",1,144.6642029,-37.8997197,8.83508089895819,,1,"museum_measurement_0102","data/Master_EA_C_N_SI_Batch 3 vane_barb and Batch 4 Breast Feathers_LEH_Sept25_v1_SB.xls","21","museum_batch_cn",,"museum_meta_045","museum_coord_6","historical_checkpoint:data/CNOH_museum_samples_201125.rds"
"15210","Breast","homogenate","normalised_d18o","Museums Victoria, Melbourne, Australia","Charadrius bicinctus","Victoria, Australia","Werribee (37 50 S, 144 34 E)","Werribee (37 50 S, 144 34 E), Victoria, Australia","29/05/1988",5,1988,"Australia",1,144.6642029,-37.8997197,14.6493757263432,,1,"museum_measurement_0183","data/Master_TCEA_O_SI_Breast Feathers_Replication_Batch 4_LEH_Sept25_SB.xls","44","museum_batch_o",,"museum_meta_045","museum_coord_6","historical_checkpoint:data/CNOH_museum_samples_201125.rds"
"15210","Breast","homogenate","normalised_d2h","Museums Victoria, Melbourne, Australia","Charadrius bicinctus","Victoria, Australia","Werribee (37 50 S, 144 34 E)","Werribee (37 50 S, 144 34 E), Victoria, Australia","29/05/1988",5,1988,"Australia",1,144.6642029,-37.8997197,-16.2538743819165,,1,"museum_measurement_0203","data/Master_TCEA_H_SI_BATCH 4 BREAST Feathers_LE_Nov25_v1.xls","21","museum_batch_h",,"museum_meta_045","museum_coord_6","historical_checkpoint:data/CNOH_museum_samples_201125.rds"
"15261","Breast","homogenate","normalised_d13c","Museums Victoria, Melbourne, Australia","Charadrius bicinctus","Victoria, Australia","Port Phillip Bay, Queenscliff, Sand Is (38 16 S, 144 40 E)","Port Phillip Bay, Queenscliff, Sand Is (38 16 S, 144 40 E), Victoria, Australia","31/07/1988",7,1988,"Australia",1,144.6601221,-38.2690339,-23.2133676894988,,1,"museum_measurement_0105","data/Master_EA_C_N_SI_Batch 3 vane_barb and Batch 4 Breast Feathers_LEH_Sept25_v1_SB.xls","22","museum_batch_cn",,"museum_meta_050","museum_coord_7","historical_checkpoint:data/CNOH_museum_samples_201125.rds"
"15261","Breast","homogenate","normalised_d15n","Museums Victoria, Melbourne, Australia","Charadrius bicinctus","Victoria, Australia","Port Phillip Bay, Queenscliff, Sand Is (38 16 S, 144 40 E)","Port Phillip Bay, Queenscliff, Sand Is (38 16 S, 144 40 E), Victoria, Australia","31/07/1988",7,1988,"Australia",1,144.6601221,-38.2690339,10.161254054658,,1,"museum_measurement_0104","data/Master_EA_C_N_SI_Batch 3 vane_barb and Batch 4 Breast Feathers_LEH_Sept25_v1_SB.xls","22","museum_batch_cn",,"museum_meta_050","museum_coord_7","historical_checkpoint:data/CNOH_museum_samples_201125.rds"
"15261","Breast","homogenate","normalised_d18o","Museums Victoria, Melbourne, Australia","Charadrius bicinctus","Victoria, Australia","Port Phillip Bay, Queenscliff, Sand Is (38 16 S, 144 40 E)","Port Phillip Bay, Queenscliff, Sand Is (38 16 S, 144 40 E), Victoria, Australia","31/07/1988",7,1988,"Australia",1,144.6601221,-38.2690339,12.8928684230106,,1,"museum_measurement_0184","data/Master_TCEA_O_SI_Breast Feathers_Replication_Batch 4_LEH_Sept25_SB.xls","45","museum_batch_o",,"museum_meta_050","museum_coord_7","historical_checkpoint:data/CNOH_museum_samples_201125.rds"
"15261","Breast","homogenate","normalised_d2h","Museums Victoria, Melbourne, Australia","Charadrius bicinctus","Victoria, Australia","Port Phillip Bay, Queenscliff, Sand Is (38 16 S, 144 40 E)","Port Phillip Bay, Queenscliff, Sand Is (38 16 S, 144 40 E), Victoria, Australia","31/07/1988",7,1988,"Australia",1,144.6601221,-38.2690339,-13.4010814119772,,1,"museum_measurement_0204","data/Master_TCEA_H_SI_BATCH 4 BREAST Feathers_LE_Nov25_v1.xls","22","museum_batch_h",,"museum_meta_050","museum_coord_7","historical_checkpoint:data/CNOH_museum_samples_201125.rds"
"16885","Breast","homogenate","normalised_d18o","Museums Victoria, Melbourne, Australia","Charadrius bicinctus","Tasmania, Australia","Mona Vale (42 05 S, 147 29 E)","Mona Vale (42 05 S, 147 29 E), Tasmania, Australia","16/07/1887",7,1887,"Australia",1,147.4872048,-42.0801398,11.7166544577304,,1,"museum_measurement_0185","data/Master_TCEA_O_SI_Breast Feathers_Replication_Batch 4_LEH_Sept25_SB.xls","46","museum_batch_o",,"museum_meta_048","museum_coord_8","historical_checkpoint:data/CNOH_museum_samples_201125.rds"
"16885","Breast","homogenate","normalised_d2h","Museums Victoria, Melbourne, Australia","Charadrius bicinctus","Tasmania, Australia","Mona Vale (42 05 S, 147 29 E)","Mona Vale (42 05 S, 147 29 E), Tasmania, Australia","16/07/1887",7,1887,"Australia",1,147.4872048,-42.0801398,-20.3116052535757,,1,"museum_measurement_0205","data/Master_TCEA_H_SI_BATCH 4 BREAST Feathers_LE_Nov25_v1.xls","23","museum_batch_h",,"museum_meta_048","museum_coord_8","historical_checkpoint:data/CNOH_museum_samples_201125.rds"
"16886","Breast","homogenate","normalised_d13c","Museums Victoria, Melbourne, Australia","Charadrius bicinctus","Tasmania, Australia","Mona Vale (42 05 S, 147 29 E)","Mona Vale (42 05 S, 147 29 E), Tasmania, Australia","16/07/1887",7,1887,"Australia",1,147.4872048,-42.0801398,-21.635116909123,,1,"museum_measurement_0107","data/Master_EA_C_N_SI_Batch 3 vane_barb and Batch 4 Breast Feathers_LEH_Sept25_v1_SB.xls","24","museum_batch_cn",,"museum_meta_047","museum_coord_9","historical_checkpoint:data/CNOH_museum_samples_201125.rds"
"16886","Breast","homogenate","normalised_d15n","Museums Victoria, Melbourne, Australia","Charadrius bicinctus","Tasmania, Australia","Mona Vale (42 05 S, 147 29 E)","Mona Vale (42 05 S, 147 29 E), Tasmania, Australia","16/07/1887",7,1887,"Australia",1,147.4872048,-42.0801398,11.0976702165953,,1,"museum_measurement_0106","data/Master_EA_C_N_SI_Batch 3 vane_barb and Batch 4 Breast Feathers_LEH_Sept25_v1_SB.xls","24","museum_batch_cn",,"museum_meta_047","museum_coord_9","historical_checkpoint:data/CNOH_museum_samples_201125.rds"
"16887","Breast","homogenate","normalised_d18o","Museums Victoria, Melbourne, Australia","Charadrius bicinctus","Tasmania, Australia","Mona Vale (42 05 S, 147 29 E)","Mona Vale (42 05 S, 147 29 E), Tasmania, Australia","16/07/1887",7,1887,"Australia",1,147.4872048,-42.0801398,14.3597499669562,,1,"museum_measurement_0186","data/Master_TCEA_O_SI_Breast Feathers_Replication_Batch 4_LEH_Sept25_SB.xls","47","museum_batch_o",,"museum_meta_052","museum_coord_10","historical_checkpoint:data/CNOH_museum_samples_201125.rds"
"16887","Breast","homogenate","normalised_d2h","Museums Victoria, Melbourne, Australia","Charadrius bicinctus","Tasmania, Australia","Mona Vale (42 05 S, 147 29 E)","Mona Vale (42 05 S, 147 29 E), Tasmania, Australia","16/07/1887",7,1887,"Australia",1,147.4872048,-42.0801398,-2.11142720167909,,1,"museum_measurement_0206","data/Master_TCEA_H_SI_BATCH 4 BREAST Feathers_LE_Nov25_v1.xls","24","museum_batch_h",,"museum_meta_052","museum_coord_10","historical_checkpoint:data/CNOH_museum_samples_201125.rds"
"17371","Breast","homogenate","normalised_d13c","Museums Victoria, Melbourne, Australia","Charadrius bicinctus","Victoria, Australia","Western Port, Stockyard Point (38 25 S, 145 23 E)","Western Port, Stockyard Point (38 25 S, 145 23 E), Victoria, Australia","38541",7,2005,"Australia",1,145.5167602,-38.3376816,-20.9466452676836,,1,"museum_measurement_0109","data/Master_EA_C_N_SI_Batch 3 vane_barb and Batch 4 Breast Feathers_LEH_Sept25_v1_SB.xls","26","museum_batch_cn",,"museum_meta_060","museum_coord_11","historical_checkpoint:data/CNOH_museum_samples_201125.rds"
"17371","Breast","homogenate","normalised_d15n","Museums Victoria, Melbourne, Australia","Charadrius bicinctus","Victoria, Australia","Western Port, Stockyard Point (38 25 S, 145 23 E)","Western Port, Stockyard Point (38 25 S, 145 23 E), Victoria, Australia","38541",7,2005,"Australia",1,145.5167602,-38.3376816,10.4150957890573,,1,"museum_measurement_0108","data/Master_EA_C_N_SI_Batch 3 vane_barb and Batch 4 Breast Feathers_LEH_Sept25_v1_SB.xls","26","museum_batch_cn",,"museum_meta_060","museum_coord_11","historical_checkpoint:data/CNOH_museum_samples_201125.rds"
"2291","Breast","homogenate","normalised_d13c","Museums Victoria, Melbourne, Australia","Charadrius bicinctus","Victoria, Australia","Altona (37 52 S, 144 49 E)","Altona (37 52 S, 144 49 E), Victoria, Australia","17570",2,1948,"Australia",1,144.8309509,-37.8645245,-18.0729807409152,,1,"museum_measurement_0087","data/Master_EA_C_N_SI_Batch 3 vane_barb and Batch 4 Breast Feathers_LEH_Sept25_v1_SB.xls","13","museum_batch_cn",,"museum_meta_054","museum_coord_12","historical_checkpoint:data/CNOH_museum_samples_201125.rds"
"2291","Breast","homogenate","normalised_d15n","Museums Victoria, Melbourne, Australia","Charadrius bicinctus","Victoria, Australia","Altona (37 52 S, 144 49 E)","Altona (37 52 S, 144 49 E), Victoria, Australia","17570",2,1948,"Australia",1,144.8309509,-37.8645245,17.1768799423845,,1,"museum_measurement_0086","data/Master_EA_C_N_SI_Batch 3 vane_barb and Batch 4 Breast Feathers_LEH_Sept25_v1_SB.xls","13","museum_batch_cn",,"museum_meta_054","museum_coord_12","historical_checkpoint:data/CNOH_museum_samples_201125.rds"
"2291","Breast","homogenate","normalised_d18o","Museums Victoria, Melbourne, Australia","Charadrius bicinctus","Victoria, Australia","Altona (37 52 S, 144 49 E)","Altona (37 52 S, 144 49 E), Victoria, Australia","17570",2,1948,"Australia",1,144.8309509,-37.8645245,14.3107844608728,,1,"museum_measurement_0187","data/Master_TCEA_O_SI_Breast Feathers_Replication_Batch 4_LEH_Sept25_SB.xls","48","museum_batch_o",,"museum_meta_054","museum_coord_12","historical_checkpoint:data/CNOH_museum_samples_201125.rds"
"2291","Breast","homogenate","normalised_d2h","Museums Victoria, Melbourne, Australia","Charadrius bicinctus","Victoria, Australia","Altona (37 52 S, 144 49 E)","Altona (37 52 S, 144 49 E), Victoria, Australia","17570",2,1948,"Australia",1,144.8309509,-37.8645245,-10.6272083778205,,1,"museum_measurement_0195","data/Master_TCEA_H_SI_BATCH 4 BREAST Feathers_LE_Nov25_v1.xls","13","museum_batch_h",,"museum_meta_054","museum_coord_12","historical_checkpoint:data/CNOH_museum_samples_201125.rds"
"2423-136221","Breast","homogenate","normalised_d13c","Royal Ontario Museum, Toronto, Ontario, Canada","Charadrius bicinctus","Tasmania, Australia","Greens Beach","Greens Beach, Tasmania, Australia","28935",3,1979,"Australia",1,146.7425129,-41.0875836,-21.7850909947582,,1,"museum_measurement_0119","data/Master_EA_C_N_SI_Batch 3 vane_barb and Batch 4 Breast Feathers_LEH_Sept25_v1_SB.xls","33","museum_batch_cn",,"museum_meta_174","museum_coord_13","historical_checkpoint:data/CNOH_museum_samples_201125.rds"
"2423-136221","Breast","homogenate","normalised_d15n","Royal Ontario Museum, Toronto, Ontario, Canada","Charadrius bicinctus","Tasmania, Australia","Greens Beach","Greens Beach, Tasmania, Australia","28935",3,1979,"Australia",1,146.7425129,-41.0875836,10.2302110612468,,1,"museum_measurement_0118","data/Master_EA_C_N_SI_Batch 3 vane_barb and Batch 4 Breast Feathers_LEH_Sept25_v1_SB.xls","33","museum_batch_cn",,"museum_meta_174","museum_coord_13","historical_checkpoint:data/CNOH_museum_samples_201125.rds"
"244-111733","Breast","Barb","normalised_d13c","Royal Ontario Museum, Toronto, Ontario, Canada","Charadrius bicinctus","Nelson, New Zealand","Bainham","Bainham, Nelson, New Zealand","27208",6,1974,"New Zealand",0,173.2443635,-41.2985321,-20.664199749866,,1,"museum_measurement_0125","data/Master_EA_C_N_SI_Batch 3 vane_barb and Batch 4 Breast Feathers_LEH_Sept25_v1_SB.xls","36","museum_batch_cn",,"museum_meta_158","museum_coord_14","historical_checkpoint:data/CNOH_museum_samples_201125.rds"
"244-111733","Breast","Barb","normalised_d15n","Royal Ontario Museum, Toronto, Ontario, Canada","Charadrius bicinctus","Nelson, New Zealand","Bainham","Bainham, Nelson, New Zealand","27208",6,1974,"New Zealand",0,173.2443635,-41.2985321,9.82146798785107,,1,"museum_measurement_0124","data/Master_EA_C_N_SI_Batch 3 vane_barb and Batch 4 Breast Feathers_LEH_Sept25_v1_SB.xls","36","museum_batch_cn",,"museum_meta_158","museum_coord_14","historical_checkpoint:data/CNOH_museum_samples_201125.rds"
"244-111733","Breast","Rachis","normalised_d13c","Royal Ontario Museum, Toronto, Ontario, Canada","Charadrius bicinctus","Nelson, New Zealand","Bainham","Bainham, Nelson, New Zealand","27208",6,1974,"New Zealand",0,173.2443635,-41.2985321,-21.5392235416826,,1,"museum_measurement_0123","data/Master_EA_C_N_SI_Batch 3 vane_barb and Batch 4 Breast Feathers_LEH_Sept25_v1_SB.xls","35","museum_batch_cn",,"museum_meta_158","museum_coord_14","historical_checkpoint:data/CNOH_museum_samples_201125.rds"
"244-111733","Breast","Rachis","normalised_d15n","Royal Ontario Museum, Toronto, Ontario, Canada","Charadrius bicinctus","Nelson, New Zealand","Bainham","Bainham, Nelson, New Zealand","27208",6,1974,"New Zealand",0,173.2443635,-41.2985321,12.242211077898,,1,"museum_measurement_0122","data/Master_EA_C_N_SI_Batch 3 vane_barb and Batch 4 Breast Feathers_LEH_Sept25_v1_SB.xls","35","museum_batch_cn",,"museum_meta_158","museum_coord_14","historical_checkpoint:data/CNOH_museum_samples_201125.rds"
"244-111733","Breast","homogenate","normalised_d13c","Royal Ontario Museum, Toronto, Ontario, Canada","Charadrius bicinctus","Nelson, New Zealand","Bainham","Bainham, Nelson, New Zealand","27208",6,1974,"New Zealand",0,173.2443635,-41.2985321,-20.7745273573238,,1,"museum_measurement_0121","data/Master_EA_C_N_SI_Batch 3 vane_barb and Batch 4 Breast Feathers_LEH_Sept25_v1_SB.xls","34","museum_batch_cn",,"museum_meta_158","museum_coord_14","historical_checkpoint:data/CNOH_museum_samples_201125.rds"
"244-111733","Breast","homogenate","normalised_d15n","Royal Ontario Museum, Toronto, Ontario, Canada","Charadrius bicinctus","Nelson, New Zealand","Bainham","Bainham, Nelson, New Zealand","27208",6,1974,"New Zealand",0,173.2443635,-41.2985321,9.143888363247,,1,"museum_measurement_0120","data/Master_EA_C_N_SI_Batch 3 vane_barb and Batch 4 Breast Feathers_LEH_Sept25_v1_SB.xls","34","museum_batch_cn",,"museum_meta_158","museum_coord_14","historical_checkpoint:data/CNOH_museum_samples_201125.rds"
"244-111733","Breast","homogenate","normalised_d18o","Royal Ontario Museum, Toronto, Ontario, Canada","Charadrius bicinctus","Nelson, New Zealand","Bainham","Bainham, Nelson, New Zealand","27208",6,1974,"New Zealand",0,173.2443635,-41.2985321,13.2199996764189,,1,"museum_measurement_0164","data/Master_TCEA_O_SI_Breast Feathers_Replication_Batch 4_LEH_Sept25_SB.xls","25","museum_batch_o",,"museum_meta_158","museum_coord_14","historical_checkpoint:data/CNOH_museum_samples_201125.rds"
"244-111733","Breast","homogenate","normalised_d2h","Royal Ontario Museum, Toronto, Ontario, Canada","Charadrius bicinctus","Nelson, New Zealand","Bainham","Bainham, Nelson, New Zealand","27208",6,1974,"New Zealand",0,173.2443635,-41.2985321,-34.695008059115,,1,"museum_measurement_0210","data/Master_TCEA_H_SI_BATCH 4 BREAST Feathers_LE_Nov25_v1.xls","28","museum_batch_h",,"museum_meta_158","museum_coord_14","historical_checkpoint:data/CNOH_museum_samples_201125.rds"
"2448-136246","Breast","homogenate","normalised_d13c","Royal Ontario Museum, Toronto, Ontario, Canada","Charadrius bicinctus","Tasmania, Australia","Greens Beach","Greens Beach, Tasmania, Australia","28936",3,1979,"Australia",1,146.7425129,-41.0875836,-23.0633936038636,,1,"museum_measurement_0127","data/Master_EA_C_N_SI_Batch 3 vane_barb and Batch 4 Breast Feathers_LEH_Sept25_v1_SB.xls","37","museum_batch_cn",,"museum_meta_175","museum_coord_15","historical_checkpoint:data/CNOH_museum_samples_201125.rds"
"2448-136246","Breast","homogenate","normalised_d15n","Royal Ontario Museum, Toronto, Ontario, Canada","Charadrius bicinctus","Tasmania, Australia","Greens Beach","Greens Beach, Tasmania, Australia","28936",3,1979,"Australia",1,146.7425129,-41.0875836,7.64382362571462,,1,"museum_measurement_0126","data/Master_EA_C_N_SI_Batch 3 vane_barb and Batch 4 Breast Feathers_LEH_Sept25_v1_SB.xls","37","museum_batch_cn",,"museum_meta_175","museum_coord_15","historical_checkpoint:data/CNOH_museum_samples_201125.rds"
"2449-136247","Breast","homogenate","normalised_d18o","Royal Ontario Museum, Toronto, Ontario, Canada","Charadrius bicinctus","Tasmania, Australia","Greens Beach","Greens Beach, Tasmania, Australia","28936",3,1979,"Australia",1,146.7425129,-41.0875836,14.4430955092259,,1,"museum_measurement_0172","data/Master_TCEA_O_SI_Breast Feathers_Replication_Batch 4_LEH_Sept25_SB.xls","33","museum_batch_o",,"museum_meta_176","museum_coord_16","historical_checkpoint:data/CNOH_museum_samples_201125.rds"
"2449-136247","Breast","homogenate","normalised_d2h","Royal Ontario Museum, Toronto, Ontario, Canada","Charadrius bicinctus","Tasmania, Australia","Greens Beach","Greens Beach, Tasmania, Australia","28936",3,1979,"Australia",1,146.7425129,-41.0875836,-35.1676143429927,,1,"museum_measurement_0211","data/Master_TCEA_H_SI_BATCH 4 BREAST Feathers_LE_Nov25_v1.xls","29","museum_batch_h",,"museum_meta_176","museum_coord_16","historical_checkpoint:data/CNOH_museum_samples_201125.rds"
"2450-136248","Breast","homogenate","normalised_d18o","Royal Ontario Museum, Toronto, Ontario, Canada","Charadrius bicinctus","Tasmania, Australia","Greens Beach","Greens Beach, Tasmania, Australia","28936",3,1979,"Australia",1,146.7425129,-41.0875836,12.4511370489815,,1,"museum_measurement_0173","data/Master_TCEA_O_SI_Breast Feathers_Replication_Batch 4_LEH_Sept25_SB.xls","34","museum_batch_o",,"museum_meta_177","museum_coord_17","historical_checkpoint:data/CNOH_museum_samples_201125.rds"
"2450-136248","Breast","homogenate","normalised_d2h","Royal Ontario Museum, Toronto, Ontario, Canada","Charadrius bicinctus","Tasmania, Australia","Greens Beach","Greens Beach, Tasmania, Australia","28936",3,1979,"Australia",1,146.7425129,-41.0875836,-56.9824380633887,,1,"museum_measurement_0212","data/Master_TCEA_H_SI_BATCH 4 BREAST Feathers_LE_Nov25_v1.xls","30","museum_batch_h",,"museum_meta_177","museum_coord_17","historical_checkpoint:data/CNOH_museum_samples_201125.rds"
"35514","Breast","homogenate","normalised_d13c","Museums Victoria, Melbourne, Australia","Charadrius bicinctus","Victoria, Australia","Flinders, Ocean Beach (38 28 54 S, 145 00 59 E)","Flinders, Ocean Beach (38 28 54 S, 145 00 59 E), Victoria, Australia","43320",8,2018,"Australia",1,145.0167856,-38.4826457,-23.3734071500088,,1,"museum_measurement_0111","data/Master_EA_C_N_SI_Batch 3 vane_barb and Batch 4 Breast Feathers_LEH_Sept25_v1_SB.xls","27","museum_batch_cn",,"museum_meta_057","museum_coord_18","historical_checkpoint:data/CNOH_museum_samples_201125.rds"
"35514","Breast","homogenate","normalised_d15n","Museums Victoria, Melbourne, Australia","Charadrius bicinctus","Victoria, Australia","Flinders, Ocean Beach (38 28 54 S, 145 00 59 E)","Flinders, Ocean Beach (38 28 54 S, 145 00 59 E), Victoria, Australia","43320",8,2018,"Australia",1,145.0167856,-38.4826457,13.2303405363116,,1,"museum_measurement_0110","data/Master_EA_C_N_SI_Batch 3 vane_barb and Batch 4 Breast Feathers_LEH_Sept25_v1_SB.xls","27","museum_batch_cn",,"museum_meta_057","museum_coord_18","historical_checkpoint:data/CNOH_museum_samples_201125.rds"
"35515","Breast","homogenate","normalised_d18o","Museums Victoria, Melbourne, Australia","Charadrius bicinctus","Victoria, Australia","Flinders, Ocean Beach (38 28 54 S, 145 00 59 E)","Flinders, Ocean Beach (38 28 54 S, 145 00 59 E), Victoria, Australia","43320",8,2018,"Australia",1,145.0167856,-38.4826457,12.5907408322832,,1,"museum_measurement_0188","data/Master_TCEA_O_SI_Breast Feathers_Replication_Batch 4_LEH_Sept25_SB.xls","49","museum_batch_o",,"museum_meta_058","museum_coord_19","historical_checkpoint:data/CNOH_museum_samples_201125.rds"
"35515","Breast","homogenate","normalised_d2h","Museums Victoria, Melbourne, Australia","Charadrius bicinctus","Victoria, Australia","Flinders, Ocean Beach (38 28 54 S, 145 00 59 E)","Flinders, Ocean Beach (38 28 54 S, 145 00 59 E), Victoria, Australia","43320",8,2018,"Australia",1,145.0167856,-38.4826457,-9.66919371881344,,1,"museum_measurement_0207","data/Master_TCEA_H_SI_BATCH 4 BREAST Feathers_LE_Nov25_v1.xls","25","museum_batch_h",,"museum_meta_058","museum_coord_19","historical_checkpoint:data/CNOH_museum_samples_201125.rds"
"35577","Breast","homogenate","normalised_d18o","Museums Victoria, Melbourne, Australia","Charadrius bicinctus","Victoria, Australia","Western Port, Stockyard Point (38 25 S, 145 23 E)","Western Port, Stockyard Point (38 25 S, 145 23 E), Victoria, Australia","16/07/2000",7,2000,"Australia",1,145.5167602,-38.3376816,13.239794242708,,1,"museum_measurement_0189","data/Master_TCEA_O_SI_Breast Feathers_Replication_Batch 4_LEH_Sept25_SB.xls","50","museum_batch_o",,"museum_meta_056","museum_coord_20","historical_checkpoint:data/CNOH_museum_samples_201125.rds"
"35577","Breast","homogenate","normalised_d2h","Museums Victoria, Melbourne, Australia","Charadrius bicinctus","Victoria, Australia","Western Port, Stockyard Point (38 25 S, 145 23 E)","Western Port, Stockyard Point (38 25 S, 145 23 E), Victoria, Australia","16/07/2000",7,2000,"Australia",1,145.5167602,-38.3376816,-19.3190555610164,,1,"museum_measurement_0208","data/Master_TCEA_H_SI_BATCH 4 BREAST Feathers_LE_Nov25_v1.xls","26","museum_batch_h",,"museum_meta_056","museum_coord_20","historical_checkpoint:data/CNOH_museum_samples_201125.rds"
"390-122989","Breast","homogenate","normalised_d18o","Royal Ontario Museum, Toronto, Ontario, Canada","Charadrius bicinctus","Nelson, New Zealand","Whanganui (Westhaven) Inlet","Whanganui (Westhaven) Inlet, Nelson, New Zealand","27222",7,1974,"New Zealand",0,175.0286083,-39.9330715,15.3328091729542,,1,"museum_measurement_0171","data/Master_TCEA_O_SI_Breast Feathers_Replication_Batch 4_LEH_Sept25_SB.xls","32","museum_batch_o",,"museum_meta_171","museum_coord_21","historical_checkpoint:data/CNOH_museum_samples_201125.rds"
"390-122989","Breast","homogenate","normalised_d2h","Royal Ontario Museum, Toronto, Ontario, Canada","Charadrius bicinctus","Nelson, New Zealand","Whanganui (Westhaven) Inlet","Whanganui (Westhaven) Inlet, Nelson, New Zealand","27222",7,1974,"New Zealand",0,175.0286083,-39.9330715,-40.6280690876332,,1,"museum_measurement_0213","data/Master_TCEA_H_SI_BATCH 4 BREAST Feathers_LE_Nov25_v1.xls","31","museum_batch_h",,"museum_meta_171","museum_coord_21","historical_checkpoint:data/CNOH_museum_samples_201125.rds"
"391-122990","Breast","homogenate","normalised_d13c","Royal Ontario Museum, Toronto, Ontario, Canada","Charadrius bicinctus","Nelson, New Zealand","Whanganui (Westhaven) Inlet","Whanganui (Westhaven) Inlet, Nelson, New Zealand","27222",7,1974,"New Zealand",0,175.0286083,-39.9330715,-14.1364126273632,,1,"museum_measurement_0129","data/Master_EA_C_N_SI_Batch 3 vane_barb and Batch 4 Breast Feathers_LEH_Sept25_v1_SB.xls","41","museum_batch_cn",,"museum_meta_172","museum_coord_22","historical_checkpoint:data/CNOH_museum_samples_201125.rds"
"391-122990","Breast","homogenate","normalised_d15n","Royal Ontario Museum, Toronto, Ontario, Canada","Charadrius bicinctus","Nelson, New Zealand","Whanganui (Westhaven) Inlet","Whanganui (Westhaven) Inlet, Nelson, New Zealand","27222",7,1974,"New Zealand",0,175.0286083,-39.9330715,13.0534508237578,,1,"museum_measurement_0128","data/Master_EA_C_N_SI_Batch 3 vane_barb and Batch 4 Breast Feathers_LEH_Sept25_v1_SB.xls","41","museum_batch_cn",,"museum_meta_172","museum_coord_22","historical_checkpoint:data/CNOH_museum_samples_201125.rds"
"392-122991","Breast","homogenate","normalised_d13c","Royal Ontario Museum, Toronto, Ontario, Canada","Charadrius bicinctus","Nelson, New Zealand","Whanganui (Westhaven) Inlet","Whanganui (Westhaven) Inlet, Nelson, New Zealand","27222",7,1974,"New Zealand",0,175.0286083,-39.9330715,-15.7609641321633,,1,"museum_measurement_0131","data/Master_EA_C_N_SI_Batch 3 vane_barb and Batch 4 Breast Feathers_LEH_Sept25_v1_SB.xls","42","museum_batch_cn",,"museum_meta_173","museum_coord_23","historical_checkpoint:data/CNOH_museum_samples_201125.rds"
"392-122991","Breast","homogenate","normalised_d15n","Royal Ontario Museum, Toronto, Ontario, Canada","Charadrius bicinctus","Nelson, New Zealand","Whanganui (Westhaven) Inlet","Whanganui (Westhaven) Inlet, Nelson, New Zealand","27222",7,1974,"New Zealand",0,175.0286083,-39.9330715,12.3608826271489,,1,"museum_measurement_0130","data/Master_EA_C_N_SI_Batch 3 vane_barb and Batch 4 Breast Feathers_LEH_Sept25_v1_SB.xls","42","museum_batch_cn",,"museum_meta_173","museum_coord_23","historical_checkpoint:data/CNOH_museum_samples_201125.rds"
"585-122580","Breast","homogenate","normalised_d13c","Royal Ontario Museum, Toronto, Ontario, Canada","Charadrius bicinctus","Tasmania, Australia","Ralphs Bay","Ralphs Bay, Tasmania, Australia","27236",7,1974,"Australia",1,147.43,-42.97,-21.6320972966606,,1,"museum_measurement_0133","data/Master_EA_C_N_SI_Batch 3 vane_barb and Batch 4 Breast Feathers_LEH_Sept25_v1_SB.xls","43","museum_batch_cn",,"museum_meta_159","museum_coord_24","historical_checkpoint:data/CNOH_museum_samples_201125.rds"
"585-122580","Breast","homogenate","normalised_d15n","Royal Ontario Museum, Toronto, Ontario, Canada","Charadrius bicinctus","Tasmania, Australia","Ralphs Bay","Ralphs Bay, Tasmania, Australia","27236",7,1974,"Australia",1,147.43,-42.97,10.949762434347,,1,"museum_measurement_0132","data/Master_EA_C_N_SI_Batch 3 vane_barb and Batch 4 Breast Feathers_LEH_Sept25_v1_SB.xls","43","museum_batch_cn",,"museum_meta_159","museum_coord_24","historical_checkpoint:data/CNOH_museum_samples_201125.rds"
"586-122581","Breast","homogenate","normalised_d13c","Royal Ontario Museum, Toronto, Ontario, Canada","Charadrius bicinctus","Tasmania, Australia","Ralphs Bay","Ralphs Bay, Tasmania, Australia","27236",7,1974,"Australia",1,147.43,-42.97,-22.2823205135756,,1,"museum_measurement_0135","data/Master_EA_C_N_SI_Batch 3 vane_barb and Batch 4 Breast Feathers_LEH_Sept25_v1_SB.xls","44","museum_batch_cn",,"museum_meta_160","museum_coord_25","historical_checkpoint:data/CNOH_museum_samples_201125.rds"
"586-122581","Breast","homogenate","normalised_d15n","Royal Ontario Museum, Toronto, Ontario, Canada","Charadrius bicinctus","Tasmania, Australia","Ralphs Bay","Ralphs Bay, Tasmania, Australia","27236",7,1974,"Australia",1,147.43,-42.97,10.7958583906561,,1,"museum_measurement_0134","data/Master_EA_C_N_SI_Batch 3 vane_barb and Batch 4 Breast Feathers_LEH_Sept25_v1_SB.xls","44","museum_batch_cn",,"museum_meta_160","museum_coord_25","historical_checkpoint:data/CNOH_museum_samples_201125.rds"
"587-122582","Breast","homogenate","normalised_d13c","Royal Ontario Museum, Toronto, Ontario, Canada","Charadrius bicinctus","Tasmania, Australia","Ralphs Bay","Ralphs Bay, Tasmania, Australia","27236",7,1974,"Australia",1,147.43,-42.97,-23.0855374285883,,1,"museum_measurement_0137","data/Master_EA_C_N_SI_Batch 3 vane_barb and Batch 4 Breast Feathers_LEH_Sept25_v1_SB.xls","45","museum_batch_cn",,"museum_meta_161","museum_coord_26","historical_checkpoint:data/CNOH_museum_samples_201125.rds"
"587-122582","Breast","homogenate","normalised_d15n","Royal Ontario Museum, Toronto, Ontario, Canada","Charadrius bicinctus","Tasmania, Australia","Ralphs Bay","Ralphs Bay, Tasmania, Australia","27236",7,1974,"Australia",1,147.43,-42.97,10.4660640113185,,1,"museum_measurement_0136","data/Master_EA_C_N_SI_Batch 3 vane_barb and Batch 4 Breast Feathers_LEH_Sept25_v1_SB.xls","45","museum_batch_cn",,"museum_meta_161","museum_coord_26","historical_checkpoint:data/CNOH_museum_samples_201125.rds"
"588-122583","Breast","Barb","normalised_d13c","Royal Ontario Museum, Toronto, Ontario, Canada","Charadrius bicinctus","Tasmania, Australia","Ralphs Bay","Ralphs Bay, Tasmania, Australia","27236",7,1974,"Australia",1,147.43,-42.97,-21.4040572648979,,1,"museum_measurement_0141","data/Master_EA_C_N_SI_Batch 3 vane_barb and Batch 4 Breast Feathers_LEH_Sept25_v1_SB.xls","48","museum_batch_cn",,"museum_meta_162","museum_coord_27","historical_checkpoint:data/CNOH_museum_samples_201125.rds"
"588-122583","Breast","Barb","normalised_d15n","Royal Ontario Museum, Toronto, Ontario, Canada","Charadrius bicinctus","Tasmania, Australia","Ralphs Bay","Ralphs Bay, Tasmania, Australia","27236",7,1974,"Australia",1,147.43,-42.97,12.5659358213156,,1,"museum_measurement_0140","data/Master_EA_C_N_SI_Batch 3 vane_barb and Batch 4 Breast Feathers_LEH_Sept25_v1_SB.xls","48","museum_batch_cn",,"museum_meta_162","museum_coord_27","historical_checkpoint:data/CNOH_museum_samples_201125.rds"
"588-122583","Breast","Rachis","normalised_d13c","Royal Ontario Museum, Toronto, Ontario, Canada","Charadrius bicinctus","Tasmania, Australia","Ralphs Bay","Ralphs Bay, Tasmania, Australia","27236",7,1974,"Australia",1,147.43,-42.97,-22.359367792549,,1,"museum_measurement_0139","data/Master_EA_C_N_SI_Batch 3 vane_barb and Batch 4 Breast Feathers_LEH_Sept25_v1_SB.xls","47","museum_batch_cn",,"museum_meta_162","museum_coord_27","historical_checkpoint:data/CNOH_museum_samples_201125.rds"
"588-122583","Breast","Rachis","normalised_d15n","Royal Ontario Museum, Toronto, Ontario, Canada","Charadrius bicinctus","Tasmania, Australia","Ralphs Bay","Ralphs Bay, Tasmania, Australia","27236",7,1974,"Australia",1,147.43,-42.97,13.1705924620554,,1,"museum_measurement_0138","data/Master_EA_C_N_SI_Batch 3 vane_barb and Batch 4 Breast Feathers_LEH_Sept25_v1_SB.xls","47","museum_batch_cn",,"museum_meta_162","museum_coord_27","historical_checkpoint:data/CNOH_museum_samples_201125.rds"
"588-122583","Breast","homogenate","normalised_d18o","Royal Ontario Museum, Toronto, Ontario, Canada","Charadrius bicinctus","Tasmania, Australia","Ralphs Bay","Ralphs Bay, Tasmania, Australia","27236",7,1974,"Australia",1,147.43,-42.97,12.3157005427934,,1,"museum_measurement_0166","data/Master_TCEA_O_SI_Breast Feathers_Replication_Batch 4_LEH_Sept25_SB.xls","27","museum_batch_o",,"museum_meta_162","museum_coord_27","historical_checkpoint:data/CNOH_museum_samples_201125.rds"
"588-122583","Breast","homogenate","normalised_d2h","Royal Ontario Museum, Toronto, Ontario, Canada","Charadrius bicinctus","Tasmania, Australia","Ralphs Bay","Ralphs Bay, Tasmania, Australia","27236",7,1974,"Australia",1,147.43,-42.97,-9.9648246113549,,1,"museum_measurement_0214","data/Master_TCEA_H_SI_BATCH 4 BREAST Feathers_LE_Nov25_v1.xls","32","museum_batch_h",,"museum_meta_162","museum_coord_27","historical_checkpoint:data/CNOH_museum_samples_201125.rds"
"589-122584","Breast","homogenate","normalised_d18o","Royal Ontario Museum, Toronto, Ontario, Canada","Charadrius bicinctus","Tasmania, Australia","Ralphs Bay","Ralphs Bay, Tasmania, Australia","27236",7,1974,"Australia",1,147.43,-42.97,13.7690384361202,,1,"museum_measurement_0167","data/Master_TCEA_O_SI_Breast Feathers_Replication_Batch 4_LEH_Sept25_SB.xls","28","museum_batch_o",,"museum_meta_163","museum_coord_28","historical_checkpoint:data/CNOH_museum_samples_201125.rds"
"589-122584","Breast","homogenate","normalised_d2h","Royal Ontario Museum, Toronto, Ontario, Canada","Charadrius bicinctus","Tasmania, Australia","Ralphs Bay","Ralphs Bay, Tasmania, Australia","27236",7,1974,"Australia",1,147.43,-42.97,-65.7353785035957,,1,"museum_measurement_0215","data/Master_TCEA_H_SI_BATCH 4 BREAST Feathers_LE_Nov25_v1.xls","33","museum_batch_h",,"museum_meta_163","museum_coord_28","historical_checkpoint:data/CNOH_museum_samples_201125.rds"
"590-122585","Breast","homogenate","normalised_d18o","Royal Ontario Museum, Toronto, Ontario, Canada","Charadrius bicinctus","Tasmania, Australia","Ralphs Bay","Ralphs Bay, Tasmania, Australia","27236",7,1974,"Australia",1,147.43,-42.97,13.4742035803413,,1,"museum_measurement_0165","data/Master_TCEA_O_SI_Breast Feathers_Replication_Batch 4_LEH_Sept25_SB.xls","26","museum_batch_o",,"museum_meta_164","museum_coord_29","historical_checkpoint:data/CNOH_museum_samples_201125.rds"
"590-122585","Breast","homogenate","normalised_d2h","Royal Ontario Museum, Toronto, Ontario, Canada","Charadrius bicinctus","Tasmania, Australia","Ralphs Bay","Ralphs Bay, Tasmania, Australia","27236",7,1974,"Australia",1,147.43,-42.97,-10.0993706721725,,1,"museum_measurement_0216","data/Master_TCEA_H_SI_BATCH 4 BREAST Feathers_LE_Nov25_v1.xls","34","museum_batch_h",,"museum_meta_164","museum_coord_29","historical_checkpoint:data/CNOH_museum_samples_201125.rds"
"591-122586","Breast","homogenate","normalised_d13c","Royal Ontario Museum, Toronto, Ontario, Canada","Charadrius bicinctus","Tasmania, Australia","Ralphs Bay","Ralphs Bay, Tasmania, Australia","27967",7,1976,"Australia",1,147.43,-42.97,-15.7841144943754,,1,"museum_measurement_0143","data/Master_EA_C_N_SI_Batch 3 vane_barb and Batch 4 Breast Feathers_LEH_Sept25_v1_SB.xls","51","museum_batch_cn",,"museum_meta_165","museum_coord_30","historical_checkpoint:data/CNOH_museum_samples_201125.rds"
"591-122586","Breast","homogenate","normalised_d15n","Royal Ontario Museum, Toronto, Ontario, Canada","Charadrius bicinctus","Tasmania, Australia","Ralphs Bay","Ralphs Bay, Tasmania, Australia","27967",7,1976,"Australia",1,147.43,-42.97,8.93202045894529,,1,"museum_measurement_0142","data/Master_EA_C_N_SI_Batch 3 vane_barb and Batch 4 Breast Feathers_LEH_Sept25_v1_SB.xls","51","museum_batch_cn",,"museum_meta_165","museum_coord_30","historical_checkpoint:data/CNOH_museum_samples_201125.rds"
"592-122587","Breast","homogenate","normalised_d13c","Royal Ontario Museum, Toronto, Ontario, Canada","Charadrius bicinctus","Tasmania, Australia","Ralphs Bay","Ralphs Bay, Tasmania, Australia","27236",7,1974,"Australia",1,147.43,-42.97,-19.717662995465,,1,"museum_measurement_0145","data/Master_EA_C_N_SI_Batch 3 vane_barb and Batch 4 Breast Feathers_LEH_Sept25_v1_SB.xls","52","museum_batch_cn",,"museum_meta_166","museum_coord_31","historical_checkpoint:data/CNOH_museum_samples_201125.rds"
"592-122587","Breast","homogenate","normalised_d15n","Royal Ontario Museum, Toronto, Ontario, Canada","Charadrius bicinctus","Tasmania, Australia","Ralphs Bay","Ralphs Bay, Tasmania, Australia","27236",7,1974,"Australia",1,147.43,-42.97,10.1832403466139,,1,"museum_measurement_0144","data/Master_EA_C_N_SI_Batch 3 vane_barb and Batch 4 Breast Feathers_LEH_Sept25_v1_SB.xls","52","museum_batch_cn",,"museum_meta_166","museum_coord_31","historical_checkpoint:data/CNOH_museum_samples_201125.rds"
"593-122588","Breast","homogenate","normalised_d13c","Royal Ontario Museum, Toronto, Ontario, Canada","Charadrius bicinctus","Tasmania, Australia","Ralphs Bay","Ralphs Bay, Tasmania, Australia","27236",7,1974,"Australia",1,147.43,-42.97,-18.8288903940161,,1,"museum_measurement_0147","data/Master_EA_C_N_SI_Batch 3 vane_barb and Batch 4 Breast Feathers_LEH_Sept25_v1_SB.xls","53","museum_batch_cn",,"museum_meta_167","museum_coord_32","historical_checkpoint:data/CNOH_museum_samples_201125.rds"
"593-122588","Breast","homogenate","normalised_d15n","Royal Ontario Museum, Toronto, Ontario, Canada","Charadrius bicinctus","Tasmania, Australia","Ralphs Bay","Ralphs Bay, Tasmania, Australia","27236",7,1974,"Australia",1,147.43,-42.97,9.63058491699669,,1,"museum_measurement_0146","data/Master_EA_C_N_SI_Batch 3 vane_barb and Batch 4 Breast Feathers_LEH_Sept25_v1_SB.xls","53","museum_batch_cn",,"museum_meta_167","museum_coord_32","historical_checkpoint:data/CNOH_museum_samples_201125.rds"
"594-122589","Breast","homogenate","normalised_d18o","Royal Ontario Museum, Toronto, Ontario, Canada","Charadrius bicinctus","Tasmania, Australia","Ralphs Bay","Ralphs Bay, Tasmania, Australia","27236",7,1974,"Australia",1,147.43,-42.97,15.1744526426419,,1,"museum_measurement_0168","data/Master_TCEA_O_SI_Breast Feathers_Replication_Batch 4_LEH_Sept25_SB.xls","29","museum_batch_o",,"museum_meta_168","museum_coord_33","historical_checkpoint:data/CNOH_museum_samples_201125.rds"
"594-122589","Breast","homogenate","normalised_d2h","Royal Ontario Museum, Toronto, Ontario, Canada","Charadrius bicinctus","Tasmania, Australia","Ralphs Bay","Ralphs Bay, Tasmania, Australia","27236",7,1974,"Australia",1,147.43,-42.97,-19.9894549561888,,1,"museum_measurement_0217","data/Master_TCEA_H_SI_BATCH 4 BREAST Feathers_LE_Nov25_v1.xls","35","museum_batch_h",,"museum_meta_168","museum_coord_33","historical_checkpoint:data/CNOH_museum_samples_201125.rds"
"595-122590","Breast","homogenate","normalised_d18o","Royal Ontario Museum, Toronto, Ontario, Canada","Charadrius bicinctus","Tasmania, Australia","Ralphs Bay","Ralphs Bay, Tasmania, Australia","27236",7,1974,"Australia",1,147.43,-42.97,12.351122398258,,1,"museum_measurement_0169","data/Master_TCEA_O_SI_Breast Feathers_Replication_Batch 4_LEH_Sept25_SB.xls","30","museum_batch_o",,"museum_meta_169","museum_coord_34","historical_checkpoint:data/CNOH_museum_samples_201125.rds"
"595-122590","Breast","homogenate","normalised_d2h","Royal Ontario Museum, Toronto, Ontario, Canada","Charadrius bicinctus","Tasmania, Australia","Ralphs Bay","Ralphs Bay, Tasmania, Australia","27236",7,1974,"Australia",1,147.43,-42.97,-25.3275145932584,,1,"museum_measurement_0218","data/Master_TCEA_H_SI_BATCH 4 BREAST Feathers_LE_Nov25_v1.xls","36","museum_batch_h",,"museum_meta_169","museum_coord_34","historical_checkpoint:data/CNOH_museum_samples_201125.rds"
"596-122591","Breast","homogenate","normalised_d18o","Royal Ontario Museum, Toronto, Ontario, Canada","Charadrius bicinctus","Tasmania, Australia","Ralphs Bay","Ralphs Bay, Tasmania, Australia","27236",7,1974,"Australia",1,147.43,-42.97,15.121319859445,,1,"museum_measurement_0170","data/Master_TCEA_O_SI_Breast Feathers_Replication_Batch 4_LEH_Sept25_SB.xls","31","museum_batch_o",,"museum_meta_170","museum_coord_35","historical_checkpoint:data/CNOH_museum_samples_201125.rds"
"596-122591","Breast","homogenate","normalised_d2h","Royal Ontario Museum, Toronto, Ontario, Canada","Charadrius bicinctus","Tasmania, Australia","Ralphs Bay","Ralphs Bay, Tasmania, Australia","27236",7,1974,"Australia",1,147.43,-42.97,-24.2966144154236,,1,"museum_measurement_0219","data/Master_TCEA_H_SI_BATCH 4 BREAST Feathers_LE_Nov25_v1.xls","37","museum_batch_h",,"museum_meta_170","museum_coord_35","historical_checkpoint:data/CNOH_museum_samples_201125.rds"
"6257","Breast","homogenate","normalised_d13c","Museums Victoria, Melbourne, Australia","Charadrius bicinctus","Victoria, Australia","Mildura (34 11 S, 142 09 E)","Mildura (34 11 S, 142 09 E), Victoria, Australia","20369",10,1955,"Australia",1,142.1744417,-34.2033783,-12.7091424701101,,1,"museum_measurement_0089","data/Master_EA_C_N_SI_Batch 3 vane_barb and Batch 4 Breast Feathers_LEH_Sept25_v1_SB.xls","14","museum_batch_cn",,"museum_meta_055","museum_coord_36","historical_checkpoint:data/CNOH_museum_samples_201125.rds"
"6257","Breast","homogenate","normalised_d15n","Museums Victoria, Melbourne, Australia","Charadrius bicinctus","Victoria, Australia","Mildura (34 11 S, 142 09 E)","Mildura (34 11 S, 142 09 E), Victoria, Australia","20369",10,1955,"Australia",1,142.1744417,-34.2033783,8.36537375262893,,1,"museum_measurement_0088","data/Master_EA_C_N_SI_Batch 3 vane_barb and Batch 4 Breast Feathers_LEH_Sept25_v1_SB.xls","14","museum_batch_cn",,"museum_meta_055","museum_coord_36","historical_checkpoint:data/CNOH_museum_samples_201125.rds"
"6257","Breast","homogenate","normalised_d18o","Museums Victoria, Melbourne, Australia","Charadrius bicinctus","Victoria, Australia","Mildura (34 11 S, 142 09 E)","Mildura (34 11 S, 142 09 E), Victoria, Australia","20369",10,1955,"Australia",1,142.1744417,-34.2033783,14.6212466058272,,1,"museum_measurement_0190","data/Master_TCEA_O_SI_Breast Feathers_Replication_Batch 4_LEH_Sept25_SB.xls","51","museum_batch_o",,"museum_meta_055","museum_coord_36","historical_checkpoint:data/CNOH_museum_samples_201125.rds"
"6257","Breast","homogenate","normalised_d2h","Museums Victoria, Melbourne, Australia","Charadrius bicinctus","Victoria, Australia","Mildura (34 11 S, 142 09 E)","Mildura (34 11 S, 142 09 E), Victoria, Australia","20369",10,1955,"Australia",1,142.1744417,-34.2033783,-24.6604750552352,,1,"museum_measurement_0196","data/Master_TCEA_H_SI_BATCH 4 BREAST Feathers_LE_Nov25_v1.xls","14","museum_batch_h",,"museum_meta_055","museum_coord_36","historical_checkpoint:data/CNOH_museum_samples_201125.rds"
"6260","Breast","homogenate","normalised_d13c","Museums Victoria, Melbourne, Australia","Charadrius bicinctus","Victoria, Australia","Mildura (34 11 S, 142 09 E)","Mildura (34 11 S, 142 09 E), Victoria, Australia","20369",10,1955,"Australia",1,142.1744417,-34.2033783,-16.5370045350138,,1,"museum_measurement_0091","data/Master_EA_C_N_SI_Batch 3 vane_barb and Batch 4 Breast Feathers_LEH_Sept25_v1_SB.xls","15","museum_batch_cn",,"museum_meta_049","museum_coord_37","historical_checkpoint:data/CNOH_museum_samples_201125.rds"
"6260","Breast","homogenate","normalised_d15n","Museums Victoria, Melbourne, Australia","Charadrius bicinctus","Victoria, Australia","Mildura (34 11 S, 142 09 E)","Mildura (34 11 S, 142 09 E), Victoria, Australia","20369",10,1955,"Australia",1,142.1744417,-34.2033783,11.9361474416384,,1,"museum_measurement_0090","data/Master_EA_C_N_SI_Batch 3 vane_barb and Batch 4 Breast Feathers_LEH_Sept25_v1_SB.xls","15","museum_batch_cn",,"museum_meta_049","museum_coord_37","historical_checkpoint:data/CNOH_museum_samples_201125.rds"
"6260","Breast","homogenate","normalised_d18o","Museums Victoria, Melbourne, Australia","Charadrius bicinctus","Victoria, Australia","Mildura (34 11 S, 142 09 E)","Mildura (34 11 S, 142 09 E), Victoria, Australia","20369",10,1955,"Australia",1,142.1744417,-34.2033783,15.8526769928611,,1,"museum_measurement_0191","data/Master_TCEA_O_SI_Breast Feathers_Replication_Batch 4_LEH_Sept25_SB.xls","52","museum_batch_o",,"museum_meta_049","museum_coord_37","historical_checkpoint:data/CNOH_museum_samples_201125.rds"
"6260","Breast","homogenate","normalised_d2h","Museums Victoria, Melbourne, Australia","Charadrius bicinctus","Victoria, Australia","Mildura (34 11 S, 142 09 E)","Mildura (34 11 S, 142 09 E), Victoria, Australia","20369",10,1955,"Australia",1,142.1744417,-34.2033783,7.48691923062304,,1,"museum_measurement_0197","data/Master_TCEA_H_SI_BATCH 4 BREAST Feathers_LE_Nov25_v1.xls","15","museum_batch_h",,"museum_meta_049","museum_coord_37","historical_checkpoint:data/CNOH_museum_samples_201125.rds"
"A28886","Breast","homogenate","normalised_d13c","Western Australia Museum, Perth, Australia","Charadrius bicinctus","Western Australia, Australia","Point Malcom (-33.7833, 123.7500)","Point Malcom (-33.7833, 123.7500), Western Australia, Australia","27/11/2001",11,2001,"Australia",1,123.7442022,-33.7394625,-13.4197579362742,,1,"museum_measurement_0149","data/Master_EA_C_N_SI_Batch 3 vane_barb and Batch 4 Breast Feathers_LEH_Sept25_v1_SB.xls","57","museum_batch_cn",,"museum_meta_064","museum_coord_38","historical_checkpoint:data/CNOH_museum_samples_201125.rds"
"A28886","Breast","homogenate","normalised_d15n","Western Australia Museum, Perth, Australia","Charadrius bicinctus","Western Australia, Australia","Point Malcom (-33.7833, 123.7500)","Point Malcom (-33.7833, 123.7500), Western Australia, Australia","27/11/2001",11,2001,"Australia",1,123.7442022,-33.7394625,10.1872378542422,,1,"museum_measurement_0148","data/Master_EA_C_N_SI_Batch 3 vane_barb and Batch 4 Breast Feathers_LEH_Sept25_v1_SB.xls","57","museum_batch_cn",,"museum_meta_064","museum_coord_38","historical_checkpoint:data/CNOH_museum_samples_201125.rds"
"A28886","Breast","homogenate","normalised_d18o","Western Australia Museum, Perth, Australia","Charadrius bicinctus","Western Australia, Australia","Point Malcom (-33.7833, 123.7500)","Point Malcom (-33.7833, 123.7500), Western Australia, Australia","27/11/2001",11,2001,"Australia",1,123.7442022,-33.7394625,14.9733815219164,,1,"museum_measurement_0175","data/Master_TCEA_O_SI_Breast Feathers_Replication_Batch 4_LEH_Sept25_SB.xls","36","museum_batch_o",,"museum_meta_064","museum_coord_38","historical_checkpoint:data/CNOH_museum_samples_201125.rds"
"A28886","Breast","homogenate","normalised_d2h","Western Australia Museum, Perth, Australia","Charadrius bicinctus","Western Australia, Australia","Point Malcom (-33.7833, 123.7500)","Point Malcom (-33.7833, 123.7500), Western Australia, Australia","27/11/2001",11,2001,"Australia",1,123.7442022,-33.7394625,7.71006118315403,,1,"museum_measurement_0220","data/Master_TCEA_H_SI_BATCH 4 BREAST Feathers_LE_Nov25_v1.xls","38","museum_batch_h",,"museum_meta_064","museum_coord_38","historical_checkpoint:data/CNOH_museum_samples_201125.rds"
"A28886","Primary","Barb","normalised_d13c","Western Australia Museum, Perth, Australia","Charadrius bicinctus","Western Australia, Australia","Point Malcom (-33.7833, 123.7500)","Point Malcom (-33.7833, 123.7500), Western Australia, Australia","27/11/2001",11,2001,"Australia",1,123.7442022,-33.7394625,-21.8461424558854,,1,"museum_measurement_0157","data/Master_EA_C_N_SI_Batch 3 vane_barb and Batch 4 Breast Feathers_LEH_Sept25_v1_SB.xls","61","museum_batch_cn",,"museum_meta_065","museum_coord_39","historical_checkpoint:data/CNOH_museum_samples_201125.rds"
"A28886","Primary","Barb","normalised_d15n","Western Australia Museum, Perth, Australia","Charadrius bicinctus","Western Australia, Australia","Point Malcom (-33.7833, 123.7500)","Point Malcom (-33.7833, 123.7500), Western Australia, Australia","27/11/2001",11,2001,"Australia",1,123.7442022,-33.7394625,5.25408662214848,,1,"museum_measurement_0156","data/Master_EA_C_N_SI_Batch 3 vane_barb and Batch 4 Breast Feathers_LEH_Sept25_v1_SB.xls","61","museum_batch_cn",,"museum_meta_065","museum_coord_39","historical_checkpoint:data/CNOH_museum_samples_201125.rds"
"A28886","Primary","Rachis","normalised_d13c","Western Australia Museum, Perth, Australia","Charadrius bicinctus","Western Australia, Australia","Point Malcom (-33.7833, 123.7500)","Point Malcom (-33.7833, 123.7500), Western Australia, Australia","27/11/2001",11,2001,"Australia",1,123.7442022,-33.7394625,-21.8756148019512,,1,"museum_measurement_0155","data/Master_EA_C_N_SI_Batch 3 vane_barb and Batch 4 Breast Feathers_LEH_Sept25_v1_SB.xls","60","museum_batch_cn",,"museum_meta_065","museum_coord_39","historical_checkpoint:data/CNOH_museum_samples_201125.rds"
"A28886","Primary","Rachis","normalised_d15n","Western Australia Museum, Perth, Australia","Charadrius bicinctus","Western Australia, Australia","Point Malcom (-33.7833, 123.7500)","Point Malcom (-33.7833, 123.7500), Western Australia, Australia","27/11/2001",11,2001,"Australia",1,123.7442022,-33.7394625,5.05744392686524,,1,"museum_measurement_0154","data/Master_EA_C_N_SI_Batch 3 vane_barb and Batch 4 Breast Feathers_LEH_Sept25_v1_SB.xls","60","museum_batch_cn",,"museum_meta_065","museum_coord_39","historical_checkpoint:data/CNOH_museum_samples_201125.rds"
"A28886","Primary","homogenate","normalised_d13c","Western Australia Museum, Perth, Australia","Charadrius bicinctus","Western Australia, Australia","Point Malcom (-33.7833, 123.7500)","Point Malcom (-33.7833, 123.7500), Western Australia, Australia","27/11/2001",11,2001,"Australia",1,123.7442022,-33.7394625,-22.8016938571176,,1,"museum_measurement_0153","data/Master_EA_C_N_SI_Batch 3 vane_barb and Batch 4 Breast Feathers_LEH_Sept25_v1_SB.xls","59","museum_batch_cn",,"museum_meta_065","museum_coord_39","historical_checkpoint:data/CNOH_museum_samples_201125.rds"
"A28886","Primary","homogenate","normalised_d15n","Western Australia Museum, Perth, Australia","Charadrius bicinctus","Western Australia, Australia","Point Malcom (-33.7833, 123.7500)","Point Malcom (-33.7833, 123.7500), Western Australia, Australia","27/11/2001",11,2001,"Australia",1,123.7442022,-33.7394625,5.1683670268687,,1,"museum_measurement_0152","data/Master_EA_C_N_SI_Batch 3 vane_barb and Batch 4 Breast Feathers_LEH_Sept25_v1_SB.xls","59","museum_batch_cn",,"museum_meta_065","museum_coord_39","historical_checkpoint:data/CNOH_museum_samples_201125.rds"
"A9452","Breast","homogenate","normalised_d13c","Western Australia Museum, Perth, Australia","Charadrius bicinctus","Western Australia, Australia","Leeman Salt Lake (-29.9500, 114.9667)","Leeman Salt Lake (-29.9500, 114.9667), Western Australia, Australia","23567",7,1964,"Australia",1,115.0067215,-29.9367636,-21.7820713822958,,1,"museum_measurement_0151","data/Master_EA_C_N_SI_Batch 3 vane_barb and Batch 4 Breast Feathers_LEH_Sept25_v1_SB.xls","58","museum_batch_cn",,"museum_meta_066","museum_coord_40","historical_checkpoint:data/CNOH_museum_samples_201125.rds"
"A9452","Breast","homogenate","normalised_d15n","Western Australia Museum, Perth, Australia","Charadrius bicinctus","Western Australia, Australia","Leeman Salt Lake (-29.9500, 114.9667)","Leeman Salt Lake (-29.9500, 114.9667), Western Australia, Australia","23567",7,1964,"Australia",1,115.0067215,-29.9367636,7.06118688888492,,1,"museum_measurement_0150","data/Master_EA_C_N_SI_Batch 3 vane_barb and Batch 4 Breast Feathers_LEH_Sept25_v1_SB.xls","58","museum_batch_cn",,"museum_meta_066","museum_coord_40","historical_checkpoint:data/CNOH_museum_samples_201125.rds"
"A9452","Breast","homogenate","normalised_d18o","Western Australia Museum, Perth, Australia","Charadrius bicinctus","Western Australia, Australia","Leeman Salt Lake (-29.9500, 114.9667)","Leeman Salt Lake (-29.9500, 114.9667), Western Australia, Australia","23567",7,1964,"Australia",1,115.0067215,-29.9367636,11.0332210111193,,1,"museum_measurement_0176","data/Master_TCEA_O_SI_Breast Feathers_Replication_Batch 4_LEH_Sept25_SB.xls","37","museum_batch_o",,"museum_meta_066","museum_coord_40","historical_checkpoint:data/CNOH_museum_samples_201125.rds"
"A9452","Breast","homogenate","normalised_d2h","Western Australia Museum, Perth, Australia","Charadrius bicinctus","Western Australia, Australia","Leeman Salt Lake (-29.9500, 114.9667)","Leeman Salt Lake (-29.9500, 114.9667), Western Australia, Australia","23567",7,1964,"Australia",1,115.0067215,-29.9367636,-58.702910680479,,1,"museum_measurement_0221","data/Master_TCEA_H_SI_BATCH 4 BREAST Feathers_LE_Nov25_v1.xls","39","museum_batch_h",,"museum_meta_066","museum_coord_40","historical_checkpoint:data/CNOH_museum_samples_201125.rds"
"A9452","Primary","Barb","normalised_d13c","Western Australia Museum, Perth, Australia","Charadrius bicinctus","Western Australia, Australia","Leeman Salt Lake (-29.9500, 114.9667)","Leeman Salt Lake (-29.9500, 114.9667), Western Australia, Australia","23567",7,1964,"Australia",1,115.0067215,-29.9367636,-22.1855825795401,,1,"museum_measurement_0163","data/Master_EA_C_N_SI_Batch 3 vane_barb and Batch 4 Breast Feathers_LEH_Sept25_v1_SB.xls","64","museum_batch_cn",,"museum_meta_067","museum_coord_41","historical_checkpoint:data/CNOH_museum_samples_201125.rds"
"A9452","Primary","Barb","normalised_d15n","Western Australia Museum, Perth, Australia","Charadrius bicinctus","Western Australia, Australia","Leeman Salt Lake (-29.9500, 114.9667)","Leeman Salt Lake (-29.9500, 114.9667), Western Australia, Australia","23567",7,1964,"Australia",1,115.0067215,-29.9367636,7.62089432053187,,1,"museum_measurement_0162","data/Master_EA_C_N_SI_Batch 3 vane_barb and Batch 4 Breast Feathers_LEH_Sept25_v1_SB.xls","64","museum_batch_cn",,"museum_meta_067","museum_coord_41","historical_checkpoint:data/CNOH_museum_samples_201125.rds"
"A9452","Primary","Rachis","normalised_d13c","Western Australia Museum, Perth, Australia","Charadrius bicinctus","Western Australia, Australia","Leeman Salt Lake (-29.9500, 114.9667)","Leeman Salt Lake (-29.9500, 114.9667), Western Australia, Australia","23567",7,1964,"Australia",1,115.0067215,-29.9367636,-22.2780647689191,,1,"museum_measurement_0161","data/Master_EA_C_N_SI_Batch 3 vane_barb and Batch 4 Breast Feathers_LEH_Sept25_v1_SB.xls","63","museum_batch_cn",,"museum_meta_067","museum_coord_41","historical_checkpoint:data/CNOH_museum_samples_201125.rds"
"A9452","Primary","Rachis","normalised_d15n","Western Australia Museum, Perth, Australia","Charadrius bicinctus","Western Australia, Australia","Leeman Salt Lake (-29.9500, 114.9667)","Leeman Salt Lake (-29.9500, 114.9667), Western Australia, Australia","23567",7,1964,"Australia",1,115.0067215,-29.9367636,7.26004483846571,,1,"museum_measurement_0160","data/Master_EA_C_N_SI_Batch 3 vane_barb and Batch 4 Breast Feathers_LEH_Sept25_v1_SB.xls","63","museum_batch_cn",,"museum_meta_067","museum_coord_41","historical_checkpoint:data/CNOH_museum_samples_201125.rds"
"A9452","Primary","homogenate","normalised_d13c","Western Australia Museum, Perth, Australia","Charadrius bicinctus","Western Australia, Australia","Leeman Salt Lake (-29.9500, 114.9667)","Leeman Salt Lake (-29.9500, 114.9667), Western Australia, Australia","23567",7,1964,"Australia",1,115.0067215,-29.9367636,-22.5319418104718,,1,"museum_measurement_0159","data/Master_EA_C_N_SI_Batch 3 vane_barb and Batch 4 Breast Feathers_LEH_Sept25_v1_SB.xls","62","museum_batch_cn",,"museum_meta_067","museum_coord_41","historical_checkpoint:data/CNOH_museum_samples_201125.rds"
"A9452","Primary","homogenate","normalised_d15n","Western Australia Museum, Perth, Australia","Charadrius bicinctus","Western Australia, Australia","Leeman Salt Lake (-29.9500, 114.9667)","Leeman Salt Lake (-29.9500, 114.9667), Western Australia, Australia","23567",7,1964,"Australia",1,115.0067215,-29.9367636,7.16612146412869,,1,"museum_measurement_0158","data/Master_EA_C_N_SI_Batch 3 vane_barb and Batch 4 Breast Feathers_LEH_Sept25_v1_SB.xls","62","museum_batch_cn",,"museum_meta_067","museum_coord_41","historical_checkpoint:data/CNOH_museum_samples_201125.rds"
"AV1740","Breast","homogenate","normalised_d13c","Canterbury Museum, Christchruch, New Zealand","Charadrius bicinctus","Chatham Island, New Zealand","Waitangi West","Waitangi West, Chatham Island, New Zealand","8753",12,1923,"New Zealand",0,183.1842421,-43.7908469,-18.2448762086287,0.187410359833112,3,"museum_measurement_0014|museum_measurement_0016|museum_measurement_0018","data/old file versions/Master_SI_Feathers_LEH_Sept24_v1_SB_v3_sample wts added.xls","18|19|20","museum_triplicate_cn","C|D|E","museum_meta_020","museum_coord_42","historical_checkpoint:data/CNOH_museum_samples_201125.rds"
"AV1740","Breast","homogenate","normalised_d15n","Canterbury Museum, Christchruch, New Zealand","Charadrius bicinctus","Chatham Island, New Zealand","Waitangi West","Waitangi West, Chatham Island, New Zealand","8753",12,1923,"New Zealand",0,183.1842421,-43.7908469,10.8953872915584,0.244843033102735,3,"museum_measurement_0013|museum_measurement_0015|museum_measurement_0017","data/old file versions/Master_SI_Feathers_LEH_Sept24_v1_SB_v3_sample wts added.xls","18|19|20","museum_triplicate_cn","C|D|E","museum_meta_020","museum_coord_42","historical_checkpoint:data/CNOH_museum_samples_201125.rds"
"AV1747","Breast","homogenate","normalised_d13c","Canterbury Museum, Christchruch, New Zealand","Charadrius bicinctus","North Island, New Zealand","Paraparaumu, Wellington","Paraparaumu, Wellington, North Island, New Zealand","10458",8,1928,"New Zealand",0,174.7787463,-41.2923814,-14.8877483272778,0.672885581401567,3,"museum_measurement_0020|museum_measurement_0022|museum_measurement_0024","data/old file versions/Master_SI_Feathers_LEH_Sept24_v1_SB_v3_sample wts added.xls","21|22|23","museum_triplicate_cn","A|C|F","museum_meta_024","museum_coord_43","historical_checkpoint:data/CNOH_museum_samples_201125.rds"
"AV1747","Breast","homogenate","normalised_d15n","Canterbury Museum, Christchruch, New Zealand","Charadrius bicinctus","North Island, New Zealand","Paraparaumu, Wellington","Paraparaumu, Wellington, North Island, New Zealand","10458",8,1928,"New Zealand",0,174.7787463,-41.2923814,14.2742844003679,0.498111719108879,3,"museum_measurement_0019|museum_measurement_0021|museum_measurement_0023","data/old file versions/Master_SI_Feathers_LEH_Sept24_v1_SB_v3_sample wts added.xls","21|22|23","museum_triplicate_cn","A|C|F","museum_meta_024","museum_coord_43","historical_checkpoint:data/CNOH_museum_samples_201125.rds"
"AV1755","Breast","homogenate","normalised_d13c","Canterbury Museum, Christchruch, New Zealand","Charadrius bicinctus","Chatham Island, New Zealand","Waitangi West","Waitangi West, Chatham Island, New Zealand","8753",12,1923,"New Zealand",0,183.1842421,-43.7908469,-22.8306436754224,0.0285080538078554,3,"museum_measurement_0032|museum_measurement_0034|museum_measurement_0036","data/old file versions/Master_SI_Feathers_LEH_Sept24_v1_SB_v3_sample wts added.xls","27|28|29","museum_triplicate_cn","B|E|G","museum_meta_032","museum_coord_44","historical_checkpoint:data/CNOH_museum_samples_201125.rds"
"AV1755","Breast","homogenate","normalised_d15n","Canterbury Museum, Christchruch, New Zealand","Charadrius bicinctus","Chatham Island, New Zealand","Waitangi West","Waitangi West, Chatham Island, New Zealand","8753",12,1923,"New Zealand",0,183.1842421,-43.7908469,9.34185228136122,0.117435133626882,3,"museum_measurement_0031|museum_measurement_0033|museum_measurement_0035","data/old file versions/Master_SI_Feathers_LEH_Sept24_v1_SB_v3_sample wts added.xls","27|28|29","museum_triplicate_cn","B|E|G","museum_meta_032","museum_coord_44","historical_checkpoint:data/CNOH_museum_samples_201125.rds"
"AV21986","Breast","homogenate","normalised_d13c","Canterbury Museum, Christchruch, New Zealand","Charadrius bicinctus","Auckland Islands, New Zealand","Enderby Island","Enderby Island, Auckland Islands, New Zealand","16103",2,1944,"New Zealand",0,166.2922512,-50.4966988,-15.0017563086942,0.0857983426453671,3,"museum_measurement_0026|museum_measurement_0028|museum_measurement_0030","data/old file versions/Master_SI_Feathers_LEH_Sept24_v1_SB_v3_sample wts added.xls","24|25|26","museum_triplicate_cn","A|B|C","museum_meta_026","museum_coord_45","historical_checkpoint:data/CNOH_museum_samples_201125.rds"
"AV21986","Breast","homogenate","normalised_d15n","Canterbury Museum, Christchruch, New Zealand","Charadrius bicinctus","Auckland Islands, New Zealand","Enderby Island","Enderby Island, Auckland Islands, New Zealand","16103",2,1944,"New Zealand",0,166.2922512,-50.4966988,15.9268468828728,0.305233660332011,3,"museum_measurement_0025|museum_measurement_0027|museum_measurement_0029","data/old file versions/Master_SI_Feathers_LEH_Sept24_v1_SB_v3_sample wts added.xls","24|25|26","museum_triplicate_cn","A|B|C","museum_meta_026","museum_coord_45","historical_checkpoint:data/CNOH_museum_samples_201125.rds"
"AV21986","Breast","homogenate","normalised_d18o","Canterbury Museum, Christchruch, New Zealand","Charadrius bicinctus","Auckland Islands, New Zealand","Enderby Island","Enderby Island, Auckland Islands, New Zealand","16103",2,1944,"New Zealand",0,166.2922512,-50.4966988,15.9975120387698,0.0644286942307711,2,"museum_measurement_0068|museum_measurement_0069","data/Master_TCEA_O_SI_Breast Feathers_Replication_Batch 4_LEH_Sept25_SB.xls","10|11","museum_triplicate_o","C|E","museum_meta_026","museum_coord_45","historical_checkpoint:data/CNOH_museum_samples_201125.rds"
"AV21986","Breast","homogenate","normalised_d2h","Canterbury Museum, Christchruch, New Zealand","Charadrius bicinctus","Auckland Islands, New Zealand","Enderby Island","Enderby Island, Auckland Islands, New Zealand","16103",2,1944,"New Zealand",0,166.2922512,-50.4966988,0.38543116377598,3.57477103438458,3,"museum_measurement_0055|museum_measurement_0056|museum_measurement_0057","data/Master_TCEA_H_SI_Batch 1_triplicate breast feathers_LEH_Nov25_SB.xls","11|12|13","museum_triplicate_h","B|D|E","museum_meta_026","museum_coord_45","historical_checkpoint:data/CNOH_museum_samples_201125.rds"
"AV21987","Breast","homogenate","normalised_d13c","Canterbury Museum, Christchruch, New Zealand","Charadrius bicinctus","Auckland Islands, New Zealand","Enderby Island","Enderby Island, Auckland Islands, New Zealand","16103",2,1944,"New Zealand",0,166.2922512,-50.4966988,-15.951483511029,1.96408549453704,3,"museum_measurement_0038|museum_measurement_0040|museum_measurement_0042","data/old file versions/Master_SI_Feathers_LEH_Sept24_v1_SB_v3_sample wts added.xls","30|31|32","museum_triplicate_cn","A|E|H","museum_meta_034","museum_coord_46","historical_checkpoint:data/CNOH_museum_samples_201125.rds"
"AV21987","Breast","homogenate","normalised_d15n","Canterbury Museum, Christchruch, New Zealand","Charadrius bicinctus","Auckland Islands, New Zealand","Enderby Island","Enderby Island, Auckland Islands, New Zealand","16103",2,1944,"New Zealand",0,166.2922512,-50.4966988,15.7856164274003,0.30261488570847,3,"museum_measurement_0037|museum_measurement_0039|museum_measurement_0041","data/old file versions/Master_SI_Feathers_LEH_Sept24_v1_SB_v3_sample wts added.xls","30|31|32","museum_triplicate_cn","A|E|H","museum_meta_034","museum_coord_46","historical_checkpoint:data/CNOH_museum_samples_201125.rds"
"AV21987","Breast","homogenate","normalised_d18o","Canterbury Museum, Christchruch, New Zealand","Charadrius bicinctus","Auckland Islands, New Zealand","Enderby Island","Enderby Island, Auckland Islands, New Zealand","16103",2,1944,"New Zealand",0,166.2922512,-50.4966988,14.8517741778632,0.813240387494309,3,"museum_measurement_0070|museum_measurement_0071|museum_measurement_0072","data/Master_TCEA_O_SI_Breast Feathers_Replication_Batch 4_LEH_Sept25_SB.xls","12|13|14","museum_triplicate_o","B|D|G","museum_meta_034","museum_coord_46","historical_checkpoint:data/CNOH_museum_samples_201125.rds"
"AV21987","Breast","homogenate","normalised_d2h","Canterbury Museum, Christchruch, New Zealand","Charadrius bicinctus","Auckland Islands, New Zealand","Enderby Island","Enderby Island, Auckland Islands, New Zealand","16103",2,1944,"New Zealand",0,166.2922512,-50.4966988,-8.09529883011465,0.230083502978541,2,"museum_measurement_0058|museum_measurement_0059","data/Master_TCEA_H_SI_Batch 1_triplicate breast feathers_LEH_Nov25_SB.xls","14|15","museum_triplicate_h","F|H","museum_meta_034","museum_coord_46","historical_checkpoint:data/CNOH_museum_samples_201125.rds"
"AV2421","Breast","homogenate","normalised_d13c","Canterbury Museum, Christchruch, New Zealand","Charadrius bicinctus","South Island, New Zealand","Lake Ellesmere, Canterbury","Lake Ellesmere, Canterbury, South Island, New Zealand","3866",8,1910,"New Zealand",0,172.4969331,-43.7927896,-19.8406486389898,1.50191291714519,3,"museum_measurement_0050|museum_measurement_0052|museum_measurement_0054","data/old file versions/Master_SI_Feathers_LEH_Sept24_v1_SB_v3_sample wts added.xls","36|37|38","museum_triplicate_cn","B|C|D","museum_meta_038","museum_coord_47","historical_checkpoint:data/CNOH_museum_samples_201125.rds"
"AV2421","Breast","homogenate","normalised_d15n","Canterbury Museum, Christchruch, New Zealand","Charadrius bicinctus","South Island, New Zealand","Lake Ellesmere, Canterbury","Lake Ellesmere, Canterbury, South Island, New Zealand","3866",8,1910,"New Zealand",0,172.4969331,-43.7927896,10.918316471388,0.552399418129436,3,"museum_measurement_0049|museum_measurement_0051|museum_measurement_0053","data/old file versions/Master_SI_Feathers_LEH_Sept24_v1_SB_v3_sample wts added.xls","36|37|38","museum_triplicate_cn","B|C|D","museum_meta_038","museum_coord_47","historical_checkpoint:data/CNOH_museum_samples_201125.rds"
"AV2421","Breast","homogenate","normalised_d18o","Canterbury Museum, Christchruch, New Zealand","Charadrius bicinctus","South Island, New Zealand","Lake Ellesmere, Canterbury","Lake Ellesmere, Canterbury, South Island, New Zealand","3866",8,1910,"New Zealand",0,172.4969331,-43.7927896,14.5460489952358,0.96089999041259,3,"museum_measurement_0073|museum_measurement_0074|museum_measurement_0075","data/Master_TCEA_O_SI_Breast Feathers_Replication_Batch 4_LEH_Sept25_SB.xls","15|16|17","museum_triplicate_o","B|C|D","museum_meta_038","museum_coord_47","historical_checkpoint:data/CNOH_museum_samples_201125.rds"
"AV2421","Breast","homogenate","normalised_d2h","Canterbury Museum, Christchruch, New Zealand","Charadrius bicinctus","South Island, New Zealand","Lake Ellesmere, Canterbury","Lake Ellesmere, Canterbury, South Island, New Zealand","3866",8,1910,"New Zealand",0,172.4969331,-43.7927896,-19.6711463682269,2.65365859829068,3,"museum_measurement_0060|museum_measurement_0061|museum_measurement_0062","data/Master_TCEA_H_SI_Batch 1_triplicate breast feathers_LEH_Nov25_SB.xls","16|17|18","museum_triplicate_h","A|B|E","museum_meta_038","museum_coord_47","historical_checkpoint:data/CNOH_museum_samples_201125.rds"
"AV3132-OMNZ","Breast","Barb","normalised_d13c","Otago Museum, Dunedin, New Zealand","Charadrius bicinctus","South Island, New Zealand","Otago Peninsula","Otago Peninsula, South Island, New Zealand","19535",6,1953,"New Zealand",0,170.6860214,-45.8188569,-12.4658061045878,,1,"museum_measurement_0117","data/Master_EA_C_N_SI_Batch 3 vane_barb and Batch 4 Breast Feathers_LEH_Sept25_v1_SB.xls","32","museum_batch_cn",,"museum_meta_008","museum_coord_48","historical_checkpoint:data/CNOH_museum_samples_201125.rds"
"AV3132-OMNZ","Breast","Barb","normalised_d15n","Otago Museum, Dunedin, New Zealand","Charadrius bicinctus","South Island, New Zealand","Otago Peninsula","Otago Peninsula, South Island, New Zealand","19535",6,1953,"New Zealand",0,170.6860214,-45.8188569,12.1953607566875,,1,"museum_measurement_0116","data/Master_EA_C_N_SI_Batch 3 vane_barb and Batch 4 Breast Feathers_LEH_Sept25_v1_SB.xls","32","museum_batch_cn",,"museum_meta_008","museum_coord_48","historical_checkpoint:data/CNOH_museum_samples_201125.rds"
"AV3132-OMNZ","Breast","Rachis","normalised_d13c","Otago Museum, Dunedin, New Zealand","Charadrius bicinctus","South Island, New Zealand","Otago Peninsula","Otago Peninsula, South Island, New Zealand","19535",6,1953,"New Zealand",0,170.6860214,-45.8188569,-12.3621447494597,,1,"museum_measurement_0115","data/Master_EA_C_N_SI_Batch 3 vane_barb and Batch 4 Breast Feathers_LEH_Sept25_v1_SB.xls","31","museum_batch_cn",,"museum_meta_008","museum_coord_48","historical_checkpoint:data/CNOH_museum_samples_201125.rds"
"AV3132-OMNZ","Breast","Rachis","normalised_d15n","Otago Museum, Dunedin, New Zealand","Charadrius bicinctus","South Island, New Zealand","Otago Peninsula","Otago Peninsula, South Island, New Zealand","19535",6,1953,"New Zealand",0,170.6860214,-45.8188569,11.9509547104556,,1,"museum_measurement_0114","data/Master_EA_C_N_SI_Batch 3 vane_barb and Batch 4 Breast Feathers_LEH_Sept25_v1_SB.xls","31","museum_batch_cn",,"museum_meta_008","museum_coord_48","historical_checkpoint:data/CNOH_museum_samples_201125.rds"
"AV3132-OMNZ","Breast","homogenate","normalised_d13c","Otago Museum, Dunedin, New Zealand","Charadrius bicinctus","South Island, New Zealand","Otago Peninsula","Otago Peninsula, South Island, New Zealand","19535",6,1953,"New Zealand",0,170.6860214,-45.8188569,-13.3432610872254,,1,"museum_measurement_0113","data/Master_EA_C_N_SI_Batch 3 vane_barb and Batch 4 Breast Feathers_LEH_Sept25_v1_SB.xls","30","museum_batch_cn",,"museum_meta_008","museum_coord_48","historical_checkpoint:data/CNOH_museum_samples_201125.rds"
"AV3132-OMNZ","Breast","homogenate","normalised_d15n","Otago Museum, Dunedin, New Zealand","Charadrius bicinctus","South Island, New Zealand","Otago Peninsula","Otago Peninsula, South Island, New Zealand","19535",6,1953,"New Zealand",0,170.6860214,-45.8188569,10.3661263206102,,1,"museum_measurement_0112","data/Master_EA_C_N_SI_Batch 3 vane_barb and Batch 4 Breast Feathers_LEH_Sept25_v1_SB.xls","30","museum_batch_cn",,"museum_meta_008","museum_coord_48","historical_checkpoint:data/CNOH_museum_samples_201125.rds"
"AV3132-OMNZ","Breast","homogenate","normalised_d18o","Otago Museum, Dunedin, New Zealand","Charadrius bicinctus","South Island, New Zealand","Otago Peninsula","Otago Peninsula, South Island, New Zealand","19535",6,1953,"New Zealand",0,170.6860214,-45.8188569,17.4164477296952,,1,"museum_measurement_0177","data/Master_TCEA_O_SI_Breast Feathers_Replication_Batch 4_LEH_Sept25_SB.xls","38","museum_batch_o",,"museum_meta_008","museum_coord_48","historical_checkpoint:data/CNOH_museum_samples_201125.rds"
"AV3132-OMNZ","Breast","homogenate","normalised_d2h","Otago Museum, Dunedin, New Zealand","Charadrius bicinctus","South Island, New Zealand","Otago Peninsula","Otago Peninsula, South Island, New Zealand","19535",6,1953,"New Zealand",0,170.6860214,-45.8188569,-42.1045274571183,,1,"museum_measurement_0209","data/Master_TCEA_H_SI_BATCH 4 BREAST Feathers_LE_Nov25_v1.xls","27","museum_batch_h",,"museum_meta_008","museum_coord_48","historical_checkpoint:data/CNOH_museum_samples_201125.rds"
"AV314-OMNZ","Breast","homogenate","normalised_d13c","Otago Museum, Dunedin, New Zealand","Charadrius bicinctus","Stewart Island, New Zealand",,"Stewart Island, New Zealand","pre-1944",,1944,"New Zealand",0,167.8272285,-47.0103212,-11.6154478130522,0.457803421817632,3,"museum_measurement_0002|museum_measurement_0004|museum_measurement_0006","data/old file versions/Master_SI_Feathers_LEH_Sept24_v1_SB_v3_sample wts added.xls","12|13|14","museum_triplicate_cn","B|D|E","museum_meta_014","museum_coord_49","historical_checkpoint:data/CNOH_museum_samples_201125.rds"
"AV314-OMNZ","Breast","homogenate","normalised_d15n","Otago Museum, Dunedin, New Zealand","Charadrius bicinctus","Stewart Island, New Zealand",,"Stewart Island, New Zealand","pre-1944",,1944,"New Zealand",0,167.8272285,-47.0103212,10.4065637621466,0.202162015602544,3,"museum_measurement_0001|museum_measurement_0003|museum_measurement_0005","data/old file versions/Master_SI_Feathers_LEH_Sept24_v1_SB_v3_sample wts added.xls","12|13|14","museum_triplicate_cn","B|D|E","museum_meta_014","museum_coord_49","historical_checkpoint:data/CNOH_museum_samples_201125.rds"
"AV705","Breast","homogenate","normalised_d13c","Canterbury Museum, Christchruch, New Zealand","Charadrius bicinctus","South Island, New Zealand","Lake Ellesmere, Canterbury","Lake Ellesmere, Canterbury, South Island, New Zealand","1914",3,1914,"New Zealand",0,172.4969331,-43.7927896,-22.1873129231441,0.449377442870484,3,"museum_measurement_0044|museum_measurement_0046|museum_measurement_0048","data/old file versions/Master_SI_Feathers_LEH_Sept24_v1_SB_v3_sample wts added.xls","33|34|35","museum_triplicate_cn","A|B|E","museum_meta_036","museum_coord_50","historical_checkpoint:data/CNOH_museum_samples_201125.rds"
"AV705","Breast","homogenate","normalised_d15n","Canterbury Museum, Christchruch, New Zealand","Charadrius bicinctus","South Island, New Zealand","Lake Ellesmere, Canterbury","Lake Ellesmere, Canterbury, South Island, New Zealand","1914",3,1914,"New Zealand",0,172.4969331,-43.7927896,11.4430291518375,0.902156831220647,3,"museum_measurement_0043|museum_measurement_0045|museum_measurement_0047","data/old file versions/Master_SI_Feathers_LEH_Sept24_v1_SB_v3_sample wts added.xls","33|34|35","museum_triplicate_cn","A|B|E","museum_meta_036","museum_coord_50","historical_checkpoint:data/CNOH_museum_samples_201125.rds"
"AV705","Breast","homogenate","normalised_d18o","Canterbury Museum, Christchruch, New Zealand","Charadrius bicinctus","South Island, New Zealand","Lake Ellesmere, Canterbury","Lake Ellesmere, Canterbury, South Island, New Zealand","1914",3,1914,"New Zealand",0,172.4969331,-43.7927896,13.1915019702169,0.438639795200298,3,"museum_measurement_0076|museum_measurement_0077|museum_measurement_0078","data/Master_TCEA_O_SI_Breast Feathers_Replication_Batch 4_LEH_Sept25_SB.xls","18|19|20","museum_triplicate_o","A|C|D","museum_meta_036","museum_coord_50","historical_checkpoint:data/CNOH_museum_samples_201125.rds"
"AV705","Breast","homogenate","normalised_d2h","Canterbury Museum, Christchruch, New Zealand","Charadrius bicinctus","South Island, New Zealand","Lake Ellesmere, Canterbury","Lake Ellesmere, Canterbury, South Island, New Zealand","1914",3,1914,"New Zealand",0,172.4969331,-43.7927896,0.926570653049491,5.3372301629255,2,"museum_measurement_0063|museum_measurement_0064","data/Master_TCEA_H_SI_Batch 1_triplicate breast feathers_LEH_Nov25_SB.xls","19|20","museum_triplicate_h","A|C","museum_meta_036","museum_coord_50","historical_checkpoint:data/CNOH_museum_samples_201125.rds"
"AV706","Breast","homogenate","normalised_d13c","Canterbury Museum, Christchruch, New Zealand","Charadrius bicinctus","North Island, New Zealand","Porirua","Porirua, North Island, New Zealand","3136",8,1908,"New Zealand",0,174.8472141,-41.1380517,-16.8316522723212,1.4523548362118,3,"museum_measurement_0008|museum_measurement_0010|museum_measurement_0012","data/old file versions/Master_SI_Feathers_LEH_Sept24_v1_SB_v3_sample wts added.xls","15|16|17","museum_triplicate_cn","A|G|I","museum_meta_018","museum_coord_51","historical_checkpoint:data/CNOH_museum_samples_201125.rds"
"AV706","Breast","homogenate","normalised_d15n","Canterbury Museum, Christchruch, New Zealand","Charadrius bicinctus","North Island, New Zealand","Porirua","Porirua, North Island, New Zealand","3136",8,1908,"New Zealand",0,174.8472141,-41.1380517,9.00755148558404,0.588690280715734,3,"museum_measurement_0007|museum_measurement_0009|museum_measurement_0011","data/old file versions/Master_SI_Feathers_LEH_Sept24_v1_SB_v3_sample wts added.xls","15|16|17","museum_triplicate_cn","A|G|I","museum_meta_018","museum_coord_51","historical_checkpoint:data/CNOH_museum_samples_201125.rds"
"AV706","Breast","homogenate","normalised_d18o","Canterbury Museum, Christchruch, New Zealand","Charadrius bicinctus","North Island, New Zealand","Porirua","Porirua, North Island, New Zealand","3136",8,1908,"New Zealand",0,174.8472141,-41.1380517,14.5182345579094,0.361608105263962,3,"museum_measurement_0079|museum_measurement_0080|museum_measurement_0081","data/Master_TCEA_O_SI_Breast Feathers_Replication_Batch 4_LEH_Sept25_SB.xls","21|22|23","museum_triplicate_o","C|F|H","museum_meta_018","museum_coord_51","historical_checkpoint:data/CNOH_museum_samples_201125.rds"
"AV706","Breast","homogenate","normalised_d2h","Canterbury Museum, Christchruch, New Zealand","Charadrius bicinctus","North Island, New Zealand","Porirua","Porirua, North Island, New Zealand","3136",8,1908,"New Zealand",0,174.8472141,-41.1380517,-71.5625626597919,4.65370188801109,3,"museum_measurement_0065|museum_measurement_0066|museum_measurement_0067","data/Master_TCEA_H_SI_Batch 1_triplicate breast feathers_LEH_Nov25_SB.xls","22|23|24","museum_triplicate_h","E|F|H","museum_meta_018","museum_coord_51","historical_checkpoint:data/CNOH_museum_samples_201125.rds"
"AV708","Breast","homogenate","normalised_d13c","Canterbury Museum, Christchruch, New Zealand","Charadrius bicinctus","North Island, New Zealand","Mud Flats Parkhurst, North Auckland","Mud Flats Parkhurst, North Auckland, North Island, New Zealand","9 May 1899",5,1899,"New Zealand",0,174.7644881,-36.8508827,-15.8626244183992,,1,"museum_measurement_0083","data/Master_EA_C_N_SI_Batch 3 vane_barb and Batch 4 Breast Feathers_LEH_Sept25_v1_SB.xls","11","museum_batch_cn",,"museum_meta_016","museum_coord_52","historical_checkpoint:data/CNOH_museum_samples_201125.rds"
"AV708","Breast","homogenate","normalised_d15n","Canterbury Museum, Christchruch, New Zealand","Charadrius bicinctus","North Island, New Zealand","Mud Flats Parkhurst, North Auckland","Mud Flats Parkhurst, North Auckland, North Island, New Zealand","9 May 1899",5,1899,"New Zealand",0,174.7644881,-36.8508827,12.0290894939972,,1,"museum_measurement_0082","data/Master_EA_C_N_SI_Batch 3 vane_barb and Batch 4 Breast Feathers_LEH_Sept25_v1_SB.xls","11","museum_batch_cn",,"museum_meta_016","museum_coord_52","historical_checkpoint:data/CNOH_museum_samples_201125.rds"
"AV708","Breast","homogenate","normalised_d18o","Canterbury Museum, Christchruch, New Zealand","Charadrius bicinctus","North Island, New Zealand","Mud Flats Parkhurst, North Auckland","Mud Flats Parkhurst, North Auckland, North Island, New Zealand","9 May 1899",5,1899,"New Zealand",0,174.7644881,-36.8508827,14.4222591236585,,1,"museum_measurement_0178","data/Master_TCEA_O_SI_Breast Feathers_Replication_Batch 4_LEH_Sept25_SB.xls","39","museum_batch_o",,"museum_meta_016","museum_coord_52","historical_checkpoint:data/CNOH_museum_samples_201125.rds"
"AV708","Breast","homogenate","normalised_d2h","Canterbury Museum, Christchruch, New Zealand","Charadrius bicinctus","North Island, New Zealand","Mud Flats Parkhurst, North Auckland","Mud Flats Parkhurst, North Auckland, North Island, New Zealand","9 May 1899",5,1899,"New Zealand",0,174.7644881,-36.8508827,-14.2597758600015,,1,"museum_measurement_0193","data/Master_TCEA_H_SI_BATCH 4 BREAST Feathers_LE_Nov25_v1.xls","11","museum_batch_h",,"museum_meta_016","museum_coord_52","historical_checkpoint:data/CNOH_museum_samples_201125.rds"
"MNHN-Z0-M0-2003-799","Breast","homogenate","normalised_d13c","Museum of Natural History, Paris, France","Charadrius bicinctus","South Island, New Zealand","Canterbury Plains","Canterbury Plains, South Island, New Zealand","July, 1874",7,1874,"New Zealand",0,172.1006571,-43.6357606,-17.632117321397,,1,"museum_measurement_0085","data/Master_EA_C_N_SI_Batch 3 vane_barb and Batch 4 Breast Feathers_LEH_Sept25_v1_SB.xls","12","museum_batch_cn",,"museum_meta_003","museum_coord_53","historical_checkpoint:data/CNOH_museum_samples_201125.rds"
"MNHN-Z0-M0-2003-799","Breast","homogenate","normalised_d15n","Museum of Natural History, Paris, France","Charadrius bicinctus","South Island, New Zealand","Canterbury Plains","Canterbury Plains, South Island, New Zealand","July, 1874",7,1874,"New Zealand",0,172.1006571,-43.6357606,10.9057898504353,,1,"museum_measurement_0084","data/Master_EA_C_N_SI_Batch 3 vane_barb and Batch 4 Breast Feathers_LEH_Sept25_v1_SB.xls","12","museum_batch_cn",,"museum_meta_003","museum_coord_53","historical_checkpoint:data/CNOH_museum_samples_201125.rds"
"MNHN-Z0-M0-2003-799","Breast","homogenate","normalised_d18o","Museum of Natural History, Paris, France","Charadrius bicinctus","South Island, New Zealand","Canterbury Plains","Canterbury Plains, South Island, New Zealand","July, 1874",7,1874,"New Zealand",0,172.1006571,-43.6357606,15.8068369446128,,1,"museum_measurement_0174","data/Master_TCEA_O_SI_Breast Feathers_Replication_Batch 4_LEH_Sept25_SB.xls","35","museum_batch_o",,"museum_meta_003","museum_coord_53","historical_checkpoint:data/CNOH_museum_samples_201125.rds"
"MNHN-Z0-M0-2003-799","Breast","homogenate","normalised_d2h","Museum of Natural History, Paris, France","Charadrius bicinctus","South Island, New Zealand","Canterbury Plains","Canterbury Plains, South Island, New Zealand","July, 1874",7,1874,"New Zealand",0,172.1006571,-43.6357606,-31.1773792101271,,1,"museum_measurement_0194","data/Master_TCEA_H_SI_BATCH 4 BREAST Feathers_LE_Nov25_v1.xls","12","museum_batch_h",,"museum_meta_003","museum_coord_53","historical_checkpoint:data/CNOH_museum_samples_201125.rds"
